SL %,Target %,Trades,Win Rate %,Avg Win %,Avg Loss %,Expectancy %,Profit Factor,Total PnL %,Max Drawdown %,Calmar (Tot/|DD|)
1.0,1.5,128,38.3,1.51,-2.02,-0.667,0.47,-83.4,-97.89,-0.85
1.0,2.0,128,32.0,2.0,-1.0,-0.039,0.95,-4.0,-31.0,-0.13
1.0,2.5,128,26.6,2.5,-1.0,-0.07,0.91,-8.0,-49.0,-0.16
1.0,3.0,128,25.0,3.0,-1.0,0.0,1.01,1.0,-46.0,0.02
1.0,3.5,128,25.0,3.5,-1.0,0.125,1.18,17.0,-43.0,0.4
1.0,4.0,128,24.2,4.0,-1.0,0.211,1.29,28.0,-40.0,0.7
1.0,4.5,128,22.7,4.4,-1.0,0.224,1.3,29.73,-37.0,0.8
1.0,5.0,128,21.9,4.88,-1.0,0.287,1.38,37.73,-35.0,1.08
1.0,5.5,128,20.3,5.24,-1.0,0.268,1.35,35.29,-34.0,1.04
1.0,6.0,128,18.8,5.68,-1.0,0.252,1.32,33.29,-40.0,0.83
1.0,6.5,128,18.0,6.12,-1.0,0.28,1.35,36.79,-40.0,0.92
1.0,7.0,128,16.4,6.29,-1.0,0.196,1.25,26.09,-40.0,0.65
1.0,7.5,128,16.4,6.72,-1.0,0.266,1.33,35.09,-40.0,0.88
1.0,8.0,128,15.6,7.1,-1.0,0.266,1.33,35.09,-40.0,0.88
1.0,8.5,128,13.3,7.36,-1.0,0.11,1.14,15.09,-44.7,0.34
1.0,9.0,128,13.3,7.77,-1.0,0.165,1.2,22.09,-43.0,0.51
1.0,9.5,128,12.5,8.1,-1.0,0.137,1.17,18.59,-41.5,0.45
1.0,10.0,128,11.7,8.41,-1.0,0.102,1.13,14.09,-51.0,0.28
1.0,10.5,128,8.6,8.19,-1.0,-0.21,0.78,-25.91,-63.0,-0.41
1.0,11.0,128,7.0,8.01,-1.0,-0.366,0.61,-45.91,-69.0,-0.67
1.0,11.5,128,7.0,8.34,-1.0,-0.343,0.64,-42.91,-68.0,-0.63
1.0,12.0,128,7.0,8.68,-1.0,-0.32,0.66,-39.91,-67.0,-0.6
1.5,2.0,128,43.8,2.0,-1.49,0.035,1.06,6.01,-28.0,0.21
1.5,2.5,128,35.9,2.5,-1.49,-0.058,0.95,-5.99,-56.5,-0.11
1.5,3.0,128,31.2,3.0,-1.49,-0.09,0.92,-9.99,-57.0,-0.18
1.5,3.5,128,31.2,3.5,-1.49,0.067,1.08,10.01,-53.0,0.19
1.5,4.0,128,30.5,4.0,-1.49,0.18,1.19,24.51,-52.0,0.47
1.5,4.5,128,28.1,4.42,-1.49,0.17,1.17,23.24,-51.0,0.46
1.5,5.0,128,26.6,4.9,-1.49,0.205,1.2,27.74,-53.0,0.52
1.5,5.5,128,24.2,5.28,-1.49,0.147,1.14,20.3,-53.0,0.38
1.5,6.0,128,21.9,5.72,-1.49,0.084,1.08,12.3,-64.5,0.19
1.5,6.5,128,21.1,6.18,-1.49,0.123,1.12,17.3,-62.5,0.28
1.5,7.0,128,19.5,6.4,-1.5,0.048,1.05,7.6,-67.0,0.11
1.5,7.5,128,19.5,6.84,-1.5,0.134,1.12,18.6,-64.5,0.29
1.5,8.0,128,18.0,7.22,-1.5,0.071,1.07,10.6,-71.5,0.15
1.5,8.5,128,14.8,7.48,-1.49,-0.156,0.88,-18.47,-88.27,-0.21
1.5,9.0,128,14.1,7.84,-1.49,-0.175,0.87,-20.97,-85.77,-0.24
1.5,9.5,128,14.1,8.26,-1.49,-0.117,0.92,-13.47,-83.27,-0.16
1.5,10.0,128,13.3,8.59,-1.49,-0.148,0.89,-17.47,-92.27,-0.19
1.5,10.5,128,10.2,8.55,-1.49,-0.468,0.66,-58.47,-105.27,-0.56
1.5,11.0,128,8.6,8.55,-1.49,-0.625,0.55,-78.47,-103.77,-0.76
1.5,11.5,128,8.6,8.92,-1.49,-0.593,0.57,-74.47,-102.27,-0.73
1.5,12.0,128,8.6,9.28,-1.49,-0.562,0.59,-70.47,-100.77,-0.7
2.0,2.5,128,40.6,2.45,-1.99,-0.183,0.86,-21.43,-70.5,-0.3
2.0,3.0,128,35.9,2.94,-1.99,-0.218,0.84,-25.93,-76.0,-0.34
2.0,3.5,128,35.2,3.42,-1.99,-0.085,0.95,-8.93,-70.0,-0.13
2.0,4.0,128,34.4,3.91,-1.99,0.04,1.04,7.07,-66.0,0.11
2.0,4.5,128,32.0,4.32,-1.99,0.034,1.04,6.3,-64.5,0.1
2.0,5.0,128,30.5,4.79,-1.99,0.077,1.07,11.8,-67.0,0.18
2.0,5.5,128,28.1,5.16,-1.99,0.022,1.03,4.86,-68.5,0.07
2.0,6.0,128,25.0,5.57,-1.99,-0.099,0.94,-10.64,-88.0,-0.12
2.0,6.5,128,24.2,6.01,-1.99,-0.052,0.98,-4.64,-85.0,-0.05
2.0,7.0,128,22.7,6.25,-1.99,-0.124,0.93,-13.84,-93.0,-0.15
2.0,7.5,128,22.7,6.68,-1.99,-0.026,0.99,-1.34,-89.5,-0.01
2.0,8.0,128,21.1,7.04,-1.99,-0.085,0.96,-8.84,-98.0,-0.09
2.0,8.5,128,18.0,7.29,-1.97,-0.303,0.82,-36.84,-120.7,-0.31
2.0,9.0,128,17.2,7.64,-1.97,-0.315,0.81,-38.34,-117.7,-0.33
2.0,9.5,128,17.2,8.05,-1.97,-0.245,0.86,-29.34,-114.7,-0.26
2.0,10.0,128,16.4,8.39,-1.97,-0.268,0.84,-32.34,-123.7,-0.26
2.0,10.5,128,13.3,8.39,-1.97,-0.592,0.66,-73.84,-137.7,-0.54
2.0,11.0,128,11.7,8.48,-1.97,-0.745,0.58,-93.34,-138.7,-0.67
2.0,11.5,128,11.7,8.84,-1.97,-0.702,0.6,-87.84,-135.2,-0.65
2.0,12.0,128,11.7,9.21,-1.97,-0.659,0.63,-82.34,-131.7,-0.63
2.5,3.0,128,43.0,2.95,-2.48,-0.148,0.91,-16.43,-83.0,-0.2
2.5,3.5,128,42.2,3.44,-2.48,0.016,1.03,4.57,-81.0,0.06
2.5,4.0,128,40.6,3.92,-2.48,0.122,1.1,18.07,-79.5,0.23
2.5,4.5,128,38.3,4.35,-2.48,0.135,1.1,19.8,-78.5,0.25
2.5,5.0,128,36.7,4.83,-2.48,0.202,1.14,28.3,-82.5,0.34
2.5,5.5,128,33.6,5.22,-2.48,0.105,1.08,15.86,-81.5,0.19
2.5,6.0,128,31.2,5.66,-2.48,0.062,1.05,10.36,-97.5,0.11
2.5,6.5,128,29.7,6.1,-2.48,0.065,1.05,10.86,-100.5,0.11
2.5,7.0,128,28.1,6.39,-2.48,0.013,1.02,4.16,-106.5,0.04
2.5,7.5,128,28.1,6.84,-2.48,0.138,1.09,20.16,-102.5,0.2
2.5,8.0,128,26.6,7.24,-2.48,0.099,1.07,15.16,-109.0,0.14
2.5,8.5,128,23.4,7.57,-2.45,-0.1,0.96,-10.34,-116.5,-0.09
2.5,9.0,128,21.1,7.89,-2.43,-0.249,0.88,-29.49,-130.85,-0.23
2.5,9.5,128,20.3,8.28,-2.43,-0.253,0.88,-29.99,-127.85,-0.23
2.5,10.0,128,19.5,8.65,-2.43,-0.265,0.87,-31.49,-137.35,-0.23
2.5,10.5,128,16.4,8.49,-2.43,-0.639,0.69,-79.3,-152.85,-0.52
2.5,11.0,128,14.8,8.62,-2.43,-0.791,0.62,-98.8,-152.35,-0.65
2.5,11.5,128,14.8,8.97,-2.43,-0.74,0.65,-92.3,-149.85,-0.62
2.5,12.0,128,14.8,9.31,-2.43,-0.689,0.67,-85.8,-147.35,-0.58
3.0,3.5,128,46.9,3.44,-2.97,0.036,1.04,7.57,-85.0,0.09
3.0,4.0,128,45.3,3.93,-2.97,0.157,1.11,23.07,-83.0,0.28
3.0,4.5,128,43.0,4.37,-2.97,0.182,1.12,26.3,-81.0,0.32
3.0,5.0,128,41.4,4.85,-2.97,0.264,1.17,36.8,-82.0,0.45
3.0,5.5,128,35.9,5.24,-2.98,-0.024,1.0,-0.14,-108.5,-0.0
3.0,6.0,128,33.6,5.68,-2.98,-0.067,0.98,-5.64,-120.0,-0.05
3.0,6.5,128,32.0,6.13,-2.98,-0.06,0.98,-4.64,-124.5,-0.04
3.0,7.0,128,30.5,6.44,-2.98,-0.108,0.96,-10.84,-139.0,-0.08
3.0,7.5,128,29.7,6.87,-2.98,-0.053,0.99,-3.84,-135.0,-0.03
3.0,8.0,128,28.1,7.28,-2.98,-0.092,0.97,-8.84,-142.0,-0.06
3.0,8.5,128,24.2,7.6,-2.91,-0.363,0.84,-43.6,-150.0,-0.29
3.0,9.0,128,21.1,7.89,-2.88,-0.61,0.74,-75.25,-165.61,-0.45
3.0,9.5,128,20.3,8.28,-2.89,-0.618,0.74,-76.25,-162.61,-0.47
3.0,10.0,128,19.5,8.65,-2.89,-0.634,0.73,-78.25,-172.61,-0.45
3.0,10.5,128,16.4,8.49,-2.89,-1.023,0.58,-128.06,-189.61,-0.68
3.0,11.0,128,14.8,8.62,-2.89,-1.183,0.52,-148.56,-194.61,-0.76
3.0,11.5,128,14.8,8.97,-2.89,-1.132,0.55,-142.06,-190.61,-0.75
3.0,12.0,128,14.8,9.31,-2.89,-1.082,0.57,-135.56,-186.61,-0.73
3.5,4.0,128,50.8,3.94,-3.46,0.298,1.19,41.57,-81.0,0.51
3.5,4.5,128,46.9,4.38,-3.46,0.214,1.13,30.8,-94.0,0.33
3.5,5.0,128,45.3,4.86,-3.46,0.307,1.18,42.8,-92.0,0.47
3.5,5.5,128,39.8,5.26,-3.47,0.011,1.02,4.86,-109.5,0.04
3.5,6.0,128,36.7,5.71,-3.47,-0.099,0.97,-9.14,-136.5,-0.07
3.5,6.5,128,35.2,6.16,-3.47,-0.083,0.97,-7.14,-140.0,-0.05
3.5,7.0,128,33.6,6.49,-3.47,-0.124,0.96,-12.34,-140.0,-0.09
3.5,7.5,128,32.8,6.93,-3.47,-0.057,0.99,-3.84,-140.0,-0.03
3.5,8.0,128,31.2,7.35,-3.47,-0.088,0.97,-7.84,-140.0,-0.06
3.5,8.5,128,27.3,7.7,-3.38,-0.351,0.87,-41.6,-143.6,-0.29
3.5,9.0,128,24.2,8.04,-3.35,-0.595,0.77,-72.75,-153.25,-0.47
3.5,9.5,128,23.4,8.44,-3.35,-0.591,0.78,-72.25,-148.61,-0.49
3.5,10.0,128,21.9,8.79,-3.36,-0.7,0.74,-86.25,-169.11,-0.51
3.5,10.5,128,18.8,8.74,-3.36,-1.093,0.61,-136.56,-189.06,-0.72
3.5,11.0,128,17.2,8.95,-3.37,-1.249,0.56,-156.56,-200.56,-0.78
3.5,11.5,128,17.2,9.31,-3.37,-1.187,0.58,-148.56,-194.56,-0.76
3.5,12.0,128,17.2,9.67,-3.37,-1.124,0.6,-140.56,-188.56,-0.75
4.0,4.5,128,48.4,4.38,-3.94,0.092,1.06,15.72,-110.0,0.14
4.0,5.0,128,46.9,4.86,-3.94,0.186,1.1,27.72,-108.0,0.26
4.0,5.5,128,41.4,5.27,-3.95,-0.13,0.96,-12.72,-127.5,-0.1
4.0,6.0,128,38.3,5.72,-3.95,-0.247,0.91,-27.72,-156.0,-0.18
4.0,6.5,128,36.7,6.18,-3.95,-0.232,0.92,-25.72,-160.0,-0.16
4.0,7.0,128,35.2,6.51,-3.95,-0.272,0.9,-30.92,-160.0,-0.19
4.0,7.5,128,34.4,6.96,-3.95,-0.202,0.93,-21.92,-160.0,-0.14
4.0,8.0,128,32.8,7.38,-3.95,-0.233,0.92,-25.92,-160.0,-0.16
4.0,8.5,128,28.1,7.64,-3.85,-0.619,0.78,-75.39,-170.46,-0.44
4.0,9.0,128,25.0,7.95,-3.82,-0.874,0.7,-108.04,-186.61,-0.58
4.0,9.5,128,24.2,8.34,-3.82,-0.874,0.71,-108.04,-181.61,-0.59
4.0,10.0,128,22.7,8.67,-3.82,-0.991,0.67,-123.04,-204.61,-0.6
4.0,10.5,128,20.3,8.68,-3.83,-1.287,0.58,-160.85,-215.11,-0.75
4.0,11.0,128,18.8,8.88,-3.83,-1.447,0.54,-181.35,-228.61,-0.79
4.0,11.5,128,18.8,9.23,-3.83,-1.38,0.56,-172.85,-222.61,-0.78
4.0,12.0,128,18.8,9.59,-3.83,-1.314,0.58,-164.35,-216.61,-0.76
4.5,5.0,128,47.7,4.87,-4.41,0.011,1.02,5.87,-124.0,0.05
4.5,5.5,128,42.2,5.28,-4.42,-0.328,0.88,-37.57,-145.5,-0.26
4.5,6.0,128,39.8,5.73,-4.42,-0.375,0.87,-43.57,-175.5,-0.25
4.5,6.5,128,38.3,6.19,-4.42,-0.359,0.88,-41.57,-180.0,-0.23
4.5,7.0,128,36.7,6.54,-4.42,-0.4,0.87,-46.77,-180.0,-0.26
4.5,7.5,128,35.9,6.98,-4.42,-0.326,0.9,-37.27,-180.0,-0.21
4.5,8.0,128,34.4,7.41,-4.43,-0.357,0.89,-41.27,-180.0,-0.23
4.5,8.5,128,29.7,7.68,-4.31,-0.746,0.76,-91.24,-205.96,-0.44
4.5,9.0,128,26.6,8.01,-4.27,-1.005,0.69,-124.39,-221.11,-0.56
4.5,9.5,128,25.8,8.41,-4.27,-1.001,0.69,-123.89,-216.11,-0.57
4.5,10.0,128,24.2,8.76,-4.27,-1.118,0.66,-138.89,-240.11,-0.58
4.5,10.5,128,21.9,8.81,-4.28,-1.418,0.58,-177.2,-252.92,-0.7
4.5,11.0,128,21.9,9.18,-4.28,-1.336,0.61,-166.7,-248.92,-0.67
4.5,11.5,128,21.9,9.56,-4.28,-1.254,0.63,-156.2,-244.92,-0.64
4.5,12.0,128,20.3,9.77,-4.29,-1.43,0.59,-178.7,-240.92,-0.74
5.0,5.5,128,44.5,5.29,-4.86,-0.34,0.89,-38.69,-163.5,-0.24
5.0,6.0,128,42.2,5.75,-4.86,-0.387,0.87,-44.69,-195.0,-0.23
5.0,6.5,128,40.6,6.21,-4.85,-0.354,0.89,-40.53,-200.0,-0.2
5.0,7.0,128,39.1,6.56,-4.85,-0.391,0.88,-45.23,-200.0,-0.23
5.0,7.5,128,37.5,7.0,-4.85,-0.407,0.88,-47.23,-200.0,-0.24
5.0,8.0,128,35.9,7.44,-4.86,-0.438,0.87,-51.23,-200.0,-0.26
5.0,8.5,128,31.2,7.72,-4.72,-0.831,0.75,-101.7,-211.92,-0.48
5.0,9.0,128,28.1,8.07,-4.68,-1.094,0.68,-135.35,-227.61,-0.59
5.0,9.5,128,27.3,8.47,-4.68,-1.086,0.69,-134.35,-221.61,-0.61
5.0,10.0,128,25.8,8.83,-4.69,-1.203,0.66,-149.35,-245.61,-0.61
5.0,10.5,128,23.4,8.92,-4.7,-1.507,0.59,-188.16,-259.88,-0.72
5.0,11.0,128,23.4,9.3,-4.7,-1.417,0.61,-176.66,-257.88,-0.69
5.0,11.5,128,23.4,9.69,-4.7,-1.327,0.64,-165.16,-256.11,-0.64
5.0,12.0,128,21.9,9.93,-4.7,-1.503,0.6,-187.66,-254.61,-0.74
5.5,6.0,128,43.0,5.75,-5.33,-0.57,0.82,-67.69,-214.5,-0.32
5.5,6.5,128,41.4,6.21,-5.31,-0.538,0.84,-63.53,-220.5,-0.29
5.5,7.0,128,39.8,6.57,-5.31,-0.578,0.83,-68.73,-220.0,-0.31
5.5,7.5,128,38.3,7.01,-5.32,-0.598,0.83,-71.23,-220.0,-0.32
5.5,8.0,128,36.7,7.45,-5.32,-0.633,0.82,-75.73,-220.0,-0.34
5.5,8.5,128,32.0,7.74,-5.17,-1.034,0.71,-127.2,-246.92,-0.52
5.5,9.0,128,28.9,8.09,-5.13,-1.304,0.65,-161.85,-262.07,-0.62
5.5,9.5,128,28.1,8.5,-5.13,-1.297,0.66,-160.85,-255.11,-0.63
5.5,10.0,128,27.3,8.9,-5.13,-1.297,0.66,-160.85,-264.61,-0.61
5.5,10.5,128,25.0,9.02,-5.15,-1.604,0.59,-200.16,-277.88,-0.72
5.5,11.0,128,25.0,9.41,-5.15,-1.506,0.62,-187.66,-272.38,-0.69
5.5,11.5,128,25.0,9.8,-5.15,-1.409,0.64,-175.16,-269.88,-0.65
5.5,12.0,128,23.4,10.07,-5.15,-1.584,0.6,-197.66,-267.38,-0.74
6.0,6.5,128,42.2,6.22,-5.77,-0.713,0.8,-85.53,-243.5,-0.35
6.0,7.0,128,40.6,6.58,-5.78,-0.758,0.79,-91.23,-241.0,-0.38
6.0,7.5,128,39.1,7.02,-5.78,-0.781,0.79,-94.23,-240.0,-0.39
6.0,8.0,128,37.5,7.46,-5.79,-0.82,0.78,-99.23,-242.0,-0.41
6.0,8.5,128,32.8,7.76,-5.62,-1.229,0.68,-151.7,-281.92,-0.54
6.0,9.0,128,29.7,8.12,-5.57,-1.507,0.62,-187.35,-297.57,-0.63
6.0,9.5,128,28.9,8.53,-5.58,-1.499,0.63,-186.35,-290.07,-0.64
6.0,10.0,128,28.1,8.93,-5.58,-1.499,0.63,-186.35,-298.61,-0.62
6.0,10.5,128,25.8,9.06,-5.59,-1.814,0.57,-226.66,-314.38,-0.72
6.0,11.0,128,25.8,9.46,-5.59,-1.713,0.59,-213.66,-308.88,-0.69
6.0,11.5,128,25.8,9.85,-5.59,-1.611,0.62,-200.66,-303.38,-0.66
6.0,12.0,128,24.2,10.13,-5.6,-1.791,0.58,-223.66,-303.88,-0.74
