Timeframe,EMA Pair,SL %,Target %,R:R,Total,Target Hit,SL Hit,Win Rate %,Avg PnL %,Total PnL %
1d,EMA10/EMA20,1.0,4.0,4.0,229,45,183,19.7,-0.013,-3.0
1d,EMA10/EMA20,1.0,5.0,5.0,229,37,191,16.2,-0.026,-6.0
1d,EMA10/EMA20,1.0,4.5,4.5,229,40,188,17.5,-0.035,-8.0
1d,EMA10/EMA20,1.0,3.5,3.5,229,48,180,21.1,-0.052,-12.0
1d,EMA10/EMA20,1.0,2.5,2.5,229,59,169,25.9,-0.094,-21.5
1d,EMA10/EMA20,1.0,5.5,5.5,229,31,197,13.6,-0.116,-26.5
1d,EMA10/EMA20,1.0,3.0,3.0,229,50,178,21.9,-0.122,-28.0
1d,EMA10/EMA20,1.5,4.0,2.67,229,57,171,25.0,-0.124,-28.5
1d,EMA10/EMA20,1.0,2.0,2.0,229,66,162,28.9,-0.131,-30.0
1d,EMA10/EMA20,3.5,4.0,1.14,229,102,126,44.7,-0.144,-33.0
1d,EMA10/EMA20,1.5,4.5,3.0,229,51,177,22.4,-0.157,-36.0
1d,EMA10/EMA20,1.5,3.5,2.33,229,61,167,26.8,-0.162,-37.0
1d,EMA10/EMA20,1.5,2.0,1.33,229,87,141,38.2,-0.164,-37.5
1d,EMA10/EMA20,1.0,6.0,6.0,229,27,201,11.8,-0.17,-39.0
1d,EMA10/EMA20,1.5,2.5,1.67,229,75,153,32.9,-0.183,-42.0
1d,EMA10/EMA20,1.5,5.0,3.33,229,46,182,20.2,-0.188,-43.0
1d,EMA10/EMA20,1.5,3.0,2.0,229,65,163,28.5,-0.216,-49.5
1d,EMA10/EMA20,2.0,2.5,1.25,229,90,138,39.5,-0.223,-51.0
1d,EMA10/EMA20,2.5,3.0,1.2,229,93,135,40.8,-0.255,-58.5
1d,EMA10/EMA20,2.5,4.0,1.6,229,78,150,34.2,-0.275,-63.0
1d,EMA10/EMA20,2.0,3.0,1.5,229,78,150,34.2,-0.288,-66.0
1d,EMA10/EMA20,2.0,4.0,2.0,229,65,163,28.5,-0.288,-66.0
1d,EMA10/EMA20,1.0,7.5,7.5,229,19,209,8.3,-0.29,-66.5
1d,EMA10/EMA20,1.0,6.5,6.5,229,21,207,9.2,-0.308,-70.5
1d,EMA10/EMA20,2.0,4.5,2.25,229,59,169,25.9,-0.317,-72.5
1d,EMA10/EMA20,1.0,8.0,8.0,229,17,211,7.5,-0.328,-75.0
1d,EMA10/EMA20,1.0,8.5,8.5,229,16,212,7.0,-0.332,-76.0
1d,EMA10/EMA20,1.0,7.0,7.0,229,19,209,8.3,-0.332,-76.0
1d,EMA10/EMA20,2.0,3.5,1.75,229,69,159,30.3,-0.334,-76.5
1d,EMA10/EMA20,2.5,3.5,1.4,229,82,146,36.0,-0.341,-78.0
1d,EMA10/EMA20,2.0,5.0,2.5,229,53,175,23.2,-0.371,-85.0
1d,EMA10/EMA20,2.5,4.5,1.8,229,69,159,30.3,-0.38,-87.0
1d,EMA10/EMA20,1.0,1.5,1.5,229,76,148,33.9,-0.39,-89.38
1d,EMA10/EMA20,4.0,5.0,1.25,229,91,137,39.9,-0.406,-93.0
1d,EMA10/EMA20,1.5,5.5,3.67,229,35,193,15.4,-0.424,-97.0
1d,EMA10/EMA20,2.5,5.0,2.0,229,63,165,27.6,-0.426,-97.5
1d,EMA10/EMA20,3.5,5.0,1.43,229,82,146,36.0,-0.441,-101.0
1d,EMA10/EMA20,3.0,4.0,1.33,229,83,145,36.4,-0.45,-103.0
1d,EMA10/EMA20,4.0,4.5,1.12,229,95,133,41.7,-0.456,-104.5
1d,EMA10/EMA20,4.5,5.0,1.11,229,97,131,42.5,-0.456,-104.5
1d,EMA10/EMA20,3.0,3.5,1.17,229,89,139,39.0,-0.461,-105.5
1d,EMA10/EMA20,1.0,9.0,9.0,229,12,216,5.3,-0.472,-108.0
1d,EMA10/EMA20,1.5,6.0,4.0,229,31,197,13.6,-0.478,-109.5
1d,EMA10/EMA20,3.5,4.5,1.29,229,86,142,37.7,-0.48,-110.0
1d,EMA10/EMA20,1.0,10.0,10.0,229,10,218,4.4,-0.515,-118.0
1d,EMA10/EMA20,1.0,9.5,9.5,229,10,218,4.4,-0.537,-123.0
1d,EMA10/EMA20,1.5,7.5,5.0,229,24,204,10.5,-0.55,-126.0
1d,EMA10/EMA20,1.5,6.5,4.33,229,26,202,11.4,-0.585,-134.0
1d,EMA10/EMA20,1.5,7.0,4.67,229,24,204,10.5,-0.603,-138.0
1d,EMA10/EMA20,3.0,4.5,1.5,229,72,156,31.6,-0.629,-144.0
1d,EMA10/EMA20,1.0,10.5,10.5,229,7,221,3.1,-0.644,-147.5
1d,EMA10/EMA20,1.5,8.5,5.67,229,19,209,8.3,-0.664,-152.0
1d,EMA10/EMA20,1.5,8.0,5.33,229,20,208,8.8,-0.664,-152.0
1d,EMA10/EMA20,2.0,5.5,2.75,229,40,188,17.5,-0.681,-156.0
1d,EMA10/EMA20,3.0,5.0,1.67,229,66,162,28.9,-0.681,-156.0
1d,EMA10/EMA20,1.0,12.0,12.0,229,5,223,2.2,-0.712,-163.0
1d,EMA10/EMA20,1.0,11.5,11.5,229,5,223,2.2,-0.723,-165.5
1d,EMA10/EMA20,2.0,6.0,3.0,229,36,192,15.8,-0.734,-168.0
1d,EMA10/EMA20,1.0,11.0,11.0,229,5,223,2.2,-0.734,-168.0
1d,EMA10/EMA20,2.5,5.5,2.2,229,50,178,21.9,-0.742,-170.0
1d,EMA10/EMA20,2.5,6.0,2.4,229,47,181,20.6,-0.745,-170.5
1d,EMA10/EMA20,2.5,7.5,3.0,229,39,189,17.1,-0.786,-180.0
1d,EMA10/EMA20,4.0,5.5,1.38,229,77,151,33.8,-0.788,-180.5
1d,EMA10/EMA20,2.0,7.5,3.75,229,29,199,12.7,-0.788,-180.5
1d,EMA10/EMA20,1.5,10.0,6.67,229,14,214,6.1,-0.79,-181.0
1d,EMA10/EMA20,2.0,6.5,3.25,229,32,196,14.0,-0.803,-184.0
1d,EMA10/EMA20,1.5,9.0,6.0,229,15,213,6.6,-0.806,-184.5
1d,EMA10/EMA20,3.5,5.5,1.57,229,68,160,29.8,-0.812,-186.0
1d,EMA10/EMA20,1.5,9.5,6.33,229,14,214,6.1,-0.821,-188.0
1d,EMA10/EMA20,2.5,6.5,2.6,229,42,186,18.4,-0.838,-192.0
1d,EMA10/EMA20,2.0,7.0,3.5,229,29,199,12.7,-0.852,-195.0
1d,EMA10/EMA20,5.0,5.5,1.1,229,90,138,39.5,-0.852,-195.0
1d,EMA10/EMA20,2.5,8.5,3.4,229,34,194,14.9,-0.856,-196.0
1d,EMA10/EMA20,4.5,5.5,1.22,229,83,145,36.4,-0.856,-196.0
1d,EMA10/EMA20,4.5,7.5,1.67,229,69,159,30.3,-0.865,-198.0
1d,EMA10/EMA20,4.0,7.5,1.88,229,62,166,27.2,-0.869,-199.0
1d,EMA10/EMA20,2.5,7.0,2.8,229,39,189,17.1,-0.871,-199.5
1d,EMA10/EMA20,2.5,8.0,3.2,229,35,193,15.4,-0.884,-202.5
1d,EMA10/EMA20,2.0,8.5,4.25,229,24,204,10.5,-0.891,-204.0
1d,EMA10/EMA20,2.0,8.0,4.0,229,25,203,11.0,-0.9,-206.0
1d,EMA10/EMA20,3.0,5.5,1.83,229,56,172,24.6,-0.908,-208.0
1d,EMA10/EMA20,1.5,10.5,7.0,229,11,217,4.8,-0.917,-210.0
1d,EMA10/EMA20,4.0,6.0,1.5,229,70,158,30.7,-0.926,-212.0
1d,EMA10/EMA20,5.0,7.5,1.5,229,74,154,32.5,-0.939,-215.0
1d,EMA10/EMA20,3.5,7.5,2.14,229,53,175,23.2,-0.939,-215.0
1d,EMA10/EMA20,5.0,6.0,1.2,229,84,144,36.8,-0.943,-216.0
1d,EMA10/EMA20,4.0,8.0,2.0,229,58,170,25.4,-0.943,-216.0
1d,EMA10/EMA20,4.5,6.0,1.33,229,77,151,33.8,-0.95,-217.5
1d,EMA10/EMA20,3.5,6.0,1.71,229,61,167,26.8,-0.954,-218.5
1d,EMA10/EMA20,1.5,12.0,8.0,229,9,219,3.9,-0.963,-220.5
1d,EMA10/EMA20,3.5,8.5,2.43,229,48,180,21.1,-0.969,-222.0
1d,EMA10/EMA20,1.5,11.5,7.67,229,9,219,3.9,-0.983,-225.0
1d,EMA10/EMA20,2.5,9.0,3.6,229,30,198,13.2,-0.983,-225.0
1d,EMA10/EMA20,2.0,9.0,4.5,229,21,207,9.2,-0.983,-225.0
1d,EMA10/EMA20,2.0,9.5,4.75,229,20,208,8.8,-0.987,-226.0
1d,EMA10/EMA20,4.5,8.0,1.78,229,64,164,28.1,-0.987,-226.0
1d,EMA10/EMA20,2.0,10.0,5.0,229,19,209,8.3,-0.996,-228.0
1d,EMA10/EMA20,1.5,11.0,7.33,229,9,219,3.9,-1.002,-229.5
1d,EMA10/EMA20,4.0,6.5,1.62,229,65,163,28.5,-1.002,-229.5
1d,EMA10/EMA20,4.0,7.0,1.75,229,62,166,27.2,-1.004,-230.0
1d,EMA10/EMA20,5.0,6.5,1.3,229,79,149,34.6,-1.011,-231.5
1d,EMA10/EMA20,4.5,7.0,1.56,229,69,159,30.3,-1.015,-232.5
1d,EMA10/EMA20,2.5,10.0,4.0,229,27,201,11.8,-1.015,-232.5
1d,EMA10/EMA20,2.5,9.5,3.8,229,28,200,12.3,-1.022,-234.0
1d,EMA10/EMA20,4.5,12.0,2.67,229,48,180,21.1,-1.022,-234.0
1d,EMA10/EMA20,4.5,6.5,1.44,229,72,156,31.6,-1.022,-234.0
1d,EMA10/EMA20,3.5,8.0,2.29,229,49,179,21.5,-1.024,-234.5
1d,EMA10/EMA20,4.0,8.5,2.12,229,54,174,23.7,-1.035,-237.0
1d,EMA10/EMA20,3.5,6.5,1.86,229,56,172,24.6,-1.039,-238.0
1d,EMA10/EMA20,5.0,12.0,2.4,229,53,175,23.2,-1.044,-239.0
1d,EMA10/EMA20,5.0,7.0,1.4,229,75,153,32.9,-1.048,-240.0
1d,EMA10/EMA20,3.5,7.0,2.0,229,53,175,23.2,-1.055,-241.5
1d,EMA10/EMA20,4.5,11.5,2.56,229,49,179,21.5,-1.057,-242.0
1d,EMA10/EMA20,3.0,6.0,2.0,229,49,179,21.5,-1.061,-243.0
1d,EMA10/EMA20,5.0,8.0,1.6,229,69,159,30.3,-1.061,-243.0
1d,EMA10/EMA20,4.5,8.5,1.89,229,60,168,26.3,-1.074,-246.0
1d,EMA10/EMA20,5.0,11.5,2.3,229,54,174,23.7,-1.087,-249.0
1d,EMA10/EMA20,2.5,12.0,4.8,229,22,206,9.6,-1.096,-251.0
1d,EMA10/EMA20,3.0,7.5,2.5,229,41,187,18.0,-1.107,-253.5
1d,EMA10/EMA20,4.0,12.0,3.0,229,41,187,18.0,-1.118,-256.0
1d,EMA10/EMA20,2.0,10.5,5.25,229,16,212,7.0,-1.118,-256.0
1d,EMA10/EMA20,2.5,10.5,4.2,229,24,204,10.5,-1.127,-258.0
1d,EMA10/EMA20,2.0,12.0,6.0,229,14,214,6.1,-1.135,-260.0
1d,EMA10/EMA20,3.5,9.0,2.57,229,43,185,18.9,-1.138,-260.5
1d,EMA10/EMA20,2.5,11.5,4.6,229,22,206,9.6,-1.144,-262.0
1d,EMA10/EMA20,5.0,8.5,1.7,229,65,163,28.5,-1.146,-262.5
1d,EMA10/EMA20,3.5,9.5,2.71,229,41,187,18.0,-1.157,-265.0
1d,EMA10/EMA20,5.5,6.0,1.09,229,86,142,37.7,-1.157,-265.0
1d,EMA10/EMA20,5.5,7.5,1.36,229,76,152,33.3,-1.162,-266.0
1d,EMA10/EMA20,3.0,6.5,2.17,229,44,184,19.3,-1.162,-266.0
1d,EMA10/EMA20,4.5,11.0,2.44,229,49,179,21.5,-1.164,-266.5
1d,EMA10/EMA20,2.0,11.5,5.75,229,14,214,6.1,-1.166,-267.0
1d,EMA10/EMA20,3.0,8.5,2.83,229,36,192,15.8,-1.179,-270.0
1d,EMA10/EMA20,3.5,12.0,3.43,229,34,194,14.9,-1.183,-271.0
1d,EMA10/EMA20,3.5,10.0,2.86,229,39,189,17.1,-1.186,-271.5
1d,EMA10/EMA20,2.5,11.0,4.4,229,22,206,9.6,-1.192,-273.0
1d,EMA10/EMA20,2.0,11.0,5.5,229,14,214,6.1,-1.197,-274.0
1d,EMA10/EMA20,5.5,12.0,2.18,229,56,172,24.6,-1.197,-274.0
1d,EMA10/EMA20,3.0,7.0,2.33,229,41,187,18.0,-1.197,-274.0
1d,EMA10/EMA20,4.0,9.0,2.25,229,49,179,21.5,-1.201,-275.0
1d,EMA10/EMA20,5.0,11.0,2.2,229,54,174,23.7,-1.205,-276.0
1d,EMA10/EMA20,4.5,10.5,2.33,229,50,178,21.9,-1.205,-276.0
1d,EMA10/EMA20,4.0,11.5,2.88,229,41,187,18.0,-1.207,-276.5
1d,EMA10/EMA20,3.0,8.0,2.67,229,37,191,16.2,-1.21,-277.0
1d,EMA10/EMA20,4.0,9.5,2.38,229,47,181,20.6,-1.212,-277.5
1d,EMA10/EMA20,5.5,6.5,1.18,229,81,147,35.5,-1.231,-282.0
1d,EMA10/EMA20,4.0,10.0,2.5,229,45,183,19.7,-1.231,-282.0
1d,EMA10/EMA20,4.5,9.0,2.0,229,55,173,24.1,-1.238,-283.5
1d,EMA10/EMA20,4.5,9.5,2.11,229,53,175,23.2,-1.24,-284.0
1d,EMA10/EMA20,5.5,11.5,2.09,229,57,171,25.0,-1.245,-285.0
1d,EMA10/EMA20,4.5,10.0,2.22,229,51,177,22.4,-1.251,-286.5
1d,EMA10/EMA20,5.0,10.5,2.1,229,55,173,24.1,-1.255,-287.5
1d,EMA10/EMA20,3.5,11.5,3.29,229,34,194,14.9,-1.258,-288.0
1d,EMA10/EMA20,4.0,10.5,2.62,229,43,185,18.9,-1.26,-288.5
1d,EMA10/EMA20,5.5,7.0,1.27,229,77,151,33.8,-1.273,-291.5
1d,EMA10/EMA20,3.5,10.5,3.0,229,36,192,15.8,-1.284,-294.0
1d,EMA10/EMA20,5.5,8.0,1.45,229,71,157,31.1,-1.29,-295.5
1d,EMA10/EMA20,4.0,11.0,2.75,229,41,187,18.0,-1.297,-297.0
1d,EMA10/EMA20,5.0,9.5,1.9,229,58,170,25.4,-1.306,-299.0
1d,EMA10/EMA20,5.0,9.0,1.8,229,60,168,26.3,-1.31,-300.0
1d,EMA10/EMA20,5.0,10.0,2.0,229,56,172,24.6,-1.31,-300.0
1d,EMA10/EMA20,3.5,11.0,3.14,229,34,194,14.9,-1.332,-305.0
1d,EMA10/EMA20,3.0,9.0,3.0,229,31,197,13.6,-1.362,-312.0
1d,EMA10/EMA20,5.5,11.0,2.0,229,57,171,25.0,-1.369,-313.5
1d,EMA10/EMA20,5.5,8.5,1.55,229,67,161,29.4,-1.38,-316.0
1d,EMA10/EMA20,3.0,10.0,3.33,229,28,200,12.3,-1.397,-320.0
1d,EMA10/EMA20,3.0,9.5,3.17,229,29,199,12.7,-1.404,-321.5
1d,EMA10/EMA20,6.0,12.0,2.0,229,58,170,25.4,-1.415,-324.0
1d,EMA10/EMA20,5.5,10.5,1.91,229,58,170,25.4,-1.424,-326.0
1d,EMA10/EMA20,6.0,7.5,1.25,229,77,151,33.8,-1.434,-328.5
1d,EMA10/EMA20,6.0,11.5,1.92,229,59,169,25.9,-1.465,-335.5
1d,EMA10/EMA20,5.5,9.5,1.73,229,61,167,26.8,-1.48,-339.0
1d,EMA10/EMA20,3.0,12.0,4.0,229,23,205,10.1,-1.48,-339.0
1d,EMA10/EMA20,5.5,10.0,1.82,229,59,169,25.9,-1.483,-339.5
1d,EMA10/EMA20,5.5,9.0,1.64,229,63,165,27.6,-1.487,-340.5
1d,EMA10/EMA20,6.0,6.5,1.08,229,82,146,36.0,-1.498,-343.0
1d,EMA10/EMA20,3.0,10.5,3.5,229,25,203,11.0,-1.513,-346.5
1d,EMA10/EMA20,3.0,11.5,3.83,229,23,205,10.1,-1.531,-350.5
1d,EMA10/EMA20,6.0,7.0,1.17,229,78,150,34.2,-1.546,-354.0
1d,EMA10/EMA20,6.0,8.0,1.33,229,72,156,31.6,-1.572,-360.0
1d,EMA10/EMA20,3.0,11.0,3.67,229,23,205,10.1,-1.581,-362.0
1d,EMA10/EMA20,6.0,11.0,1.83,229,59,169,25.9,-1.594,-365.0
1d,EMA10/EMA20,6.0,10.5,1.75,229,60,168,26.3,-1.651,-378.0
1d,EMA10/EMA20,6.0,8.5,1.42,229,68,160,29.8,-1.668,-382.0
1d,EMA10/EMA20,6.0,9.5,1.58,229,63,165,27.6,-1.71,-391.5
1d,EMA10/EMA20,6.0,10.0,1.67,229,61,167,26.8,-1.712,-392.0
1d,EMA10/EMA20,6.0,9.0,1.5,229,65,163,28.5,-1.716,-393.0
1d,EMA21/EMA50,1.0,6.0,6.0,141,29,112,20.6,0.44,62.0
1d,EMA21/EMA50,3.5,4.0,1.14,141,74,67,52.5,0.436,61.5
1d,EMA21/EMA50,1.0,5.5,5.5,141,31,110,22.0,0.429,60.5
1d,EMA21/EMA50,1.0,7.5,7.5,141,23,118,16.3,0.387,54.5
1d,EMA21/EMA50,1.0,5.0,5.0,141,32,109,22.7,0.362,51.0
1d,EMA21/EMA50,1.0,6.5,6.5,141,25,116,17.7,0.33,46.5
1d,EMA21/EMA50,1.0,4.5,4.5,141,34,107,24.1,0.326,46.0
1d,EMA21/EMA50,2.5,4.0,1.6,141,61,80,43.3,0.312,44.0
1d,EMA21/EMA50,1.0,7.0,7.0,141,23,118,16.3,0.305,43.0
1d,EMA21/EMA50,1.0,4.0,4.0,141,36,105,25.5,0.277,39.0
1d,EMA21/EMA50,1.0,8.0,8.0,141,20,121,14.2,0.277,39.0
1d,EMA21/EMA50,3.0,4.0,1.33,141,66,75,46.8,0.277,39.0
1d,EMA21/EMA50,3.0,3.5,1.17,141,71,70,50.4,0.273,38.5
1d,EMA21/EMA50,2.5,3.5,1.4,141,65,76,46.1,0.266,37.5
1d,EMA21/EMA50,2.5,7.5,3.0,141,39,102,27.7,0.266,37.5
1d,EMA21/EMA50,3.0,5.5,1.83,141,54,87,38.3,0.255,36.0
1d,EMA21/EMA50,3.5,4.5,1.29,141,66,75,46.8,0.245,34.5
1d,EMA21/EMA50,1.0,3.5,3.5,141,39,102,27.7,0.245,34.5
1d,EMA21/EMA50,1.5,4.5,3.0,141,41,100,29.1,0.245,34.5
1d,EMA21/EMA50,2.5,4.5,1.8,141,55,86,39.0,0.23,32.5
1d,EMA21/EMA50,1.5,7.5,5.0,141,27,114,19.1,0.223,31.5
1d,EMA21/EMA50,1.0,8.5,8.5,141,18,123,12.8,0.213,30.0
1d,EMA21/EMA50,1.5,6.0,4.0,141,32,109,22.7,0.202,28.5
1d,EMA21/EMA50,3.5,5.5,1.57,141,58,83,41.1,0.202,28.5
1d,EMA21/EMA50,3.0,7.5,2.5,141,43,98,30.5,0.202,28.5
1d,EMA21/EMA50,2.5,3.0,1.2,141,69,72,48.9,0.191,27.0
1d,EMA21/EMA50,3.0,6.0,2.0,141,50,91,35.5,0.191,27.0
1d,EMA21/EMA50,3.0,4.5,1.5,141,60,81,42.6,0.191,27.0
1d,EMA21/EMA50,1.5,5.5,3.67,141,34,107,24.1,0.188,26.5
1d,EMA21/EMA50,1.5,4.0,2.67,141,43,98,30.5,0.177,25.0
1d,EMA21/EMA50,3.5,5.0,1.43,141,61,80,43.3,0.177,25.0
1d,EMA21/EMA50,2.5,5.5,2.2,141,47,94,33.3,0.167,23.5
1d,EMA21/EMA50,1.5,3.5,2.33,141,47,94,33.3,0.167,23.5
1d,EMA21/EMA50,2.0,4.5,2.25,141,47,94,33.3,0.167,23.5
1d,EMA21/EMA50,3.5,7.5,2.14,141,47,94,33.3,0.167,23.5
1d,EMA21/EMA50,2.5,5.0,2.0,141,50,91,35.5,0.16,22.5
1d,EMA21/EMA50,1.5,5.0,3.33,141,36,105,25.5,0.16,22.5
1d,EMA21/EMA50,2.0,7.5,3.75,141,32,109,22.7,0.156,22.0
1d,EMA21/EMA50,2.5,6.0,2.4,141,44,97,31.2,0.152,21.5
1d,EMA21/EMA50,1.5,6.5,4.33,141,29,112,20.6,0.145,20.5
1d,EMA21/EMA50,1.0,2.5,2.5,141,46,95,32.6,0.142,20.0
1d,EMA21/EMA50,3.5,6.0,1.71,141,54,87,38.3,0.138,19.5
1d,EMA21/EMA50,1.0,3.0,3.0,141,40,101,28.4,0.135,19.0
1d,EMA21/EMA50,1.5,7.0,4.67,141,27,114,19.1,0.128,18.0
1d,EMA21/EMA50,2.5,7.0,2.8,141,39,102,27.7,0.128,18.0
1d,EMA21/EMA50,3.0,5.0,1.67,141,55,86,39.0,0.121,17.0
1d,EMA21/EMA50,2.5,6.5,2.6,141,41,100,29.1,0.117,16.5
1d,EMA21/EMA50,1.5,8.0,5.33,141,24,117,17.0,0.117,16.5
1d,EMA21/EMA50,2.0,2.5,1.25,141,66,75,46.8,0.106,15.0
1d,EMA21/EMA50,3.0,6.5,2.17,141,46,95,32.6,0.099,14.0
1d,EMA21/EMA50,1.5,2.5,1.67,141,56,85,39.7,0.089,12.5
1d,EMA21/EMA50,2.0,4.0,2.0,141,49,92,34.8,0.085,12.0
1d,EMA21/EMA50,2.0,5.0,2.5,141,42,99,29.8,0.085,12.0
1d,EMA21/EMA50,2.0,5.5,2.75,141,39,102,27.7,0.074,10.5
1d,EMA21/EMA50,2.0,3.5,1.75,141,53,88,37.6,0.067,9.5
1d,EMA21/EMA50,1.5,3.0,2.0,141,49,92,34.8,0.064,9.0
1d,EMA21/EMA50,1.5,8.5,5.67,141,22,119,15.6,0.06,8.5
1d,EMA21/EMA50,2.0,6.5,3.25,141,34,107,24.1,0.05,7.0
1d,EMA21/EMA50,3.0,7.0,2.33,141,43,98,30.5,0.05,7.0
1d,EMA21/EMA50,3.5,6.5,1.86,141,50,91,35.5,0.046,6.5
1d,EMA21/EMA50,2.0,7.0,3.5,141,32,109,22.7,0.043,6.0
1d,EMA21/EMA50,2.0,6.0,3.0,141,36,105,25.5,0.043,6.0
1d,EMA21/EMA50,4.0,4.5,1.12,141,67,74,47.5,0.039,5.5
1d,EMA21/EMA50,2.5,8.0,3.2,141,34,107,24.1,0.032,4.5
1d,EMA21/EMA50,1.0,2.0,2.0,141,48,93,34.0,0.021,3.0
1d,EMA21/EMA50,2.0,3.0,1.5,141,57,84,40.4,0.021,3.0
1d,EMA21/EMA50,1.5,2.0,1.33,141,61,80,43.3,0.014,2.0
1d,EMA21/EMA50,3.5,8.0,2.29,141,43,98,30.5,0.007,1.0
1d,EMA21/EMA50,3.5,7.0,2.0,141,47,94,33.3,0.0,0.0
1d,EMA21/EMA50,2.5,8.5,3.4,141,32,109,22.7,-0.004,-0.5
1d,EMA21/EMA50,1.0,9.0,9.0,141,14,127,9.9,-0.007,-1.0
1d,EMA21/EMA50,3.5,8.5,2.43,141,41,100,29.1,-0.011,-1.5
1d,EMA21/EMA50,2.0,8.0,4.0,141,28,113,19.9,-0.014,-2.0
1d,EMA21/EMA50,4.0,5.5,1.38,141,59,82,41.8,-0.025,-3.5
1d,EMA21/EMA50,1.0,9.5,9.5,141,13,128,9.2,-0.032,-4.5
1d,EMA21/EMA50,3.0,8.0,2.67,141,38,103,27.0,-0.035,-5.0
1d,EMA21/EMA50,4.0,5.0,1.25,141,62,79,44.0,-0.043,-6.0
1d,EMA21/EMA50,3.5,10.0,2.86,141,36,105,25.5,-0.053,-7.5
1d,EMA21/EMA50,2.0,8.5,4.25,141,26,115,18.4,-0.064,-9.0
1d,EMA21/EMA50,3.0,8.5,2.83,141,36,105,25.5,-0.064,-9.0
1d,EMA21/EMA50,4.0,7.5,1.88,141,48,93,34.0,-0.085,-12.0
1d,EMA21/EMA50,3.5,9.5,2.71,141,37,104,26.2,-0.089,-12.5
1d,EMA21/EMA50,3.5,12.0,3.43,141,31,110,22.0,-0.092,-13.0
1d,EMA21/EMA50,4.0,6.0,1.5,141,55,86,39.0,-0.099,-14.0
1d,EMA21/EMA50,2.5,10.0,4.0,141,27,114,19.1,-0.106,-15.0
1d,EMA21/EMA50,1.0,1.5,1.5,141,54,84,39.1,-0.116,-16.4
1d,EMA21/EMA50,2.5,9.5,3.8,141,28,113,19.9,-0.117,-16.5
1d,EMA21/EMA50,3.5,10.5,3.0,141,34,107,24.1,-0.124,-17.5
1d,EMA21/EMA50,3.5,9.0,2.57,141,38,103,27.0,-0.131,-18.5
1d,EMA21/EMA50,2.5,9.0,3.6,141,29,112,20.6,-0.135,-19.0
1d,EMA21/EMA50,1.0,10.0,10.0,141,11,130,7.8,-0.142,-20.0
1d,EMA21/EMA50,4.0,12.0,3.0,141,34,107,24.1,-0.142,-20.0
1d,EMA21/EMA50,3.0,10.0,3.33,141,31,110,22.0,-0.142,-20.0
1d,EMA21/EMA50,3.0,9.5,3.17,141,32,109,22.7,-0.163,-23.0
1d,EMA21/EMA50,3.0,9.0,3.0,141,33,108,23.4,-0.191,-27.0
1d,EMA21/EMA50,2.5,10.5,4.2,141,25,116,17.7,-0.195,-27.5
1d,EMA21/EMA50,3.5,11.5,3.29,141,31,110,22.0,-0.202,-28.5
1d,EMA21/EMA50,2.5,11.0,4.4,141,24,117,17.0,-0.202,-28.5
1d,EMA21/EMA50,4.0,6.5,1.62,141,51,90,36.2,-0.202,-28.5
1d,EMA21/EMA50,2.0,9.5,4.75,141,22,119,15.6,-0.206,-29.0
1d,EMA21/EMA50,3.5,11.0,3.14,141,32,109,22.7,-0.209,-29.5
1d,EMA21/EMA50,2.0,10.0,5.0,141,21,120,14.9,-0.213,-30.0
1d,EMA21/EMA50,2.5,11.5,4.6,141,23,118,16.3,-0.216,-30.5
1d,EMA21/EMA50,3.0,10.5,3.5,141,29,112,20.6,-0.223,-31.5
1d,EMA21/EMA50,1.5,9.0,6.0,141,17,124,12.1,-0.234,-33.0
1d,EMA21/EMA50,2.5,12.0,4.8,141,22,119,15.6,-0.238,-33.5
1d,EMA21/EMA50,1.5,9.5,6.33,141,16,125,11.3,-0.252,-35.5
1d,EMA21/EMA50,4.0,7.0,1.75,141,48,93,34.0,-0.255,-36.0
1d,EMA21/EMA50,4.0,8.0,2.0,141,44,97,31.2,-0.255,-36.0
1d,EMA21/EMA50,4.0,11.5,2.88,141,34,107,24.1,-0.262,-37.0
1d,EMA21/EMA50,1.0,10.5,10.5,141,9,132,6.4,-0.266,-37.5
1d,EMA21/EMA50,1.5,10.0,6.67,141,15,126,10.6,-0.277,-39.0
1d,EMA21/EMA50,2.0,11.5,5.75,141,18,123,12.8,-0.277,-39.0
1d,EMA21/EMA50,4.0,8.5,2.12,141,42,99,29.8,-0.277,-39.0
1d,EMA21/EMA50,2.0,9.0,4.5,141,22,119,15.6,-0.284,-40.0
1d,EMA21/EMA50,1.0,11.5,11.5,141,8,133,5.7,-0.291,-41.0
1d,EMA21/EMA50,4.0,10.5,2.62,141,36,105,25.5,-0.298,-42.0
1d,EMA21/EMA50,2.0,12.0,6.0,141,17,124,12.1,-0.312,-44.0
1d,EMA21/EMA50,2.0,10.5,5.25,141,19,122,13.5,-0.316,-44.5
1d,EMA21/EMA50,4.5,5.5,1.22,141,59,82,41.8,-0.316,-44.5
1d,EMA21/EMA50,1.0,11.0,11.0,141,8,133,5.7,-0.319,-45.0
1d,EMA21/EMA50,3.0,11.0,3.67,141,27,114,19.1,-0.319,-45.0
1d,EMA21/EMA50,4.5,5.0,1.11,141,62,79,44.0,-0.323,-45.5
1d,EMA21/EMA50,3.0,11.5,3.83,141,26,115,18.4,-0.326,-46.0
1d,EMA21/EMA50,4.0,10.0,2.5,141,37,104,26.2,-0.326,-46.0
1d,EMA21/EMA50,3.0,12.0,4.0,141,25,116,17.7,-0.34,-48.0
1d,EMA21/EMA50,2.0,11.0,5.5,141,18,123,12.8,-0.34,-48.0
1d,EMA21/EMA50,1.0,12.0,12.0,141,7,134,5.0,-0.355,-50.0
1d,EMA21/EMA50,4.0,9.5,2.38,141,38,103,27.0,-0.362,-51.0
1d,EMA21/EMA50,4.0,11.0,2.75,141,34,107,24.1,-0.383,-54.0
1d,EMA21/EMA50,1.5,11.5,7.67,141,12,129,8.5,-0.394,-55.5
1d,EMA21/EMA50,1.5,10.5,7.0,141,13,128,9.2,-0.394,-55.5
1d,EMA21/EMA50,4.5,12.0,2.67,141,35,106,24.8,-0.404,-57.0
1d,EMA21/EMA50,4.5,6.0,1.33,141,55,86,39.0,-0.404,-57.0
1d,EMA21/EMA50,4.0,9.0,2.25,141,39,102,27.7,-0.404,-57.0
1d,EMA21/EMA50,4.5,11.5,2.56,141,36,105,25.5,-0.415,-58.5
1d,EMA21/EMA50,4.5,7.5,1.67,141,48,93,34.0,-0.415,-58.5
1d,EMA21/EMA50,1.5,11.0,7.33,141,12,129,8.5,-0.436,-61.5
1d,EMA21/EMA50,1.5,12.0,8.0,141,11,130,7.8,-0.447,-63.0
1d,EMA21/EMA50,4.5,6.5,1.44,141,51,90,36.2,-0.521,-73.5
1d,EMA21/EMA50,5.0,5.5,1.1,141,60,81,42.6,-0.532,-75.0
1d,EMA21/EMA50,4.5,11.0,2.44,141,36,105,25.5,-0.543,-76.5
1d,EMA21/EMA50,4.5,7.0,1.56,141,48,93,34.0,-0.585,-82.5
1d,EMA21/EMA50,4.5,8.0,1.78,141,44,97,31.2,-0.599,-84.5
1d,EMA21/EMA50,4.5,8.5,1.89,141,42,99,29.8,-0.628,-88.5
1d,EMA21/EMA50,5.0,6.0,1.2,141,56,85,39.7,-0.631,-89.0
1d,EMA21/EMA50,4.5,10.5,2.33,141,36,105,25.5,-0.67,-94.5
1d,EMA21/EMA50,4.5,10.0,2.22,141,37,104,26.2,-0.695,-98.0
1d,EMA21/EMA50,4.5,9.5,2.11,141,38,103,27.0,-0.727,-102.5
1d,EMA21/EMA50,5.0,7.5,1.5,141,48,93,34.0,-0.745,-105.0
1d,EMA21/EMA50,5.0,6.5,1.3,141,52,89,36.9,-0.759,-107.0
1d,EMA21/EMA50,4.5,9.0,2.0,141,39,102,27.7,-0.766,-108.0
1d,EMA21/EMA50,5.0,12.0,2.4,141,35,106,24.8,-0.78,-110.0
1d,EMA21/EMA50,5.0,11.5,2.3,141,36,105,25.5,-0.787,-111.0
1d,EMA21/EMA50,5.5,6.0,1.09,141,57,84,40.4,-0.851,-120.0
1d,EMA21/EMA50,6.0,12.0,2.0,141,40,101,28.4,-0.894,-126.0
1d,EMA21/EMA50,5.5,12.0,2.18,141,37,104,26.2,-0.908,-128.0
1d,EMA21/EMA50,6.0,11.5,1.92,141,41,100,29.1,-0.911,-128.5
1d,EMA21/EMA50,5.0,7.0,1.4,141,48,93,34.0,-0.915,-129.0
1d,EMA21/EMA50,5.0,11.0,2.2,141,36,105,25.5,-0.915,-129.0
1d,EMA21/EMA50,5.5,11.5,2.09,141,38,103,27.0,-0.918,-129.5
1d,EMA21/EMA50,5.0,8.0,1.6,141,44,97,31.2,-0.943,-133.0
1d,EMA21/EMA50,5.0,8.5,1.7,141,42,99,29.8,-0.979,-138.0
1d,EMA21/EMA50,5.5,7.5,1.36,141,49,92,34.8,-0.982,-138.5
1d,EMA21/EMA50,5.5,6.5,1.18,141,53,88,37.6,-0.989,-139.5
1d,EMA21/EMA50,5.0,10.5,2.1,141,36,105,25.5,-1.043,-147.0
1d,EMA21/EMA50,5.5,11.0,2.0,141,38,103,27.0,-1.053,-148.5
1d,EMA21/EMA50,6.0,11.0,1.83,141,41,100,29.1,-1.057,-149.0
1d,EMA21/EMA50,5.0,10.0,2.0,141,37,104,26.2,-1.064,-150.0
1d,EMA21/EMA50,5.0,9.5,1.9,141,38,103,27.0,-1.092,-154.0
1d,EMA21/EMA50,5.0,9.0,1.8,141,39,102,27.7,-1.128,-159.0
1d,EMA21/EMA50,5.5,7.0,1.27,141,49,92,34.8,-1.156,-163.0
1d,EMA21/EMA50,5.5,10.5,1.91,141,38,103,27.0,-1.188,-167.5
1d,EMA21/EMA50,5.5,8.0,1.45,141,45,96,31.9,-1.191,-168.0
1d,EMA21/EMA50,6.0,10.5,1.75,141,41,100,29.1,-1.202,-169.5
1d,EMA21/EMA50,5.5,10.0,1.82,141,39,102,27.7,-1.213,-171.0
1d,EMA21/EMA50,5.5,8.5,1.55,141,43,98,30.5,-1.23,-173.5
1d,EMA21/EMA50,6.0,10.0,1.67,141,42,99,29.8,-1.234,-174.0
1d,EMA21/EMA50,6.0,6.5,1.08,141,53,88,37.6,-1.301,-183.5
1d,EMA21/EMA50,6.0,7.5,1.25,141,49,92,34.8,-1.309,-184.5
1d,EMA21/EMA50,6.0,8.0,1.33,141,47,94,33.3,-1.333,-188.0
1d,EMA21/EMA50,5.5,9.5,1.73,141,39,102,27.7,-1.351,-190.5
1d,EMA21/EMA50,6.0,8.5,1.42,141,45,96,31.9,-1.372,-193.5
1d,EMA21/EMA50,6.0,9.5,1.58,141,42,99,29.8,-1.383,-195.0
1d,EMA21/EMA50,5.5,9.0,1.64,141,40,101,28.4,-1.387,-195.5
1d,EMA21/EMA50,6.0,9.0,1.5,141,43,98,30.5,-1.426,-201.0
1d,EMA21/EMA50,6.0,7.0,1.17,141,49,92,34.8,-1.482,-209.0
1h,EMA10/EMA20,1.0,1.5,1.5,128,39,88,30.7,-0.217,-27.72
1h,EMA10/EMA20,1.0,2.0,2.0,128,29,99,22.7,-0.32,-41.0
1h,EMA10/EMA20,1.0,5.5,5.5,128,12,115,9.4,-0.369,-47.27
1h,EMA10/EMA20,1.0,4.0,4.0,128,16,112,12.5,-0.375,-48.0
1h,EMA10/EMA20,1.0,3.0,3.0,128,19,109,14.8,-0.406,-52.0
1h,EMA10/EMA20,1.0,5.0,5.0,128,12,115,9.4,-0.416,-53.27
1h,EMA10/EMA20,1.0,4.5,4.5,128,13,114,10.2,-0.42,-53.77
1h,EMA10/EMA20,1.0,2.5,2.5,128,21,107,16.4,-0.426,-54.5
1h,EMA10/EMA20,1.0,3.5,3.5,128,16,112,12.5,-0.438,-56.0
1h,EMA10/EMA20,1.0,6.5,6.5,128,8,119,6.3,-0.51,-65.27
1h,EMA10/EMA20,1.0,6.0,6.0,128,8,119,6.3,-0.541,-69.27
1h,EMA10/EMA20,3.0,4.5,1.5,128,40,84,32.3,-0.569,-72.85
1h,EMA10/EMA20,1.0,7.0,7.0,128,6,120,4.8,-0.582,-74.47
1h,EMA10/EMA20,1.0,8.0,8.0,128,5,120,4.0,-0.582,-74.47
1h,EMA10/EMA20,1.5,2.0,1.33,128,33,94,26.0,-0.594,-75.99
1h,EMA10/EMA20,3.0,5.0,1.67,128,37,87,29.8,-0.6,-76.85
1h,EMA10/EMA20,1.0,7.5,7.5,128,5,120,4.0,-0.601,-76.97
1h,EMA10/EMA20,1.0,9.5,9.5,128,4,121,3.2,-0.605,-77.47
1h,EMA10/EMA20,1.0,9.0,9.0,128,4,121,3.2,-0.621,-79.47
1h,EMA10/EMA20,1.0,8.5,8.5,128,4,121,3.2,-0.636,-81.47
1h,EMA10/EMA20,1.5,5.5,3.67,128,15,111,11.9,-0.65,-83.26
1h,EMA10/EMA20,3.0,4.0,1.33,128,42,83,33.6,-0.653,-83.58
1h,EMA10/EMA20,1.5,4.5,3.0,128,17,109,13.5,-0.674,-86.26
1h,EMA10/EMA20,1.0,10.0,10.0,128,3,122,2.4,-0.676,-86.47
1h,EMA10/EMA20,1.5,4.0,2.67,128,19,108,15.0,-0.68,-86.99
1h,EMA10/EMA20,1.5,5.0,3.33,128,15,111,11.9,-0.709,-90.76
1h,EMA10/EMA20,1.0,12.0,12.0,128,2,123,1.6,-0.73,-93.47
1h,EMA10/EMA20,1.0,11.5,11.5,128,2,123,1.6,-0.738,-94.47
1h,EMA10/EMA20,1.0,11.0,11.0,128,2,123,1.6,-0.746,-95.47
1h,EMA10/EMA20,1.5,3.5,2.33,128,19,108,15.0,-0.754,-96.49
1h,EMA10/EMA20,1.0,10.5,10.5,128,2,123,1.6,-0.754,-96.47
1h,EMA10/EMA20,1.5,3.0,2.0,128,21,106,16.5,-0.758,-96.99
1h,EMA10/EMA20,1.5,2.5,1.67,128,23,104,18.1,-0.777,-99.49
1h,EMA10/EMA20,1.5,6.5,4.33,128,11,115,8.7,-0.783,-100.26
1h,EMA10/EMA20,3.0,3.5,1.17,128,42,83,33.6,-0.817,-104.58
1h,EMA10/EMA20,1.5,6.0,4.0,128,11,115,8.7,-0.826,-105.76
1h,EMA10/EMA20,3.5,4.5,1.29,128,41,83,33.1,-0.835,-106.85
1h,EMA10/EMA20,1.5,7.0,4.67,128,9,116,7.2,-0.847,-108.46
1h,EMA10/EMA20,2.5,4.5,1.8,128,29,96,23.2,-0.849,-108.7
1h,EMA10/EMA20,2.5,5.0,2.0,128,27,98,21.6,-0.853,-109.2
1h,EMA10/EMA20,1.5,7.5,5.0,128,8,116,6.5,-0.855,-109.46
1h,EMA10/EMA20,3.5,4.0,1.14,128,44,81,35.2,-0.86,-110.08
1h,EMA10/EMA20,3.5,5.0,1.43,128,38,86,30.6,-0.874,-111.85
1h,EMA10/EMA20,2.0,4.5,2.25,128,21,104,16.8,-0.88,-112.7
1h,EMA10/EMA20,2.0,5.5,2.75,128,18,107,14.4,-0.892,-114.2
1h,EMA10/EMA20,2.5,4.0,1.6,128,31,95,24.6,-0.894,-114.43
1h,EMA10/EMA20,2.0,4.0,2.0,128,23,103,18.3,-0.898,-114.93
1h,EMA10/EMA20,2.0,5.0,2.5,128,19,106,15.2,-0.908,-116.2
1h,EMA10/EMA20,3.0,5.5,1.83,128,30,94,24.2,-0.921,-117.85
1h,EMA10/EMA20,1.5,8.0,5.33,128,6,118,4.8,-0.972,-124.46
1h,EMA10/EMA20,1.5,9.5,6.33,128,5,119,4.0,-0.988,-126.46
1h,EMA10/EMA20,2.0,3.5,1.75,128,23,103,18.3,-0.988,-126.43
1h,EMA10/EMA20,2.0,3.0,1.5,128,25,101,19.8,-0.999,-127.93
1h,EMA10/EMA20,1.5,9.0,6.0,128,5,119,4.0,-1.008,-128.96
1h,EMA10/EMA20,2.5,3.5,1.4,128,31,95,24.6,-1.015,-129.93
1h,EMA10/EMA20,4.0,4.5,1.12,128,43,80,35.0,-1.019,-130.43
1h,EMA10/EMA20,1.5,8.5,5.67,128,5,119,4.0,-1.027,-131.46
1h,EMA10/EMA20,2.5,3.0,1.2,128,33,93,26.2,-1.05,-134.43
1h,EMA10/EMA20,2.5,5.5,2.2,128,22,103,17.6,-1.06,-135.7
1h,EMA10/EMA20,2.0,2.5,1.25,128,26,100,20.6,-1.062,-135.93
1h,EMA10/EMA20,4.0,5.0,1.25,128,40,83,32.5,-1.062,-135.93
1h,EMA10/EMA20,1.5,10.0,6.67,128,3,121,2.4,-1.148,-146.96
1h,EMA10/EMA20,2.0,6.5,3.25,128,12,113,9.6,-1.15,-147.2
1h,EMA10/EMA20,2.0,6.0,3.0,128,12,113,9.6,-1.197,-153.2
1h,EMA10/EMA20,3.0,6.5,2.17,128,23,101,18.5,-1.206,-154.35
1h,EMA10/EMA20,1.5,12.0,8.0,128,2,122,1.6,-1.207,-154.46
1h,EMA10/EMA20,2.0,7.0,3.5,128,10,114,8.1,-1.214,-155.4
1h,EMA10/EMA20,1.5,11.5,7.67,128,2,122,1.6,-1.215,-155.46
1h,EMA10/EMA20,3.5,5.5,1.57,128,31,93,25.0,-1.218,-155.85
1h,EMA10/EMA20,2.0,7.5,3.75,128,9,114,7.3,-1.218,-155.9
1h,EMA10/EMA20,1.5,11.0,7.33,128,2,122,1.6,-1.222,-156.46
1h,EMA10/EMA20,1.5,10.5,7.0,128,2,122,1.6,-1.23,-157.46
1h,EMA10/EMA20,3.0,7.0,2.33,128,21,102,17.1,-1.235,-158.05
1h,EMA10/EMA20,3.0,7.5,2.5,128,19,103,15.6,-1.278,-163.55
1h,EMA10/EMA20,3.0,6.0,2.0,128,23,101,18.5,-1.296,-165.85
1h,EMA10/EMA20,4.5,5.0,1.11,128,41,81,33.6,-1.303,-166.78
1h,EMA10/EMA20,2.5,6.5,2.6,128,16,109,12.8,-1.31,-167.7
1h,EMA10/EMA20,2.0,8.0,4.0,128,7,116,5.7,-1.339,-171.4
1h,EMA10/EMA20,2.0,9.5,4.75,128,6,116,4.9,-1.339,-171.33
1h,EMA10/EMA20,2.5,7.5,3.0,128,13,110,10.6,-1.351,-172.9
1h,EMA10/EMA20,2.5,7.0,2.8,128,14,110,11.3,-1.362,-174.4
1h,EMA10/EMA20,2.0,9.0,4.5,128,6,116,4.9,-1.362,-174.33
1h,EMA10/EMA20,2.5,6.0,2.4,128,16,109,12.8,-1.373,-175.7
1h,EMA10/EMA20,2.0,8.5,4.25,128,6,116,4.9,-1.385,-177.33
1h,EMA10/EMA20,4.0,5.5,1.38,128,33,90,26.8,-1.425,-182.43
1h,EMA10/EMA20,3.0,8.0,2.67,128,16,106,13.1,-1.461,-187.05
1h,EMA10/EMA20,2.5,8.0,3.2,128,11,112,8.9,-1.464,-187.4
1h,EMA10/EMA20,2.5,9.5,3.8,128,9,112,7.4,-1.492,-190.98
1h,EMA10/EMA20,2.5,8.5,3.4,128,10,112,8.2,-1.495,-191.33
1h,EMA10/EMA20,2.0,10.0,5.0,128,4,118,3.3,-1.503,-192.33
1h,EMA10/EMA20,2.5,9.0,3.6,128,9,112,7.4,-1.527,-195.48
1h,EMA10/EMA20,2.0,12.0,6.0,128,2,119,1.7,-1.585,-202.91
1h,EMA10/EMA20,2.0,11.5,5.75,128,2,119,1.7,-1.593,-203.91
1h,EMA10/EMA20,3.5,6.5,1.86,128,23,101,18.5,-1.6,-204.85
1h,EMA10/EMA20,2.0,11.0,5.5,128,2,119,1.7,-1.601,-204.91
1h,EMA10/EMA20,2.0,10.5,5.25,128,2,119,1.7,-1.609,-205.91
1h,EMA10/EMA20,3.0,8.5,2.83,128,13,106,10.9,-1.616,-206.89
1h,EMA10/EMA20,3.5,7.0,2.0,128,21,101,17.2,-1.624,-207.84
1h,EMA10/EMA20,3.0,9.0,3.0,128,12,106,10.2,-1.637,-209.54
1h,EMA10/EMA20,3.0,9.5,3.17,128,9,106,7.8,-1.662,-212.68
1h,EMA10/EMA20,3.5,7.5,2.14,128,19,102,15.7,-1.671,-213.84
1h,EMA10/EMA20,2.5,10.0,4.0,128,6,114,5.0,-1.676,-214.56
1h,EMA10/EMA20,3.5,6.0,1.71,128,23,101,18.5,-1.69,-216.35
1h,EMA10/EMA20,4.5,5.5,1.22,128,34,88,27.9,-1.69,-216.28
1h,EMA10/EMA20,2.5,12.0,4.8,128,2,115,1.7,-1.804,-230.95
1h,EMA10/EMA20,2.5,11.5,4.6,128,2,115,1.7,-1.812,-231.95
1h,EMA10/EMA20,2.5,11.0,4.4,128,2,115,1.7,-1.82,-232.95
1h,EMA10/EMA20,4.0,6.5,1.62,128,25,98,20.3,-1.824,-233.43
1h,EMA10/EMA20,2.5,10.5,4.2,128,2,115,1.7,-1.828,-233.95
1h,EMA10/EMA20,4.0,7.0,1.75,128,23,98,19.0,-1.839,-235.42
1h,EMA10/EMA20,3.0,10.0,3.33,128,6,108,5.3,-1.854,-237.26
1h,EMA10/EMA20,3.5,8.0,2.29,128,16,105,13.2,-1.866,-238.84
1h,EMA10/EMA20,4.0,7.5,1.88,128,21,99,17.5,-1.882,-240.92
1h,EMA10/EMA20,4.0,6.0,1.5,128,25,98,20.3,-1.921,-245.93
1h,EMA10/EMA20,3.0,12.0,4.0,128,2,109,1.8,-1.986,-254.15
1h,EMA10/EMA20,3.0,11.5,3.83,128,2,109,1.8,-1.993,-255.15
1h,EMA10/EMA20,3.0,11.0,3.67,128,2,109,1.8,-2.001,-256.15
1h,EMA10/EMA20,3.0,10.5,3.5,128,2,109,1.8,-2.009,-257.15
1h,EMA10/EMA20,3.5,8.5,2.43,128,13,105,11.0,-2.021,-258.68
1h,EMA10/EMA20,5.0,5.5,1.1,128,34,87,28.1,-2.026,-259.38
1h,EMA10/EMA20,3.5,9.0,2.57,128,12,105,10.3,-2.042,-261.33
1h,EMA10/EMA20,3.5,9.5,2.71,128,9,105,7.9,-2.066,-264.47
1h,EMA10/EMA20,4.0,8.0,2.0,128,18,101,15.1,-2.067,-264.62
1h,EMA10/EMA20,4.5,6.5,1.44,128,26,96,21.3,-2.112,-270.28
1h,EMA10/EMA20,4.5,7.0,1.56,128,24,96,20.0,-2.123,-271.77
1h,EMA10/EMA20,4.5,7.5,1.67,128,22,97,18.5,-2.166,-277.27
1h,EMA10/EMA20,4.5,6.0,1.33,128,26,96,21.3,-2.213,-283.28
1h,EMA10/EMA20,4.0,8.5,2.12,128,13,101,11.4,-2.264,-289.85
1h,EMA10/EMA20,3.5,10.0,2.86,128,6,107,5.3,-2.266,-290.05
1h,EMA10/EMA20,4.0,9.0,2.25,128,12,101,10.6,-2.285,-292.5
1h,EMA10/EMA20,4.0,9.5,2.38,128,9,101,8.2,-2.31,-295.64
1h,EMA10/EMA20,4.5,8.0,1.78,128,18,99,15.4,-2.378,-304.42
1h,EMA10/EMA20,3.5,12.0,3.43,128,2,108,1.8,-2.402,-307.44
1h,EMA10/EMA20,3.5,11.5,3.29,128,2,108,1.8,-2.41,-308.44
1h,EMA10/EMA20,3.5,11.0,3.14,128,2,108,1.8,-2.418,-309.44
1h,EMA10/EMA20,3.5,10.5,3.0,128,2,108,1.8,-2.425,-310.44
1h,EMA10/EMA20,5.0,6.5,1.3,128,26,95,21.5,-2.48,-317.38
1h,EMA10/EMA20,5.0,7.0,1.4,128,24,95,20.2,-2.491,-318.87
1h,EMA10/EMA20,4.0,10.0,2.5,128,6,103,5.5,-2.517,-322.22
1h,EMA10/EMA20,5.0,7.5,1.5,128,22,96,18.6,-2.538,-324.87
1h,EMA10/EMA20,4.5,8.5,1.89,128,13,99,11.6,-2.575,-329.65
1h,EMA10/EMA20,5.0,6.0,1.2,128,26,95,21.5,-2.581,-330.38
1h,EMA10/EMA20,4.5,9.0,2.0,128,12,99,10.8,-2.596,-332.3
1h,EMA10/EMA20,4.5,9.5,2.11,128,9,99,8.3,-2.621,-335.44
1h,EMA10/EMA20,4.0,12.0,3.0,128,2,104,1.9,-2.657,-340.11
1h,EMA10/EMA20,4.0,11.5,2.88,128,2,104,1.9,-2.665,-341.11
1h,EMA10/EMA20,4.0,11.0,2.75,128,2,104,1.9,-2.673,-342.11
1h,EMA10/EMA20,4.0,10.5,2.62,128,2,104,1.9,-2.681,-343.11
1h,EMA10/EMA20,5.0,8.0,1.6,128,18,98,15.5,-2.758,-353.02
1h,EMA10/EMA20,5.5,6.5,1.18,128,26,93,21.8,-2.816,-360.48
1h,EMA10/EMA20,5.5,7.0,1.27,128,24,93,20.5,-2.828,-361.97
1h,EMA10/EMA20,4.5,10.0,2.22,128,6,101,5.6,-2.836,-363.02
1h,EMA10/EMA20,5.5,7.5,1.36,128,22,94,19.0,-2.879,-368.47
1h,EMA10/EMA20,5.5,6.0,1.09,128,26,93,21.8,-2.918,-373.48
1h,EMA10/EMA20,5.0,8.5,1.7,128,13,98,11.7,-2.955,-378.25
1h,EMA10/EMA20,5.0,9.0,1.8,128,12,98,10.9,-2.976,-380.9
1h,EMA10/EMA20,4.5,12.0,2.67,128,2,102,1.9,-2.98,-381.41
1h,EMA10/EMA20,4.5,11.5,2.56,128,2,102,1.9,-2.988,-382.41
1h,EMA10/EMA20,4.5,11.0,2.44,128,2,102,1.9,-2.995,-383.41
1h,EMA10/EMA20,5.0,9.5,1.9,128,9,98,8.4,-3.0,-384.04
1h,EMA10/EMA20,4.5,10.5,2.33,128,2,102,1.9,-3.003,-384.41
1h,EMA10/EMA20,5.5,8.0,1.45,128,18,96,15.8,-3.106,-397.62
1h,EMA10/EMA20,6.0,6.5,1.08,128,26,91,22.2,-3.146,-402.66
1h,EMA10/EMA20,6.0,7.0,1.17,128,24,91,20.9,-3.157,-404.15
1h,EMA10/EMA20,6.0,7.5,1.25,128,22,92,19.3,-3.212,-411.15
1h,EMA10/EMA20,5.0,10.0,2.0,128,6,100,5.7,-3.224,-412.62
1h,EMA10/EMA20,5.5,8.5,1.55,128,13,96,11.9,-3.304,-422.85
1h,EMA10/EMA20,5.5,9.0,1.64,128,12,96,11.1,-3.324,-425.5
1h,EMA10/EMA20,5.5,9.5,1.73,128,9,96,8.6,-3.349,-428.64
1h,EMA10/EMA20,5.0,12.0,2.4,128,2,101,1.9,-3.371,-431.51
1h,EMA10/EMA20,5.0,11.5,2.3,128,2,101,1.9,-3.379,-432.51
1h,EMA10/EMA20,5.0,11.0,2.2,128,2,101,1.9,-3.387,-433.51
1h,EMA10/EMA20,5.0,10.5,2.1,128,2,101,1.9,-3.395,-434.51
1h,EMA10/EMA20,6.0,8.0,1.33,128,18,94,16.1,-3.448,-441.3
1h,EMA10/EMA20,5.5,10.0,1.82,128,6,98,5.8,-3.58,-458.22
1h,EMA10/EMA20,6.0,8.5,1.42,128,13,94,12.1,-3.645,-466.53
1h,EMA10/EMA20,6.0,9.0,1.5,128,12,94,11.3,-3.665,-469.18
1h,EMA10/EMA20,6.0,9.5,1.58,128,9,94,8.7,-3.69,-472.32
1h,EMA10/EMA20,5.5,12.0,2.18,128,2,99,2.0,-3.731,-477.61
1h,EMA10/EMA20,5.5,11.5,2.09,128,2,99,2.0,-3.739,-478.61
1h,EMA10/EMA20,5.5,11.0,2.0,128,2,99,2.0,-3.747,-479.61
1h,EMA10/EMA20,5.5,10.5,1.91,128,2,99,2.0,-3.755,-480.61
1h,EMA10/EMA20,6.0,10.0,1.67,128,6,96,5.9,-3.929,-502.9
1h,EMA10/EMA20,6.0,12.0,2.0,128,2,97,2.0,-4.084,-522.79
1h,EMA10/EMA20,6.0,11.5,1.92,128,2,97,2.0,-4.092,-523.79
1h,EMA10/EMA20,6.0,11.0,1.83,128,2,97,2.0,-4.1,-524.79
1h,EMA10/EMA20,6.0,10.5,1.75,128,2,97,2.0,-4.108,-525.79
1h,EMA21/EMA50,1.0,1.5,1.5,61,26,33,44.1,0.128,7.78
1h,EMA21/EMA50,1.0,2.0,2.0,61,17,43,28.3,-0.148,-9.0
1h,EMA21/EMA50,1.0,3.5,3.5,61,9,51,15.0,-0.32,-19.5
1h,EMA21/EMA50,1.0,4.0,4.0,61,8,52,13.3,-0.328,-20.0
1h,EMA21/EMA50,1.0,3.0,3.0,61,10,50,16.7,-0.328,-20.0
1h,EMA21/EMA50,1.0,6.0,6.0,61,5,54,8.5,-0.351,-21.44
1h,EMA21/EMA50,1.0,2.5,2.5,61,11,49,18.3,-0.352,-21.5
1h,EMA21/EMA50,1.0,5.5,5.5,61,5,54,8.5,-0.392,-23.94
1h,EMA21/EMA50,1.0,5.0,5.0,61,6,54,10.0,-0.393,-24.0
1h,EMA21/EMA50,1.0,4.5,4.5,61,6,54,10.0,-0.443,-27.0
1h,EMA21/EMA50,1.5,2.0,1.33,61,18,42,30.0,-0.443,-27.0
1h,EMA21/EMA50,1.0,8.0,8.0,61,3,56,5.1,-0.483,-29.44
1h,EMA21/EMA50,1.0,7.5,7.5,61,3,56,5.1,-0.507,-30.94
1h,EMA21/EMA50,1.0,7.0,7.0,61,3,56,5.1,-0.532,-32.44
1h,EMA21/EMA50,1.0,6.5,6.5,61,3,56,5.1,-0.556,-33.94
1h,EMA21/EMA50,1.5,3.5,2.33,61,10,50,16.7,-0.656,-40.0
1h,EMA21/EMA50,1.5,3.0,2.0,61,11,49,18.3,-0.664,-40.5
1h,EMA21/EMA50,1.5,4.0,2.67,61,9,51,15.0,-0.664,-40.5
1h,EMA21/EMA50,1.5,6.0,4.0,61,6,53,10.2,-0.671,-40.94
1h,EMA21/EMA50,1.5,4.5,3.0,61,8,52,13.3,-0.689,-42.0
1h,EMA21/EMA50,1.5,2.5,1.67,61,12,48,20.0,-0.689,-42.0
1h,EMA21/EMA50,1.5,5.5,3.67,61,6,53,10.2,-0.72,-43.94
1h,EMA21/EMA50,1.5,5.0,3.33,61,7,53,11.7,-0.73,-44.5
1h,EMA21/EMA50,1.0,8.5,8.5,61,1,58,1.7,-0.77,-46.94
1h,EMA21/EMA50,1.5,8.0,5.33,61,4,55,6.8,-0.786,-47.94
1h,EMA21/EMA50,1.5,7.5,5.0,61,4,55,6.8,-0.819,-49.94
1h,EMA21/EMA50,1.5,7.0,4.67,61,4,55,6.8,-0.851,-51.94
1h,EMA21/EMA50,1.5,6.5,4.33,61,4,55,6.8,-0.884,-53.94
1h,EMA21/EMA50,1.0,11.5,11.5,61,0,59,0.0,-0.925,-56.44
1h,EMA21/EMA50,1.0,12.0,12.0,61,0,59,0.0,-0.925,-56.44
1h,EMA21/EMA50,1.0,11.0,11.0,61,0,59,0.0,-0.925,-56.44
1h,EMA21/EMA50,1.0,9.0,9.0,61,0,59,0.0,-0.925,-56.44
1h,EMA21/EMA50,1.0,9.5,9.5,61,0,59,0.0,-0.925,-56.44
1h,EMA21/EMA50,1.0,10.0,10.0,61,0,59,0.0,-0.925,-56.44
1h,EMA21/EMA50,1.0,10.5,10.5,61,0,59,0.0,-0.925,-56.44
1h,EMA21/EMA50,2.0,3.5,1.75,61,10,50,16.7,-1.066,-65.0
1h,EMA21/EMA50,2.0,3.0,1.5,61,11,49,18.3,-1.066,-65.0
1h,EMA21/EMA50,2.0,4.0,2.0,61,9,51,15.0,-1.082,-66.0
1h,EMA21/EMA50,2.0,2.5,1.25,61,12,48,20.0,-1.082,-66.0
1h,EMA21/EMA50,2.0,6.0,3.0,61,6,53,10.2,-1.106,-67.44
1h,EMA21/EMA50,2.0,4.5,2.25,61,8,52,13.3,-1.115,-68.0
1h,EMA21/EMA50,2.0,5.5,2.75,61,6,53,10.2,-1.155,-70.44
1h,EMA21/EMA50,2.0,5.0,2.5,61,7,53,11.7,-1.164,-71.0
1h,EMA21/EMA50,1.5,8.5,5.67,61,1,57,1.7,-1.23,-75.01
1h,EMA21/EMA50,2.0,8.0,4.0,61,4,55,6.8,-1.237,-75.44
1h,EMA21/EMA50,2.0,7.5,3.75,61,4,55,6.8,-1.27,-77.44
1h,EMA21/EMA50,2.5,3.5,1.4,61,12,48,20.0,-1.279,-78.0
1h,EMA21/EMA50,2.5,3.0,1.2,61,13,47,21.7,-1.287,-78.5
1h,EMA21/EMA50,2.5,4.0,1.6,61,11,49,18.3,-1.287,-78.5
1h,EMA21/EMA50,2.0,7.0,3.5,61,4,55,6.8,-1.302,-79.44
1h,EMA21/EMA50,2.5,4.5,1.8,61,10,50,16.7,-1.311,-80.0
1h,EMA21/EMA50,2.0,6.5,3.25,61,4,55,6.8,-1.335,-81.44
1h,EMA21/EMA50,3.0,4.0,1.33,61,14,46,23.3,-1.344,-82.0
1h,EMA21/EMA50,2.5,5.0,2.0,61,9,51,15.0,-1.352,-82.5
1h,EMA21/EMA50,3.0,3.5,1.17,61,15,45,25.0,-1.352,-82.5
1h,EMA21/EMA50,3.0,4.5,1.5,61,13,47,21.7,-1.352,-82.5
1h,EMA21/EMA50,1.5,10.0,6.67,61,0,57,0.0,-1.375,-83.9
1h,EMA21/EMA50,1.5,9.0,6.0,61,0,57,0.0,-1.375,-83.9
1h,EMA21/EMA50,1.5,9.5,6.33,61,0,57,0.0,-1.375,-83.9
1h,EMA21/EMA50,1.5,10.5,7.0,61,0,57,0.0,-1.375,-83.9
1h,EMA21/EMA50,1.5,11.0,7.33,61,0,57,0.0,-1.375,-83.9
1h,EMA21/EMA50,1.5,11.5,7.67,61,0,57,0.0,-1.375,-83.9
1h,EMA21/EMA50,1.5,12.0,8.0,61,0,57,0.0,-1.375,-83.9
1h,EMA21/EMA50,3.0,5.0,1.67,61,12,48,20.0,-1.377,-84.0
1h,EMA21/EMA50,2.5,6.0,2.4,61,6,53,10.2,-1.54,-93.94
1h,EMA21/EMA50,2.5,5.5,2.2,61,6,53,10.2,-1.589,-96.94
1h,EMA21/EMA50,3.5,4.0,1.14,61,15,45,25.0,-1.598,-97.5
1h,EMA21/EMA50,3.0,6.0,2.0,61,8,51,13.6,-1.679,-102.44
1h,EMA21/EMA50,2.0,8.5,4.25,61,1,56,1.8,-1.679,-102.44
1h,EMA21/EMA50,2.5,8.0,3.2,61,4,55,6.8,-1.688,-102.94
1h,EMA21/EMA50,2.5,7.5,3.0,61,4,55,6.8,-1.72,-104.94
1h,EMA21/EMA50,3.5,4.5,1.29,61,13,47,21.7,-1.738,-106.0
1h,EMA21/EMA50,3.0,5.5,1.83,61,8,51,13.6,-1.745,-106.44
1h,EMA21/EMA50,2.5,7.0,2.8,61,4,55,6.8,-1.753,-106.94
1h,EMA21/EMA50,3.5,5.0,1.43,61,12,48,20.0,-1.77,-108.0
1h,EMA21/EMA50,2.5,6.5,2.6,61,4,55,6.8,-1.786,-108.94
1h,EMA21/EMA50,2.0,10.0,5.0,61,0,56,0.0,-1.825,-111.33
1h,EMA21/EMA50,2.0,9.0,4.5,61,0,56,0.0,-1.825,-111.33
1h,EMA21/EMA50,2.0,9.5,4.75,61,0,56,0.0,-1.825,-111.33
1h,EMA21/EMA50,2.0,11.5,5.75,61,0,56,0.0,-1.825,-111.33
1h,EMA21/EMA50,2.0,12.0,6.0,61,0,56,0.0,-1.825,-111.33
1h,EMA21/EMA50,2.0,11.0,5.5,61,0,56,0.0,-1.825,-111.33
1h,EMA21/EMA50,2.0,10.5,5.25,61,0,56,0.0,-1.825,-111.33
1h,EMA21/EMA50,4.0,4.5,1.12,61,15,45,25.0,-1.844,-112.5
1h,EMA21/EMA50,4.0,5.0,1.25,61,14,46,23.3,-1.869,-114.0
1h,EMA21/EMA50,3.0,7.0,2.33,61,6,53,10.2,-1.876,-114.44
1h,EMA21/EMA50,3.0,6.5,2.17,61,6,53,10.2,-1.925,-117.44
1h,EMA21/EMA50,3.0,7.5,2.5,61,5,54,8.5,-1.999,-121.94
1h,EMA21/EMA50,3.5,6.0,1.71,61,8,51,13.6,-2.097,-127.94
1h,EMA21/EMA50,2.5,8.5,3.4,61,1,56,1.8,-2.138,-130.44
1h,EMA21/EMA50,3.0,8.0,2.67,61,4,55,6.8,-2.138,-130.44
1h,EMA21/EMA50,3.5,5.5,1.57,61,8,51,13.6,-2.163,-131.94
1h,EMA21/EMA50,4.0,6.0,1.5,61,10,49,16.9,-2.188,-133.44
1h,EMA21/EMA50,4.5,5.0,1.11,61,14,46,23.3,-2.246,-137.0
1h,EMA21/EMA50,4.0,5.5,1.38,61,10,49,16.9,-2.27,-138.44
1h,EMA21/EMA50,2.5,11.5,4.6,61,0,56,0.0,-2.284,-139.33
1h,EMA21/EMA50,2.5,11.0,4.4,61,0,56,0.0,-2.284,-139.33
1h,EMA21/EMA50,2.5,12.0,4.8,61,0,56,0.0,-2.284,-139.33
1h,EMA21/EMA50,2.5,10.0,4.0,61,0,56,0.0,-2.284,-139.33
1h,EMA21/EMA50,2.5,10.5,4.2,61,0,56,0.0,-2.284,-139.33
1h,EMA21/EMA50,2.5,9.0,3.6,61,0,56,0.0,-2.284,-139.33
1h,EMA21/EMA50,2.5,9.5,3.8,61,0,56,0.0,-2.284,-139.33
1h,EMA21/EMA50,3.5,7.0,2.0,61,6,53,10.2,-2.31,-140.94
1h,EMA21/EMA50,3.5,6.5,1.86,61,6,53,10.2,-2.36,-143.94
1h,EMA21/EMA50,4.0,7.0,1.75,61,8,51,13.6,-2.384,-145.44
1h,EMA21/EMA50,3.5,7.5,2.14,61,5,54,8.5,-2.442,-148.94
1h,EMA21/EMA50,4.0,6.5,1.62,61,8,51,13.6,-2.45,-149.44
1h,EMA21/EMA50,4.0,7.5,1.88,61,7,52,11.9,-2.507,-152.94
1h,EMA21/EMA50,4.5,6.0,1.33,61,10,49,16.9,-2.589,-157.94
1h,EMA21/EMA50,3.5,8.0,2.29,61,4,55,6.8,-2.589,-157.94
1h,EMA21/EMA50,3.0,8.5,2.83,61,1,56,1.8,-2.597,-158.44
1h,EMA21/EMA50,4.0,8.0,2.0,61,6,53,10.2,-2.647,-161.44
1h,EMA21/EMA50,4.5,5.5,1.22,61,10,49,16.9,-2.671,-162.94
1h,EMA21/EMA50,3.0,9.0,3.0,61,0,56,0.0,-2.743,-167.33
1h,EMA21/EMA50,3.0,12.0,4.0,61,0,56,0.0,-2.743,-167.33
1h,EMA21/EMA50,3.0,10.0,3.33,61,0,56,0.0,-2.743,-167.33
1h,EMA21/EMA50,3.0,11.5,3.83,61,0,56,0.0,-2.743,-167.33
1h,EMA21/EMA50,3.0,11.0,3.67,61,0,56,0.0,-2.743,-167.33
1h,EMA21/EMA50,3.0,10.5,3.5,61,0,56,0.0,-2.743,-167.33
1h,EMA21/EMA50,3.0,9.5,3.17,61,0,56,0.0,-2.743,-167.33
1h,EMA21/EMA50,4.5,7.0,1.56,61,8,51,13.6,-2.802,-170.94
1h,EMA21/EMA50,4.5,6.5,1.44,61,8,51,13.6,-2.868,-174.94
1h,EMA21/EMA50,4.5,7.5,1.67,61,7,52,11.9,-2.933,-178.94
1h,EMA21/EMA50,5.0,6.0,1.2,61,10,47,17.5,-2.937,-179.16
1h,EMA21/EMA50,5.0,5.5,1.1,61,10,47,17.5,-3.019,-184.16
1h,EMA21/EMA50,3.5,8.5,2.43,61,1,56,1.8,-3.056,-186.44
1h,EMA21/EMA50,4.5,8.0,1.78,61,6,53,10.2,-3.081,-187.94
1h,EMA21/EMA50,5.0,7.0,1.4,61,8,48,14.3,-3.139,-191.5
1h,EMA21/EMA50,3.5,9.5,2.71,61,0,56,0.0,-3.202,-195.33
1h,EMA21/EMA50,3.5,11.0,3.14,61,0,56,0.0,-3.202,-195.33
1h,EMA21/EMA50,3.5,10.0,2.86,61,0,56,0.0,-3.202,-195.33
1h,EMA21/EMA50,3.5,12.0,3.43,61,0,56,0.0,-3.202,-195.33
1h,EMA21/EMA50,3.5,11.5,3.29,61,0,56,0.0,-3.202,-195.33
1h,EMA21/EMA50,3.5,10.5,3.0,61,0,56,0.0,-3.202,-195.33
1h,EMA21/EMA50,3.5,9.0,2.57,61,0,56,0.0,-3.202,-195.33
1h,EMA21/EMA50,5.0,6.5,1.3,61,8,48,14.3,-3.205,-195.5
1h,EMA21/EMA50,4.0,8.5,2.12,61,1,54,1.8,-3.21,-195.83
1h,EMA21/EMA50,5.0,7.5,1.5,61,7,49,12.5,-3.279,-200.0
1h,EMA21/EMA50,5.5,6.0,1.09,61,10,46,17.9,-3.279,-200.03
1h,EMA21/EMA50,4.0,12.0,3.0,61,0,54,0.0,-3.356,-204.72
1h,EMA21/EMA50,4.0,11.5,2.88,61,0,54,0.0,-3.356,-204.72
1h,EMA21/EMA50,4.0,10.5,2.62,61,0,54,0.0,-3.356,-204.72
1h,EMA21/EMA50,4.0,9.0,2.25,61,0,54,0.0,-3.356,-204.72
1h,EMA21/EMA50,4.0,9.5,2.38,61,0,54,0.0,-3.356,-204.72
1h,EMA21/EMA50,4.0,10.0,2.5,61,0,54,0.0,-3.356,-204.72
1h,EMA21/EMA50,4.0,11.0,2.75,61,0,54,0.0,-3.356,-204.72
1h,EMA21/EMA50,5.0,8.0,1.6,61,6,50,10.7,-3.434,-209.5
1h,EMA21/EMA50,5.5,7.0,1.27,61,8,47,14.5,-3.49,-212.87
1h,EMA21/EMA50,5.5,6.5,1.18,61,8,47,14.5,-3.555,-216.87
1h,EMA21/EMA50,5.5,7.5,1.36,61,7,48,12.7,-3.637,-221.87
1h,EMA21/EMA50,4.5,8.5,1.89,61,1,54,1.8,-3.653,-222.83
1h,EMA21/EMA50,4.5,11.5,2.56,61,0,54,0.0,-3.799,-231.72
1h,EMA21/EMA50,4.5,11.0,2.44,61,0,54,0.0,-3.799,-231.72
1h,EMA21/EMA50,4.5,10.5,2.33,61,0,54,0.0,-3.799,-231.72
1h,EMA21/EMA50,4.5,10.0,2.22,61,0,54,0.0,-3.799,-231.72
1h,EMA21/EMA50,4.5,9.0,2.0,61,0,54,0.0,-3.799,-231.72
1h,EMA21/EMA50,4.5,12.0,2.67,61,0,54,0.0,-3.799,-231.72
1h,EMA21/EMA50,4.5,9.5,2.11,61,0,54,0.0,-3.799,-231.72
1h,EMA21/EMA50,5.5,8.0,1.45,61,6,49,10.9,-3.801,-231.87
1h,EMA21/EMA50,6.0,7.0,1.17,61,8,47,14.5,-3.875,-236.37
1h,EMA21/EMA50,6.0,6.5,1.08,61,8,47,14.5,-3.94,-240.37
1h,EMA21/EMA50,5.0,8.5,1.7,61,1,51,1.9,-4.015,-244.89
1h,EMA21/EMA50,6.0,7.5,1.25,61,7,48,12.7,-4.031,-245.87
1h,EMA21/EMA50,5.0,12.0,2.4,61,0,51,0.0,-4.16,-253.78
1h,EMA21/EMA50,5.0,11.5,2.3,61,0,51,0.0,-4.16,-253.78
1h,EMA21/EMA50,5.0,11.0,2.2,61,0,51,0.0,-4.16,-253.78
1h,EMA21/EMA50,5.0,10.5,2.1,61,0,51,0.0,-4.16,-253.78
1h,EMA21/EMA50,5.0,10.0,2.0,61,0,51,0.0,-4.16,-253.78
1h,EMA21/EMA50,5.0,9.0,1.8,61,0,51,0.0,-4.16,-253.78
1h,EMA21/EMA50,5.0,9.5,1.9,61,0,51,0.0,-4.16,-253.78
1h,EMA21/EMA50,6.0,8.0,1.33,61,6,49,10.9,-4.203,-256.37
1h,EMA21/EMA50,5.5,8.5,1.55,61,1,50,2.0,-4.39,-267.76
1h,EMA21/EMA50,5.5,10.0,1.82,61,0,50,0.0,-4.535,-276.65
1h,EMA21/EMA50,5.5,9.0,1.64,61,0,50,0.0,-4.535,-276.65
1h,EMA21/EMA50,5.5,9.5,1.73,61,0,50,0.0,-4.535,-276.65
1h,EMA21/EMA50,5.5,12.0,2.18,61,0,50,0.0,-4.535,-276.65
1h,EMA21/EMA50,5.5,11.5,2.09,61,0,50,0.0,-4.535,-276.65
1h,EMA21/EMA50,5.5,11.0,2.0,61,0,50,0.0,-4.535,-276.65
1h,EMA21/EMA50,5.5,10.5,1.91,61,0,50,0.0,-4.535,-276.65
1h,EMA21/EMA50,6.0,8.5,1.42,61,1,50,2.0,-4.799,-292.76
1h,EMA21/EMA50,6.0,9.0,1.5,61,0,50,0.0,-4.945,-301.65
1h,EMA21/EMA50,6.0,9.5,1.58,61,0,50,0.0,-4.945,-301.65
1h,EMA21/EMA50,6.0,10.0,1.67,61,0,50,0.0,-4.945,-301.65
1h,EMA21/EMA50,6.0,10.5,1.75,61,0,50,0.0,-4.945,-301.65
1h,EMA21/EMA50,6.0,11.0,1.83,61,0,50,0.0,-4.945,-301.65
1h,EMA21/EMA50,6.0,11.5,1.92,61,0,50,0.0,-4.945,-301.65
1h,EMA21/EMA50,6.0,12.0,2.0,61,0,50,0.0,-4.945,-301.65
