Stock,Timeframe,EMA Pair,Cross Time,Cross Close,EMA21 @ Cross,EMA50 @ Cross,Touch Time,Touch Open,Touch High,Touch Low,Touch Close,EMA21 @ Touch,EMA50 @ Touch,Touch Zone,Candles After Cross,EMA9 @ Cross,EMA9 @ Touch
HDFCBANK,1d,EMA9/EMA21,2024-03-13 00:00:00,730.2,720.03,,2024-03-15 00:00:00,725.0,729.65,721.12,726.33,721.24,,At/Below Slow EMA,2,721.18,723.26
HDFCBANK,1d,EMA9/EMA21,2024-03-13 00:00:00,730.2,720.03,,2024-03-19 00:00:00,717.75,726.2,717.75,724.67,721.7,,At/Below Slow EMA,4,721.18,723.5
HDFCBANK,1d,EMA9/EMA21,2024-03-13 00:00:00,730.2,720.03,,2024-03-21 00:00:00,721.3,725.62,719.15,722.88,721.29,,At/Below Slow EMA,6,721.18,722.1
HDFCBANK,1d,EMA9/EMA21,2024-03-28 00:00:00,723.95,720.82,,2024-04-19 00:00:00,743.27,767.48,740.12,765.65,747.39,,At/Below Slow EMA,13,720.92,756.28
HDFCBANK,1d,EMA9/EMA21,2024-03-28 00:00:00,723.95,720.82,,2024-04-29 00:00:00,757.5,767.23,753.27,764.75,751.66,,Between Slow & Fast EMA,19,720.92,757.38
HDFCBANK,1d,EMA9/EMA21,2024-03-28 00:00:00,723.95,720.82,,2024-05-06 00:00:00,761.0,767.25,758.58,761.33,754.87,,Between Slow & Fast EMA,23,720.92,759.95
HDFCBANK,1d,EMA9/EMA21,2024-05-27 00:00:00,763.85,742.63,,2024-05-30 00:00:00,749.6,761.8,748.83,757.42,746.63,,Between Slow & Fast EMA,3,744.36,751.21
HDFCBANK,1d,EMA9/EMA21,2024-05-27 00:00:00,763.85,742.63,,2024-06-05 00:00:00,747.02,779.8,741.17,775.9,753.15,,At/Below Slow EMA,7,744.36,760.57
HDFCBANK,1d,EMA9/EMA21,2024-08-26 00:00:00,819.98,814.82,,2024-09-03 00:00:00,817.0,819.98,812.3,818.67,816.1,,At/Below Slow EMA,6,815.42,817.03
HDFCBANK,1d,EMA9/EMA21,2024-08-26 00:00:00,819.98,814.82,,2024-09-04 00:00:00,819.5,822.4,816.0,820.9,816.53,,At/Below Slow EMA,7,815.42,817.8
HDFCBANK,1d,EMA9/EMA21,2024-08-26 00:00:00,819.98,814.82,,2024-09-09 00:00:00,819.0,824.25,815.05,823.25,817.77,,At/Below Slow EMA,10,815.42,819.63
HDFCBANK,1d,EMA9/EMA21,2024-10-21 00:00:00,864.35,843.03,,2024-10-29 00:00:00,863.08,882.0,862.55,875.92,854.69,,Between Slow & Fast EMA,6,844.44,863.73
HDFCBANK,1d,EMA9/EMA21,2024-10-21 00:00:00,864.35,843.03,,2024-10-31 00:00:00,864.0,869.45,859.7,867.85,856.92,,Between Slow & Fast EMA,8,844.44,865.12
HDFCBANK,1d,EMA9/EMA21,2024-10-21 00:00:00,864.35,843.03,,2024-11-01 00:00:00,866.5,872.05,863.05,868.65,857.99,,Between Slow & Fast EMA,9,844.44,865.83
HDFCBANK,1d,EMA9/EMA21,2024-10-21 00:00:00,864.35,843.03,,2024-11-05 00:00:00,851.5,881.35,848.95,878.92,859.82,,At/Below Slow EMA,11,844.44,867.04
HDFCBANK,1d,EMA9/EMA21,2024-10-21 00:00:00,864.35,843.03,,2024-11-07 00:00:00,872.15,880.48,869.0,873.27,862.51,,Between Slow & Fast EMA,13,844.44,869.98
HDFCBANK,1d,EMA9/EMA21,2024-11-19 00:00:00,871.12,861.48,,2024-11-22 00:00:00,871.77,877.15,864.77,872.8,863.26,,Between Slow & Fast EMA,2,861.75,865.38
HDFCBANK,1d,EMA9/EMA21,2024-11-19 00:00:00,871.12,861.48,,2024-12-02 00:00:00,901.75,904.08,887.5,902.35,878.62,,Between Slow & Fast EMA,8,861.75,890.21
HDFCBANK,1d,EMA9/EMA21,2024-11-19 00:00:00,871.12,861.48,,2024-12-13 00:00:00,931.25,937.5,914.62,935.88,908.73,,Between Slow & Fast EMA,17,861.75,926.25
HDFCBANK,1d,EMA9/EMA21,2025-02-05 00:00:00,868.9,846.35,,2025-02-17 00:00:00,842.6,860.0,840.62,858.67,851.37,,At/Below Slow EMA,8,848.11,853.56
HDFCBANK,1d,EMA9/EMA21,2025-02-05 00:00:00,868.9,846.35,,2025-02-18 00:00:00,856.52,865.77,853.08,861.52,852.29,,Between Slow & Fast EMA,9,848.11,855.15
HDFCBANK,1d,EMA9/EMA21,2025-02-05 00:00:00,868.9,846.35,,2025-02-19 00:00:00,858.5,868.95,856.23,863.6,853.32,,Between Slow & Fast EMA,10,848.11,856.84
HDFCBANK,1d,EMA9/EMA21,2025-02-28 00:00:00,866.2,851.33,,2025-03-04 00:00:00,849.0,857.15,846.62,855.0,851.62,,At/Below Slow EMA,2,852.06,852.44
HDFCBANK,1d,EMA9/EMA21,2025-03-17 00:00:00,855.2,850.27,,2025-04-02 00:00:00,885.35,899.6,885.35,898.45,880.22,,Between Slow & Fast EMA,11,850.64,894.33
HDFCBANK,1d,EMA9/EMA21,2025-03-17 00:00:00,855.2,850.27,,2025-04-03 00:00:00,890.55,902.0,888.5,897.42,881.78,,Between Slow & Fast EMA,12,850.64,894.95
HDFCBANK,1d,EMA9/EMA21,2025-03-17 00:00:00,855.2,850.27,,2025-04-11 00:00:00,887.38,909.7,887.38,903.38,885.48,,Between Slow & Fast EMA,17,850.64,892.79
HDFCBANK,1d,EMA9/EMA21,2025-03-17 00:00:00,855.2,850.27,,2025-05-07 00:00:00,967.0,974.35,961.2,972.8,943.69,,Between Slow & Fast EMA,32,850.64,962.06
HDFCBANK,1d,EMA9/EMA21,2025-03-17 00:00:00,855.2,850.27,,2025-05-12 00:00:00,958.8,979.95,956.15,978.6,948.51,,Between Slow & Fast EMA,35,850.64,962.9
HDFCBANK,1d,EMA9/EMA21,2025-03-17 00:00:00,855.2,850.27,,2025-05-15 00:00:00,956.75,972.4,948.5,966.9,951.7,,At/Below Slow EMA,38,850.64,962.28
HDFCBANK,1d,EMA9/EMA21,2025-03-17 00:00:00,855.2,850.27,,2025-05-23 00:00:00,960.05,968.5,957.25,966.8,957.01,,Between Slow & Fast EMA,44,850.64,963.37
HDFCBANK,1d,EMA9/EMA21,2025-03-17 00:00:00,855.2,850.27,,2025-05-26 00:00:00,967.5,974.95,963.45,970.1,958.2,,Between Slow & Fast EMA,45,850.64,964.72
HDFCBANK,1d,EMA9/EMA21,2025-03-17 00:00:00,855.2,850.27,,2025-05-30 00:00:00,965.95,974.4,962.7,972.45,960.56,,Between Slow & Fast EMA,49,850.64,965.57
HDFCBANK,1d,EMA9/EMA21,2025-03-17 00:00:00,855.2,850.27,,2025-06-02 00:00:00,965.05,968.0,954.0,966.05,961.06,,At/Below Slow EMA,50,850.64,965.66
HDFCBANK,1d,EMA9/EMA21,2025-03-17 00:00:00,855.2,850.27,,2025-06-04 00:00:00,960.5,971.65,960.45,970.6,962.03,,At/Below Slow EMA,52,850.64,966.11
HDFCBANK,1d,EMA9/EMA21,2025-03-17 00:00:00,855.2,850.27,,2025-06-06 00:00:00,972.0,998.15,971.35,989.35,965.57,,Between Slow & Fast EMA,54,850.64,972.15
HDFCBANK,1d,EMA9/EMA21,2025-03-17 00:00:00,855.2,850.27,,2025-06-20 00:00:00,965.8,984.95,965.8,982.35,969.48,,At/Below Slow EMA,64,850.64,971.73
HDFCBANK,1d,EMA9/EMA21,2025-03-17 00:00:00,855.2,850.27,,2025-07-04 00:00:00,993.55,1001.75,990.0,994.65,985.84,,Between Slow & Fast EMA,74,850.64,993.94
HDFCBANK,1d,EMA9/EMA21,2025-03-17 00:00:00,855.2,850.27,,2025-07-08 00:00:00,988.5,1002.5,988.5,1000.7,987.84,,Between Slow & Fast EMA,76,850.64,995.26
HDFCBANK,1d,EMA9/EMA21,2025-03-17 00:00:00,855.2,850.27,,2025-07-15 00:00:00,986.5,1001.8,986.5,997.75,991.49,,At/Below Slow EMA,81,850.64,996.37
HDFCBANK,1d,EMA9/EMA21,2025-03-17 00:00:00,855.2,850.27,,2025-07-21 00:00:00,989.1,1001.0,988.25,1000.25,991.83,,At/Below Slow EMA,85,850.64,994.13
HDFCBANK,1d,EMA9/EMA21,2025-03-17 00:00:00,855.2,850.27,,2025-07-28 00:00:00,1001.5,1010.7,1000.25,1004.25,997.09,,Between Slow & Fast EMA,90,850.64,1001.74
HDFCBANK,1d,EMA9/EMA21,2025-03-17 00:00:00,855.2,850.27,,2025-07-29 00:00:00,999.95,1013.25,998.15,1010.8,998.33,,At/Below Slow EMA,91,850.64,1003.55
HDFCBANK,1d,EMA9/EMA21,2025-03-17 00:00:00,855.2,850.27,,2025-07-31 00:00:00,1007.3,1015.7,1004.0,1009.1,1000.52,,Between Slow & Fast EMA,93,850.64,1006.16
HDFCBANK,1d,EMA9/EMA21,2025-10-07 00:00:00,982.5,964.86,,2025-10-13 00:00:00,974.3,981.0,972.0,977.0,969.15,,Between Slow & Fast EMA,4,965.67,973.17
HDFCBANK,1d,EMA9/EMA21,2025-10-07 00:00:00,982.5,964.86,,2025-10-14 00:00:00,970.0,980.45,967.0,977.15,969.88,,At/Below Slow EMA,5,965.67,973.96
HDFCBANK,1d,EMA9/EMA21,2025-10-07 00:00:00,982.5,964.86,,2025-10-15 00:00:00,975.0,984.9,973.35,978.25,970.64,,Between Slow & Fast EMA,6,965.67,974.82
HDFCBANK,1d,EMA9/EMA21,2025-10-07 00:00:00,982.5,964.86,,2025-10-27 00:00:00,996.5,1009.05,996.2,1002.95,985.99,,Between Slow & Fast EMA,13,965.67,996.5
HDFCBANK,1d,EMA9/EMA21,2025-10-07 00:00:00,982.5,964.86,,2025-10-28 00:00:00,997.65,1008.0,995.0,1003.55,987.59,,Between Slow & Fast EMA,14,965.67,997.91
HDFCBANK,1d,EMA9/EMA21,2025-10-07 00:00:00,982.5,964.86,,2025-11-11 00:00:00,983.5,993.5,978.0,991.7,988.59,,At/Below Slow EMA,23,965.67,989.57
HDFCBANK,1d,EMA9/EMA21,2025-10-07 00:00:00,982.5,964.86,,2025-11-14 00:00:00,976.05,991.65,976.05,989.6,988.59,,At/Below Slow EMA,26,965.67,989.1
HDFCBANK,1d,EMA9/EMA21,2025-10-07 00:00:00,982.5,964.86,,2025-11-17 00:00:00,991.25,997.95,985.6,996.55,989.31,,At/Below Slow EMA,27,965.67,990.59
HDFCBANK,1d,EMA9/EMA21,2025-10-07 00:00:00,982.5,964.86,,2025-11-19 00:00:00,990.0,996.55,984.0,994.6,990.05,,At/Below Slow EMA,29,965.67,991.69
HDFCBANK,1d,EMA9/EMA21,2025-10-07 00:00:00,982.5,964.86,,2025-11-20 00:00:00,995.3,1011.6,992.45,1008.85,991.76,,Between Slow & Fast EMA,30,965.67,995.12
HDFCBANK,1d,EMA9/EMA21,2025-10-07 00:00:00,982.5,964.86,,2025-11-26 00:00:00,981.3,1006.95,981.3,1003.9,993.69,,At/Below Slow EMA,34,965.67,996.84
HDFCBANK,1d,EMA9/EMA21,2025-10-07 00:00:00,982.5,964.86,,2025-12-03 00:00:00,986.0,1002.3,986.0,1000.5,996.55,,At/Below Slow EMA,39,965.67,999.26
HDFCBANK,1d,EMA9/EMA21,2025-10-07 00:00:00,982.5,964.86,,2025-12-05 00:00:00,992.0,1008.0,990.2,1003.3,997.22,,At/Below Slow EMA,41,965.67,999.74
HDFCBANK,1d,EMA9/EMA21,2025-10-07 00:00:00,982.5,964.86,,2025-12-08 00:00:00,1000.0,1006.5,997.5,1003.1,997.75,,At/Below Slow EMA,42,965.67,1000.41
HDFCBANK,1d,EMA9/EMA21,2025-10-07 00:00:00,982.5,964.86,,2025-12-11 00:00:00,990.0,1002.7,988.5,1000.3,997.28,,At/Below Slow EMA,45,965.67,998.27
ICICIBANK,1d,EMA9/EMA21,2024-01-03 00:00:00,984.05,982.41,,2024-01-04 00:00:00,986.4,989.15,981.9,987.15,982.84,,At/Below Slow EMA,1,982.61,983.52
ICICIBANK,1d,EMA9/EMA21,2024-01-03 00:00:00,984.05,982.41,,2024-01-05 00:00:00,988.0,998.3,983.8,993.7,983.83,,At/Below Slow EMA,2,982.61,985.55
ICICIBANK,1d,EMA9/EMA21,2024-01-03 00:00:00,984.05,982.41,,2024-01-10 00:00:00,974.3,994.95,974.3,993.05,984.19,,At/Below Slow EMA,5,982.61,985.67
ICICIBANK,1d,EMA9/EMA21,2024-01-03 00:00:00,984.05,982.41,,2024-01-19 00:00:00,991.3,1010.9,987.55,999.2,990.29,,At/Below Slow EMA,12,982.61,993.81
ICICIBANK,1d,EMA9/EMA21,2024-01-03 00:00:00,984.05,982.41,,2024-01-20 00:00:00,1005.95,1014.7,995.3,1008.7,991.96,,Between Slow & Fast EMA,13,982.61,996.79
ICICIBANK,1d,EMA9/EMA21,2024-01-03 00:00:00,984.05,982.41,,2024-01-25 00:00:00,998.4,1015.1,988.15,1009.95,996.98,,At/Below Slow EMA,16,982.61,1003.94
ICICIBANK,1d,EMA9/EMA21,2024-01-03 00:00:00,984.05,982.41,,2024-01-30 00:00:00,1014.95,1023.85,1008.0,1016.9,1000.4,,Between Slow & Fast EMA,18,982.61,1008.52
ICICIBANK,1d,EMA9/EMA21,2024-01-03 00:00:00,984.05,982.41,,2024-01-31 00:00:00,1016.8,1039.0,1003.25,1028.15,1002.92,,Between Slow & Fast EMA,19,982.61,1012.45
ICICIBANK,1d,EMA9/EMA21,2024-01-03 00:00:00,984.05,982.41,,2024-02-05 00:00:00,1022.5,1026.45,1012.1,1023.5,1008.2,,Between Slow & Fast EMA,22,982.61,1018.13
ICICIBANK,1d,EMA9/EMA21,2024-01-03 00:00:00,984.05,982.41,,2024-02-06 00:00:00,1023.55,1034.9,1016.7,1026.4,1009.86,,Between Slow & Fast EMA,23,982.61,1019.79
ICICIBANK,1d,EMA9/EMA21,2024-01-03 00:00:00,984.05,982.41,,2024-02-13 00:00:00,1006.0,1027.05,1000.3,1019.8,1009.05,,At/Below Slow EMA,28,982.61,1011.91
ICICIBANK,1d,EMA9/EMA21,2024-01-03 00:00:00,984.05,982.41,,2024-02-14 00:00:00,1009.55,1035.7,1007.55,1022.7,1010.29,,At/Below Slow EMA,29,982.61,1014.07
ICICIBANK,1d,EMA9/EMA21,2024-01-03 00:00:00,984.05,982.41,,2024-02-27 00:00:00,1050.75,1066.2,1046.5,1060.2,1033.22,,Between Slow & Fast EMA,38,982.61,1048.15
ICICIBANK,1d,EMA9/EMA21,2024-01-03 00:00:00,984.05,982.41,,2024-02-29 00:00:00,1043.05,1060.7,1038.5,1052.2,1036.02,,Between Slow & Fast EMA,40,982.61,1048.64
ICICIBANK,1d,EMA9/EMA21,2024-01-03 00:00:00,984.05,982.41,,2024-03-01 00:00:00,1055.0,1089.95,1054.0,1086.9,1040.64,,Between Slow & Fast EMA,41,982.61,1056.3
ICICIBANK,1d,EMA9/EMA21,2024-01-03 00:00:00,984.05,982.41,,2024-03-13 00:00:00,1077.15,1089.65,1073.15,1083.95,1064.55,,Between Slow & Fast EMA,49,982.61,1079.73
ICICIBANK,1d,EMA9/EMA21,2024-01-03 00:00:00,984.05,982.41,,2024-03-14 00:00:00,1080.0,1097.1,1075.05,1083.6,1066.28,,Between Slow & Fast EMA,50,982.61,1080.5
ICICIBANK,1d,EMA9/EMA21,2024-01-03 00:00:00,984.05,982.41,,2024-03-18 00:00:00,1075.05,1084.8,1060.05,1081.2,1068.8,,At/Below Slow EMA,52,982.61,1080.62
ICICIBANK,1d,EMA9/EMA21,2024-01-03 00:00:00,984.05,982.41,,2024-03-19 00:00:00,1078.45,1088.75,1075.25,1083.95,1070.18,,Between Slow & Fast EMA,53,982.61,1081.28
ICICIBANK,1d,EMA9/EMA21,2024-01-03 00:00:00,984.05,982.41,,2024-03-20 00:00:00,1080.0,1090.0,1067.5,1084.5,1071.48,,At/Below Slow EMA,54,982.61,1081.93
ICICIBANK,1d,EMA9/EMA21,2024-01-03 00:00:00,984.05,982.41,,2024-03-22 00:00:00,1081.15,1093.7,1078.7,1090.3,1074.04,,Between Slow & Fast EMA,56,982.61,1083.58
ICICIBANK,1d,EMA9/EMA21,2024-01-03 00:00:00,984.05,982.41,,2024-03-26 00:00:00,1081.0,1089.15,1076.95,1083.7,1074.92,,Between Slow & Fast EMA,57,982.61,1083.61
ICICIBANK,1d,EMA9/EMA21,2024-01-03 00:00:00,984.05,982.41,,2024-03-27 00:00:00,1083.7,1092.5,1079.55,1083.75,1075.72,,Between Slow & Fast EMA,58,982.61,1083.63
ICICIBANK,1d,EMA9/EMA21,2024-01-03 00:00:00,984.05,982.41,,2024-03-28 00:00:00,1085.0,1105.05,1085.0,1093.3,1077.32,,Between Slow & Fast EMA,59,982.61,1085.57
ICICIBANK,1d,EMA9/EMA21,2024-01-03 00:00:00,984.05,982.41,,2024-04-08 00:00:00,1078.35,1091.75,1076.3,1087.15,1080.33,,At/Below Slow EMA,65,982.61,1084.39
ICICIBANK,1d,EMA9/EMA21,2024-01-03 00:00:00,984.05,982.41,,2024-04-09 00:00:00,1091.95,1115.25,1088.3,1107.05,1082.75,,Between Slow & Fast EMA,66,982.61,1088.92
ICICIBANK,1d,EMA9/EMA21,2024-04-24 00:00:00,1096.75,1083.21,,2024-04-25 00:00:00,1090.0,1125.65,1089.95,1113.75,1085.99,,Between Slow & Fast EMA,1,1084.8,1090.59
ICICIBANK,1d,EMA9/EMA21,2024-04-24 00:00:00,1096.75,1083.21,,2024-05-13 00:00:00,1112.4,1130.65,1106.7,1128.0,1115.12,,At/Below Slow EMA,12,1084.8,1124.87
ICICIBANK,1d,EMA9/EMA21,2024-04-24 00:00:00,1096.75,1083.21,,2024-05-15 00:00:00,1122.1,1127.8,1113.5,1124.35,1116.41,,At/Below Slow EMA,14,1084.8,1124.07
ICICIBANK,1d,EMA9/EMA21,2024-04-24 00:00:00,1096.75,1083.21,,2024-05-23 00:00:00,1115.55,1137.0,1111.4,1134.5,1120.64,,At/Below Slow EMA,20,1084.8,1125.35
ICICIBANK,1d,EMA9/EMA21,2024-04-24 00:00:00,1096.75,1083.21,,2024-05-24 00:00:00,1130.0,1135.0,1124.15,1131.95,1121.66,,Between Slow & Fast EMA,21,1084.8,1126.67
ICICIBANK,1d,EMA9/EMA21,2024-04-24 00:00:00,1096.75,1083.21,,2024-05-31 00:00:00,1118.0,1130.6,1111.25,1121.05,1120.34,,At/Below Slow EMA,26,1084.8,1120.6
ICICIBANK,1d,EMA9/EMA21,2024-06-19 00:00:00,1144.45,1119.5,,2024-07-03 00:00:00,1196.85,1215.85,1179.45,1201.6,1166.53,,Between Slow & Fast EMA,10,1121.39,1190.75
ICICIBANK,1d,EMA9/EMA21,2024-06-19 00:00:00,1144.45,1119.5,,2024-07-16 00:00:00,1230.0,1245.0,1229.0,1239.9,1207.17,,Between Slow & Fast EMA,19,1121.39,1230.73
ICICIBANK,1d,EMA9/EMA21,2024-06-19 00:00:00,1144.45,1119.5,,2024-07-18 00:00:00,1234.9,1256.45,1231.7,1250.3,1211.09,,Between Slow & Fast EMA,20,1121.39,1234.64
ICICIBANK,1d,EMA9/EMA21,2024-06-19 00:00:00,1144.45,1119.5,,2024-07-22 00:00:00,1240.0,1245.3,1232.9,1241.15,1216.93,,Between Slow & Fast EMA,22,1121.39,1238.18
ICICIBANK,1d,EMA9/EMA21,2024-08-26 00:00:00,1213.3,1190.25,,2024-09-03 00:00:00,1227.2,1250.95,1220.4,1247.7,1207.96,,Between Slow & Fast EMA,6,1190.4,1221.48
ICICIBANK,1d,EMA9/EMA21,2024-08-26 00:00:00,1213.3,1190.25,,2024-09-09 00:00:00,1202.9,1238.3,1200.45,1235.0,1214.48,,At/Below Slow EMA,10,1190.4,1225.42
ICICIBANK,1d,EMA9/EMA21,2024-08-26 00:00:00,1213.3,1190.25,,2024-09-10 00:00:00,1236.95,1241.35,1227.0,1237.3,1216.55,,Between Slow & Fast EMA,11,1190.4,1227.8
ICICIBANK,1d,EMA9/EMA21,2024-08-26 00:00:00,1213.3,1190.25,,2024-09-11 00:00:00,1231.5,1239.3,1226.4,1236.35,1218.35,,Between Slow & Fast EMA,12,1190.4,1229.51
ICICIBANK,1d,EMA9/EMA21,2024-08-26 00:00:00,1213.3,1190.25,,2024-09-12 00:00:00,1238.0,1257.0,1226.35,1252.15,1221.43,,Between Slow & Fast EMA,13,1190.4,1234.04
ICICIBANK,1d,EMA9/EMA21,2024-10-28 00:00:00,1292.85,1258.14,,2024-11-05 00:00:00,1273.0,1301.3,1263.1,1296.7,1275.59,,At/Below Slow EMA,6,1261.4,1286.81
ICICIBANK,1d,EMA9/EMA21,2024-11-25 00:00:00,1300.95,1270.68,,2024-11-29 00:00:00,1283.1,1303.25,1283.1,1300.1,1279.24,,Between Slow & Fast EMA,4,1271.38,1286.71
ICICIBANK,1d,EMA9/EMA21,2024-11-25 00:00:00,1300.95,1270.68,,2024-12-02 00:00:00,1299.9,1310.55,1289.15,1304.65,1281.55,,Between Slow & Fast EMA,5,1271.38,1290.3
ICICIBANK,1d,EMA9/EMA21,2024-11-25 00:00:00,1300.95,1270.68,,2024-12-10 00:00:00,1319.0,1332.0,1315.25,1330.45,1300.32,,Between Slow & Fast EMA,11,1271.38,1316.4
ICICIBANK,1d,EMA9/EMA21,2024-11-25 00:00:00,1300.95,1270.68,,2024-12-11 00:00:00,1324.7,1331.25,1316.0,1327.5,1302.79,,Between Slow & Fast EMA,12,1271.38,1318.62
ICICIBANK,1d,EMA9/EMA21,2024-11-25 00:00:00,1300.95,1270.68,,2024-12-13 00:00:00,1325.35,1347.15,1313.5,1344.9,1308.81,,Between Slow & Fast EMA,14,1271.38,1325.58
ICICIBANK,1d,EMA9/EMA21,2025-02-04 00:00:00,1268.2,1248.92,,2025-02-10 00:00:00,1257.2,1265.0,1249.35,1262.6,1253.87,,At/Below Slow EMA,4,1249.57,1258.13
ICICIBANK,1d,EMA9/EMA21,2025-02-04 00:00:00,1268.2,1248.92,,2025-02-14 00:00:00,1252.1,1263.5,1244.45,1260.1,1253.79,,At/Below Slow EMA,8,1249.57,1255.69
ICICIBANK,1d,EMA9/EMA21,2025-03-17 00:00:00,1269.0,1236.44,,2025-04-02 00:00:00,1322.15,1337.95,1322.15,1331.25,1299.68,,Between Slow & Fast EMA,11,1239.55,1325.9
ICICIBANK,1d,EMA9/EMA21,2025-03-17 00:00:00,1269.0,1236.44,,2025-04-03 00:00:00,1321.95,1333.0,1321.25,1329.55,1302.4,,Between Slow & Fast EMA,12,1239.55,1326.63
ICICIBANK,1d,EMA9/EMA21,2025-03-17 00:00:00,1269.0,1236.44,,2025-04-04 00:00:00,1329.55,1338.55,1322.1,1335.3,1305.39,,Between Slow & Fast EMA,13,1239.55,1328.37
ICICIBANK,1d,EMA9/EMA21,2025-03-17 00:00:00,1269.0,1236.44,,2025-05-07 00:00:00,1425.0,1442.0,1421.0,1435.4,1392.12,,Between Slow & Fast EMA,32,1239.55,1422.47
ICICIBANK,1d,EMA9/EMA21,2025-03-17 00:00:00,1269.0,1236.44,,2025-05-12 00:00:00,1409.4,1453.0,1404.0,1448.5,1400.24,,Between Slow & Fast EMA,35,1239.55,1423.97
ICICIBANK,1d,EMA9/EMA21,2025-03-17 00:00:00,1269.0,1236.44,,2025-05-15 00:00:00,1425.9,1456.5,1415.5,1450.8,1409.26,,Between Slow & Fast EMA,38,1239.55,1430.54
ICICIBANK,1d,EMA9/EMA21,2025-03-17 00:00:00,1269.0,1236.44,,2025-05-21 00:00:00,1442.9,1451.3,1438.5,1444.7,1420.92,,Between Slow & Fast EMA,42,1239.55,1439.36
ICICIBANK,1d,EMA9/EMA21,2025-03-17 00:00:00,1269.0,1236.44,,2025-05-22 00:00:00,1441.1,1445.3,1427.8,1442.1,1422.84,,Between Slow & Fast EMA,43,1239.55,1439.91
ICICIBANK,1d,EMA9/EMA21,2025-03-17 00:00:00,1269.0,1236.44,,2025-05-23 00:00:00,1442.2,1451.8,1434.4,1449.8,1425.29,,Between Slow & Fast EMA,44,1239.55,1441.89
ICICIBANK,1d,EMA9/EMA21,2025-03-17 00:00:00,1269.0,1236.44,,2025-05-28 00:00:00,1447.6,1458.0,1442.5,1453.8,1432.28,,Between Slow & Fast EMA,47,1239.55,1447.39
ICICIBANK,1d,EMA9/EMA21,2025-03-17 00:00:00,1269.0,1236.44,,2025-06-02 00:00:00,1442.0,1460.0,1432.8,1450.5,1436.87,,At/Below Slow EMA,50,1239.55,1448.92
ICICIBANK,1d,EMA9/EMA21,2025-03-17 00:00:00,1269.0,1236.44,,2025-06-05 00:00:00,1430.9,1459.0,1427.3,1454.8,1438.1,,At/Below Slow EMA,53,1239.55,1445.82
ICICIBANK,1d,EMA9/EMA21,2025-03-17 00:00:00,1269.0,1236.44,,2025-06-06 00:00:00,1448.6,1461.4,1442.1,1459.7,1440.06,,Between Slow & Fast EMA,54,1239.55,1448.6
ICICIBANK,1d,EMA9/EMA21,2025-06-27 00:00:00,1462.2,1431.73,,2025-07-04 00:00:00,1427.0,1444.4,1421.1,1442.8,1432.85,,At/Below Slow EMA,5,1433.98,1434.43
ICICIBANK,1d,EMA9/EMA21,2025-06-27 00:00:00,1462.2,1431.73,,2025-07-08 00:00:00,1432.0,1445.0,1430.0,1442.0,1433.92,,At/Below Slow EMA,7,1433.98,1436.15
ICICIBANK,1d,EMA9/EMA21,2025-07-21 00:00:00,1465.8,1432.52,,2025-07-31 00:00:00,1469.9,1494.5,1464.0,1481.4,1459.37,,Between Slow & Fast EMA,8,1434.5,1474.85
ICICIBANK,1d,EMA9/EMA21,2025-11-26 00:00:00,1375.0,1369.26,,2025-12-03 00:00:00,1367.0,1394.2,1367.0,1391.5,1375.91,,At/Below Slow EMA,5,1369.93,1381.07
ICICIBANK,1d,EMA9/EMA21,2025-11-26 00:00:00,1375.0,1369.26,,2025-12-05 00:00:00,1381.0,1395.3,1381.0,1392.5,1378.31,,Between Slow & Fast EMA,7,1369.93,1384.26
ICICIBANK,1d,EMA9/EMA21,2025-11-26 00:00:00,1375.0,1369.26,,2025-12-08 00:00:00,1387.0,1394.9,1383.3,1389.6,1379.34,,Between Slow & Fast EMA,8,1369.93,1385.33
ICICIBANK,1d,EMA9/EMA21,2026-01-06 00:00:00,1411.2,1363.86,,2026-01-12 00:00:00,1399.9,1424.3,1391.7,1413.1,1381.38,,Between Slow & Fast EMA,4,1365.91,1396.66
ICICIBANK,1d,EMA9/EMA21,2026-02-05 00:00:00,1396.5,1376.55,,2026-02-16 00:00:00,1404.0,1414.0,1400.5,1411.6,1393.4,,Between Slow & Fast EMA,7,1378.89,1405.3
ICICIBANK,1d,EMA9/EMA21,2026-02-05 00:00:00,1396.5,1376.55,,2026-02-17 00:00:00,1406.2,1413.6,1393.6,1407.5,1394.69,,At/Below Slow EMA,8,1378.89,1405.74
ICICIBANK,1d,EMA9/EMA21,2026-02-05 00:00:00,1396.5,1376.55,,2026-02-25 00:00:00,1391.8,1407.4,1388.2,1400.5,1395.14,,At/Below Slow EMA,14,1378.89,1398.15
INFY,1d,EMA9/EMA21,2024-01-12 00:00:00,1612.75,1532.75,,2024-01-31 00:00:00,1648.25,1667.25,1638.1,1660.9,1615.79,,Between Slow & Fast EMA,12,1537.19,1648.48
INFY,1d,EMA9/EMA21,2024-01-12 00:00:00,1612.75,1532.75,,2024-02-06 00:00:00,1686.75,1733.0,1673.95,1729.45,1640.67,,Between Slow & Fast EMA,16,1537.19,1677.49
INFY,1d,EMA9/EMA21,2024-01-12 00:00:00,1612.75,1532.75,,2024-02-13 00:00:00,1683.0,1689.1,1663.5,1684.55,1656.88,,Between Slow & Fast EMA,21,1537.19,1681.11
INFY,1d,EMA9/EMA21,2024-01-12 00:00:00,1612.75,1532.75,,2024-02-22 00:00:00,1665.0,1684.6,1644.4,1681.35,1668.41,,At/Below Slow EMA,28,1537.19,1680.1
INFY,1d,EMA9/EMA21,2024-01-12 00:00:00,1612.75,1532.75,,2024-02-29 00:00:00,1665.0,1682.25,1653.3,1673.9,1668.74,,At/Below Slow EMA,33,1537.19,1673.02
INFY,1d,EMA9/EMA21,2024-06-07 00:00:00,1533.6,1448.26,,2024-08-12 00:00:00,1773.05,1803.5,1768.1,1797.4,1770.32,,At/Below Slow EMA,44,1455.52,1788.68
INFY,1d,EMA9/EMA21,2024-06-07 00:00:00,1533.6,1448.26,,2024-09-04 00:00:00,1921.1,1927.2,1900.05,1922.45,1877.85,,Between Slow & Fast EMA,60,1455.52,1919.79
INFY,1d,EMA9/EMA21,2024-06-07 00:00:00,1533.6,1448.26,,2024-09-05 00:00:00,1926.25,1940.0,1909.6,1933.15,1882.87,,Between Slow & Fast EMA,61,1455.52,1922.46
INFY,1d,EMA9/EMA21,2024-06-07 00:00:00,1533.6,1448.26,,2024-09-12 00:00:00,1925.0,1956.4,1910.8,1950.45,1895.47,,Between Slow & Fast EMA,66,1455.52,1920.25
INFY,1d,EMA9/EMA21,2024-10-04 00:00:00,1918.15,1902.32,,2024-10-08 00:00:00,1937.9,1957.95,1906.35,1948.55,1909.17,,At/Below Slow EMA,2,1903.05,1917.15
INFY,1d,EMA9/EMA21,2024-10-04 00:00:00,1918.15,1902.32,,2024-10-11 00:00:00,1918.0,1947.0,1910.1,1935.1,1915.61,,At/Below Slow EMA,5,1903.05,1925.59
INFY,1d,EMA9/EMA21,2024-10-04 00:00:00,1918.15,1902.32,,2024-10-14 00:00:00,1932.15,1969.5,1931.1,1958.9,1919.55,,Between Slow & Fast EMA,6,1903.05,1932.25
INFY,1d,EMA9/EMA21,2024-10-04 00:00:00,1918.15,1902.32,,2024-10-17 00:00:00,1935.2,1978.0,1930.15,1968.1,1926.99,,Between Slow & Fast EMA,9,1903.05,1940.94
INFY,1d,EMA9/EMA21,2024-11-22 00:00:00,1902.25,1846.48,,2024-12-02 00:00:00,1859.0,1882.8,1835.2,1879.8,1863.8,,At/Below Slow EMA,6,1847.68,1873.76
INFY,1d,EMA9/EMA21,2024-11-22 00:00:00,1902.25,1846.48,,2024-12-03 00:00:00,1887.0,1899.75,1871.15,1892.1,1866.37,,Between Slow & Fast EMA,7,1847.68,1877.43
INFY,1d,EMA9/EMA21,2024-11-22 00:00:00,1902.25,1846.48,,2024-12-04 00:00:00,1884.0,1913.95,1875.0,1889.25,1868.45,,Between Slow & Fast EMA,8,1847.68,1879.79
INFY,1d,EMA9/EMA21,2024-11-22 00:00:00,1902.25,1846.48,,2024-12-05 00:00:00,1900.0,1949.9,1888.95,1934.85,1874.49,,Between Slow & Fast EMA,9,1847.68,1890.81
INFY,1d,EMA9/EMA21,2024-11-22 00:00:00,1902.25,1846.48,,2024-12-17 00:00:00,1968.0,1982.0,1958.0,1976.6,1924.72,,Between Slow & Fast EMA,17,1847.68,1959.69
INFY,1d,EMA9/EMA21,2024-11-22 00:00:00,1902.25,1846.48,,2024-12-18 00:00:00,1966.8,1984.95,1961.6,1979.15,1929.66,,Between Slow & Fast EMA,18,1847.68,1963.58
INFY,1d,EMA9/EMA21,2025-01-03 00:00:00,1938.75,1921.64,,2025-01-08 00:00:00,1930.0,1938.6,1888.75,1933.15,1924.67,,At/Below Slow EMA,3,1922.94,1928.16
INFY,1d,EMA9/EMA21,2025-01-03 00:00:00,1938.75,1921.64,,2025-01-10 00:00:00,1937.0,1977.8,1932.25,1966.95,1927.9,,Between Slow & Fast EMA,5,1922.94,1934.18
INFY,1d,EMA9/EMA21,2025-01-03 00:00:00,1938.75,1921.64,,2025-01-15 00:00:00,1947.0,1958.05,1937.1,1949.65,1933.46,,Between Slow & Fast EMA,8,1922.94,1941.8
INFY,1d,EMA9/EMA21,2025-05-09 00:00:00,1507.6,1499.9,,2025-05-21 00:00:00,1567.9,1571.0,1552.1,1568.5,1543.49,,Between Slow & Fast EMA,8,1500.3,1564.54
INFY,1d,EMA9/EMA21,2025-05-09 00:00:00,1507.6,1499.9,,2025-05-23 00:00:00,1550.0,1587.2,1550.0,1564.8,1545.76,,Between Slow & Fast EMA,10,1500.3,1561.86
INFY,1d,EMA9/EMA21,2025-05-09 00:00:00,1507.6,1499.9,,2025-05-26 00:00:00,1566.6,1583.8,1562.7,1580.5,1548.92,,Between Slow & Fast EMA,11,1500.3,1565.59
INFY,1d,EMA9/EMA21,2025-05-09 00:00:00,1507.6,1499.9,,2025-06-06 00:00:00,1554.7,1568.9,1543.1,1563.8,1555.41,,At/Below Slow EMA,20,1500.3,1559.58
INFY,1d,EMA9/EMA21,2025-05-09 00:00:00,1507.6,1499.9,,2025-06-13 00:00:00,1576.0,1609.0,1570.2,1602.0,1573.59,,At/Below Slow EMA,25,1500.3,1589.88
INFY,1d,EMA9/EMA21,2025-05-09 00:00:00,1507.6,1499.9,,2025-06-20 00:00:00,1619.0,1630.7,1608.9,1622.9,1593.88,,Between Slow & Fast EMA,30,1500.3,1614.45
INFY,1d,EMA9/EMA21,2025-05-09 00:00:00,1507.6,1499.9,,2025-06-25 00:00:00,1590.0,1619.9,1585.1,1614.9,1594.03,,At/Below Slow EMA,33,1500.3,1605.39
INFY,1d,EMA9/EMA21,2025-05-09 00:00:00,1507.6,1499.9,,2025-06-26 00:00:00,1608.8,1624.0,1606.6,1616.0,1596.03,,Between Slow & Fast EMA,34,1500.3,1607.51
INFY,1d,EMA9/EMA21,2025-05-09 00:00:00,1507.6,1499.9,,2025-07-04 00:00:00,1625.0,1643.4,1612.3,1640.7,1604.82,,Between Slow & Fast EMA,40,1500.3,1615.81
INFY,1d,EMA9/EMA21,2025-05-09 00:00:00,1507.6,1499.9,,2025-07-08 00:00:00,1628.0,1646.2,1621.5,1638.7,1609.73,,Between Slow & Fast EMA,42,1500.3,1622.18
INFY,1d,EMA9/EMA21,2025-10-23 00:00:00,1528.5,1482.27,,2025-10-28 00:00:00,1499.7,1506.5,1490.5,1500.2,1488.98,,Between Slow & Fast EMA,3,1483.05,1495.33
INFY,1d,EMA9/EMA21,2025-10-23 00:00:00,1528.5,1482.27,,2025-10-29 00:00:00,1500.2,1520.2,1496.9,1510.4,1490.93,,Between Slow & Fast EMA,4,1483.05,1498.35
INFY,1d,EMA9/EMA21,2025-11-10 00:00:00,1513.5,1487.74,,2025-11-19 00:00:00,1490.5,1543.0,1490.5,1541.1,1504.15,,At/Below Slow EMA,7,1488.42,1513.28
INFY,1d,EMA9/EMA21,2025-11-10 00:00:00,1513.5,1487.74,,2025-11-26 00:00:00,1532.1,1560.3,1532.1,1557.9,1519.32,,Between Slow & Fast EMA,12,1488.42,1534.57
INFY,1d,EMA9/EMA21,2025-11-10 00:00:00,1513.5,1487.74,,2025-12-03 00:00:00,1555.1,1586.0,1554.1,1578.7,1537.23,,Between Slow & Fast EMA,17,1488.42,1556.61
INFY,1d,EMA9/EMA21,2025-11-10 00:00:00,1513.5,1487.74,,2025-12-15 00:00:00,1585.0,1610.8,1585.0,1606.8,1571.26,,Between Slow & Fast EMA,25,1488.42,1593.35
INFY,1d,EMA9/EMA21,2025-11-10 00:00:00,1513.5,1487.74,,2025-12-17 00:00:00,1587.2,1606.9,1586.0,1602.0,1575.85,,Between Slow & Fast EMA,27,1488.42,1595.01
INFY,1d,EMA9/EMA21,2025-11-10 00:00:00,1513.5,1487.74,,2026-01-02 00:00:00,1635.9,1643.5,1627.5,1640.4,1618.92,,Between Slow & Fast EMA,38,1488.42,1634.75
INFY,1d,EMA9/EMA21,2025-11-10 00:00:00,1513.5,1487.74,,2026-01-07 00:00:00,1615.0,1642.0,1615.0,1639.0,1619.25,,At/Below Slow EMA,41,1488.42,1628.36
INFY,1d,EMA9/EMA21,2026-01-16 00:00:00,1689.8,1620.28,,2026-01-21 00:00:00,1651.0,1657.0,1631.2,1654.4,1631.15,,Between Slow & Fast EMA,3,1626.84,1644.44
INFY,1d,EMA9/EMA21,2026-04-15 00:00:00,1305.3,1300.04,,2026-04-17 00:00:00,1313.0,1328.3,1306.1,1318.7,1303.32,,Between Slow & Fast EMA,2,1300.62,1307.21
INFY,1d,EMA9/EMA21,2026-04-15 00:00:00,1305.3,1300.04,,2026-04-21 00:00:00,1310.0,1325.0,1299.3,1313.2,1304.99,,At/Below Slow EMA,4,1300.62,1309.27
RELIANCE,1d,EMA9/EMA21,2024-01-11 00:00:00,1359.9,1309.07,,2024-01-18 00:00:00,1351.4,1371.0,1351.25,1367.95,1333.32,,Between Slow & Fast EMA,5,1315.09,1353.37
RELIANCE,1d,EMA9/EMA21,2024-01-11 00:00:00,1359.9,1309.07,,2024-01-25 00:00:00,1342.95,1364.15,1335.2,1353.08,1339.35,,At/Below Slow EMA,10,1315.09,1350.11
RELIANCE,1d,EMA9/EMA21,2024-01-11 00:00:00,1359.9,1309.07,,2024-01-29 00:00:00,1364.5,1452.5,1360.17,1448.05,1349.23,,Between Slow & Fast EMA,11,1315.09,1369.7
RELIANCE,1d,EMA9/EMA21,2024-01-11 00:00:00,1359.9,1309.07,,2024-02-19 00:00:00,1462.05,1479.5,1453.53,1474.0,1430.62,,Between Slow & Fast EMA,26,1315.09,1459.56
RELIANCE,1d,EMA9/EMA21,2024-01-11 00:00:00,1359.9,1309.07,,2024-02-22 00:00:00,1468.15,1484.95,1458.0,1481.75,1441.37,,Between Slow & Fast EMA,29,1315.09,1466.77
RELIANCE,1d,EMA9/EMA21,2024-01-11 00:00:00,1359.9,1309.07,,2024-03-01 00:00:00,1463.5,1500.0,1462.5,1492.12,1457.49,,Between Slow & Fast EMA,35,1315.09,1474.84
RELIANCE,1d,EMA9/EMA21,2024-01-11 00:00:00,1359.9,1309.07,,2024-03-06 00:00:00,1493.45,1509.0,1478.5,1503.0,1471.2,,Between Slow & Fast EMA,39,1315.09,1490.36
RELIANCE,1d,EMA9/EMA21,2024-03-28 00:00:00,1485.85,1459.41,,2024-04-08 00:00:00,1462.97,1490.97,1461.0,1485.97,1466.12,,At/Below Slow EMA,6,1462.21,1471.18
RELIANCE,1d,EMA9/EMA21,2024-03-28 00:00:00,1485.85,1459.41,,2024-04-10 00:00:00,1466.35,1487.0,1466.35,1479.58,1467.14,,At/Below Slow EMA,8,1462.21,1471.66
RELIANCE,1d,EMA9/EMA21,2024-03-28 00:00:00,1485.85,1459.41,,2024-04-19 00:00:00,1456.78,1474.0,1443.03,1470.12,1466.92,,At/Below Slow EMA,13,1462.21,1468.35
RELIANCE,1d,EMA9/EMA21,2024-03-28 00:00:00,1485.85,1459.41,,2024-04-22 00:00:00,1472.45,1482.83,1467.8,1479.85,1468.09,,At/Below Slow EMA,14,1462.21,1470.65
RELIANCE,1d,EMA9/EMA21,2024-06-07 00:00:00,1469.95,1444.2,,2024-06-14 00:00:00,1470.0,1479.67,1457.22,1477.55,1452.95,,Between Slow & Fast EMA,5,1444.69,1460.35
RELIANCE,1d,EMA9/EMA21,2024-06-07 00:00:00,1469.95,1444.2,,2024-06-20 00:00:00,1459.0,1482.85,1450.1,1473.7,1457.41,,At/Below Slow EMA,8,1444.69,1465.4
RELIANCE,1d,EMA9/EMA21,2024-06-07 00:00:00,1469.95,1444.2,,2024-06-26 00:00:00,1446.05,1518.97,1445.12,1514.03,1460.87,,At/Below Slow EMA,12,1444.69,1469.11
RELIANCE,1d,EMA9/EMA21,2024-06-07 00:00:00,1469.95,1444.2,,2024-07-12 00:00:00,1584.5,1605.15,1574.5,1596.72,1540.32,,Between Slow & Fast EMA,24,1444.69,1574.99
RELIANCE,1d,EMA9/EMA21,2024-06-07 00:00:00,1469.95,1444.2,,2024-07-18 00:00:00,1576.0,1593.9,1557.83,1586.67,1551.78,,Between Slow & Fast EMA,27,1444.69,1580.37
RELIANCE,1d,EMA9/EMA21,2024-08-27 00:00:00,1500.45,1494.28,,2024-08-29 00:00:00,1503.1,1537.0,1494.0,1520.92,1497.03,,At/Below Slow EMA,2,1495.01,1500.72
RELIANCE,1d,EMA9/EMA21,2024-08-27 00:00:00,1500.45,1494.28,,2024-09-04 00:00:00,1500.7,1517.5,1499.5,1514.55,1501.93,,At/Below Slow EMA,6,1495.01,1507.73
RELIANCE,1d,EMA9/EMA21,2024-09-26 00:00:00,1497.95,1485.11,,2024-09-27 00:00:00,1499.0,1533.47,1492.0,1526.17,1488.84,,Between Slow & Fast EMA,1,1486.32,1494.29
RELIANCE,1d,EMA9/EMA21,2025-04-21 00:00:00,1295.5,1241.32,,2025-05-15 00:00:00,1425.0,1461.4,1412.7,1454.2,1371.63,,Between Slow & Fast EMA,17,1246.68,1414.87
RELIANCE,1d,EMA9/EMA21,2025-04-21 00:00:00,1295.5,1241.32,,2025-05-21 00:00:00,1423.9,1436.2,1418.1,1429.2,1392.23,,Between Slow & Fast EMA,21,1246.68,1426.86
RELIANCE,1d,EMA9/EMA21,2025-04-21 00:00:00,1295.5,1241.32,,2025-05-23 00:00:00,1406.6,1433.8,1406.6,1426.8,1396.79,,Between Slow & Fast EMA,23,1246.68,1424.06
RELIANCE,1d,EMA9/EMA21,2025-04-21 00:00:00,1295.5,1241.32,,2025-05-26 00:00:00,1432.0,1441.0,1425.1,1434.8,1400.25,,Between Slow & Fast EMA,24,1246.68,1426.21
RELIANCE,1d,EMA9/EMA21,2025-04-21 00:00:00,1295.5,1241.32,,2025-06-04 00:00:00,1414.7,1425.7,1406.1,1423.5,1408.14,,At/Below Slow EMA,31,1246.68,1418.43
RELIANCE,1d,EMA9/EMA21,2025-04-21 00:00:00,1295.5,1241.32,,2025-06-16 00:00:00,1426.9,1442.4,1424.4,1437.8,1425.36,,At/Below Slow EMA,39,1246.68,1435.86
RELIANCE,1d,EMA9/EMA21,2025-04-21 00:00:00,1295.5,1241.32,,2025-06-20 00:00:00,1431.0,1471.0,1428.1,1466.2,1430.48,,At/Below Slow EMA,43,1246.68,1440.3
RELIANCE,1d,EMA9/EMA21,2025-04-21 00:00:00,1295.5,1241.32,,2025-06-23 00:00:00,1453.0,1463.8,1442.0,1456.8,1432.88,,Between Slow & Fast EMA,44,1246.68,1443.6
RELIANCE,1d,EMA9/EMA21,2025-10-17 00:00:00,1416.8,1384.17,,2025-11-06 00:00:00,1484.0,1501.6,1476.2,1496.1,1450.23,,Between Slow & Fast EMA,12,1387.68,1477.5
RELIANCE,1d,EMA9/EMA21,2025-10-17 00:00:00,1416.8,1384.17,,2025-11-10 00:00:00,1477.9,1501.0,1475.5,1489.3,1456.07,,Between Slow & Fast EMA,14,1387.68,1479.94
RELIANCE,1d,EMA9/EMA21,2025-10-17 00:00:00,1416.8,1384.17,,2025-11-25 00:00:00,1535.9,1559.6,1525.1,1539.7,1502.8,,Between Slow & Fast EMA,25,1387.68,1528.06
RELIANCE,1d,EMA9/EMA21,2025-10-17 00:00:00,1416.8,1384.17,,2025-12-11 00:00:00,1536.9,1550.0,1524.0,1545.0,1531.71,,At/Below Slow EMA,37,1387.68,1541.23
RELIANCE,1d,EMA9/EMA21,2025-10-17 00:00:00,1416.8,1384.17,,2025-12-15 00:00:00,1551.2,1558.6,1546.5,1556.2,1535.99,,Between Slow & Fast EMA,39,1387.68,1546.66
RELIANCE,1d,EMA9/EMA21,2025-10-17 00:00:00,1416.8,1384.17,,2025-12-26 00:00:00,1554.7,1561.0,1554.3,1559.2,1548.24,,Between Slow & Fast EMA,47,1387.68,1558.1
RELIANCE,1d,EMA9/EMA21,2025-10-17 00:00:00,1416.8,1384.17,,2025-12-31 00:00:00,1541.0,1577.0,1541.0,1570.4,1549.36,,At/Below Slow EMA,50,1387.68,1556.03
RELIANCE,1d,EMA9/EMA21,2026-04-29 00:00:00,1425.4,1365.08,,2026-05-08 00:00:00,1426.0,1442.8,1417.5,1435.2,1399.33,,Between Slow & Fast EMA,6,1371.38,1423.88
TCS,1d,EMA9/EMA21,2024-01-15 00:00:00,3903.8,3770.68,,2024-01-17 00:00:00,3819.0,3909.95,3812.55,3884.6,3788.52,,Between Slow & Fast EMA,2,3785.13,3817.21
TCS,1d,EMA9/EMA21,2024-01-15 00:00:00,3903.8,3770.68,,2024-02-01 00:00:00,3820.0,3904.9,3805.05,3854.15,3820.77,,At/Below Slow EMA,12,3785.13,3832.14
TCS,1d,EMA9/EMA21,2024-01-15 00:00:00,3903.8,3770.68,,2024-02-22 00:00:00,3971.0,4094.95,3971.0,4087.1,4019.66,,At/Below Slow EMA,27,3785.13,4066.73
TCS,1d,EMA9/EMA21,2024-01-15 00:00:00,3903.8,3770.68,,2024-02-27 00:00:00,3999.0,4124.0,3999.0,4104.4,4028.27,,At/Below Slow EMA,30,3785.13,4061.88
TCS,1d,EMA9/EMA21,2024-01-15 00:00:00,3903.8,3770.68,,2024-03-07 00:00:00,4065.0,4124.0,4037.7,4108.6,4057.2,,At/Below Slow EMA,38,3785.13,4077.13
TCS,1d,EMA9/EMA21,2024-01-15 00:00:00,3903.8,3770.68,,2024-03-14 00:00:00,4153.45,4225.0,4086.0,4207.6,4093.06,,At/Below Slow EMA,42,3785.13,4134.09
TCS,1d,EMA9/EMA21,2024-05-09 00:00:00,3960.2,3912.95,,2024-05-13 00:00:00,3884.5,3955.0,3870.0,3947.8,3914.54,,At/Below Slow EMA,2,3918.3,3920.3
TCS,1d,EMA9/EMA21,2024-06-26 00:00:00,3855.85,3826.52,,2024-06-27 00:00:00,3831.0,3942.0,3818.1,3934.15,3836.3,,At/Below Slow EMA,1,3827.25,3848.63
TCS,1d,EMA9/EMA21,2024-06-26 00:00:00,3855.85,3826.52,,2024-07-12 00:00:00,3980.0,4199.95,3971.3,4183.95,3941.46,,Between Slow & Fast EMA,12,3827.25,3996.26
TCS,1d,EMA9/EMA21,2024-06-26 00:00:00,3855.85,3826.52,,2024-08-14 00:00:00,4209.0,4306.2,4188.15,4295.25,4217.67,,At/Below Slow EMA,34,3827.25,4236.67
TCS,1d,EMA9/EMA21,2024-06-26 00:00:00,3855.85,3826.52,,2024-08-28 00:00:00,4498.75,4562.5,4457.3,4506.05,4378.5,,Between Slow & Fast EMA,43,3827.25,4463.55
TCS,1d,EMA9/EMA21,2024-06-26 00:00:00,3855.85,3826.52,,2024-08-29 00:00:00,4460.0,4556.0,4460.0,4511.8,4390.62,,Between Slow & Fast EMA,44,3827.25,4473.2
TCS,1d,EMA9/EMA21,2024-06-26 00:00:00,3855.85,3826.52,,2024-08-30 00:00:00,4500.0,4592.25,4487.8,4553.75,4405.45,,Between Slow & Fast EMA,45,3827.25,4489.31
TCS,1d,EMA9/EMA21,2024-06-26 00:00:00,3855.85,3826.52,,2024-09-10 00:00:00,4442.45,4539.95,4440.45,4507.85,4443.62,,At/Below Slow EMA,52,3827.25,4483.47
TCS,1d,EMA9/EMA21,2024-06-26 00:00:00,3855.85,3826.52,,2024-09-12 00:00:00,4510.25,4532.6,4431.3,4517.7,4453.31,,At/Below Slow EMA,54,3827.25,4489.66
TCS,1d,EMA9/EMA21,2024-11-12 00:00:00,4197.4,4119.01,,2024-11-14 00:00:00,4135.0,4160.0,4116.45,4145.9,4124.05,,At/Below Slow EMA,2,4122.93,4131.91
TCS,1d,EMA9/EMA21,2024-11-22 00:00:00,4244.6,4117.28,,2024-11-29 00:00:00,4220.0,4298.7,4195.65,4270.85,4186.33,,Between Slow & Fast EMA,5,4121.67,4237.72
TCS,1d,EMA9/EMA21,2024-11-22 00:00:00,4244.6,4117.28,,2024-12-02 00:00:00,4270.0,4288.2,4230.05,4276.65,4194.54,,Between Slow & Fast EMA,6,4121.67,4245.5
TCS,1d,EMA9/EMA21,2024-11-22 00:00:00,4244.6,4117.28,,2024-12-13 00:00:00,4434.95,4494.9,4394.4,4473.9,4331.25,,Between Slow & Fast EMA,15,4121.67,4415.12
TCS,1d,EMA9/EMA21,2025-05-05 00:00:00,3454.3,3425.49,,2025-05-07 00:00:00,3420.6,3459.5,3420.6,3445.1,3430.12,,At/Below Slow EMA,2,3425.81,3435.14
TCS,1d,EMA9/EMA21,2025-05-05 00:00:00,3454.3,3425.49,,2025-05-08 00:00:00,3448.0,3477.0,3428.7,3448.9,3431.83,,At/Below Slow EMA,3,3425.81,3437.89
TCS,1d,EMA9/EMA21,2025-05-05 00:00:00,3454.3,3425.49,,2025-05-09 00:00:00,3399.0,3446.2,3398.1,3440.3,3432.6,,At/Below Slow EMA,4,3425.81,3438.37
TCS,1d,EMA9/EMA21,2025-05-05 00:00:00,3454.3,3425.49,,2025-05-21 00:00:00,3508.0,3537.0,3498.3,3525.8,3490.46,,Between Slow & Fast EMA,12,3425.81,3518.81
TCS,1d,EMA9/EMA21,2025-05-05 00:00:00,3454.3,3425.49,,2025-05-23 00:00:00,3477.0,3535.0,3465.6,3514.6,3491.54,,At/Below Slow EMA,14,3425.81,3511.28
TCS,1d,EMA9/EMA21,2025-05-05 00:00:00,3454.3,3425.49,,2025-05-26 00:00:00,3521.0,3545.0,3510.1,3537.3,3495.7,,Between Slow & Fast EMA,15,3425.81,3516.48
TCS,1d,EMA9/EMA21,2025-10-24 00:00:00,3063.2,3013.93,,2025-10-31 00:00:00,3035.0,3067.4,3025.1,3058.0,3030.39,,At/Below Slow EMA,5,3018.89,3043.69
TCS,1d,EMA9/EMA21,2025-11-11 00:00:00,3047.0,3023.98,,2025-11-19 00:00:00,3097.0,3155.0,3083.5,3147.7,3063.08,,Between Slow & Fast EMA,6,3025.25,3091.33
TCS,1d,EMA9/EMA21,2025-11-11 00:00:00,3047.0,3023.98,,2025-11-26 00:00:00,3118.8,3178.0,3117.0,3162.9,3093.72,,Between Slow & Fast EMA,11,3025.25,3126.94
TCS,1d,EMA9/EMA21,2025-11-11 00:00:00,3047.0,3023.98,,2025-12-02 00:00:00,3131.0,3144.0,3120.4,3135.7,3107.03,,Between Slow & Fast EMA,15,3025.25,3132.06
TCS,1d,EMA9/EMA21,2025-11-11 00:00:00,3047.0,3023.98,,2025-12-03 00:00:00,3140.0,3211.9,3139.0,3180.0,3113.66,,Between Slow & Fast EMA,16,3025.25,3141.65
TCS,1d,EMA9/EMA21,2025-11-11 00:00:00,3047.0,3023.98,,2025-12-12 00:00:00,3197.7,3223.0,3185.7,3220.5,3162.57,,Between Slow & Fast EMA,23,3025.25,3197.06
TCS,1d,EMA9/EMA21,2025-11-11 00:00:00,3047.0,3023.98,,2025-12-15 00:00:00,3211.1,3238.2,3197.3,3230.2,3168.72,,Between Slow & Fast EMA,24,3025.25,3203.69
TCS,1d,EMA9/EMA21,2025-11-11 00:00:00,3047.0,3023.98,,2025-12-17 00:00:00,3200.5,3236.9,3200.5,3217.8,3176.18,,Between Slow & Fast EMA,26,3025.25,3206.74
TCS,1d,EMA9/EMA21,2025-11-11 00:00:00,3047.0,3023.98,,2025-12-18 00:00:00,3228.0,3287.8,3221.0,3280.8,3185.69,,Between Slow & Fast EMA,27,3025.25,3221.55
TCS,1d,EMA9/EMA21,2025-11-11 00:00:00,3047.0,3023.98,,2026-01-02 00:00:00,3234.0,3254.3,3219.5,3250.7,3232.43,,At/Below Slow EMA,37,3025.25,3249.13
TCS,1d,EMA9/EMA21,2025-11-11 00:00:00,3047.0,3023.98,,2026-01-06 00:00:00,3210.0,3263.2,3205.0,3255.8,3233.21,,At/Below Slow EMA,39,3025.25,3245.18
TCS,1d,EMA9/EMA21,2025-11-11 00:00:00,3047.0,3023.98,,2026-01-07 00:00:00,3242.9,3300.6,3223.2,3295.6,3238.88,,At/Below Slow EMA,40,3025.25,3255.26
TCS,1d,EMA9/EMA21,2025-11-11 00:00:00,3047.0,3023.98,,2026-01-12 00:00:00,3203.0,3252.0,3174.3,3239.6,3233.75,,At/Below Slow EMA,43,3025.25,3237.96
TCS,1d,EMA9/EMA21,2025-11-11 00:00:00,3047.0,3023.98,,2026-01-13 00:00:00,3245.0,3280.0,3210.5,3268.0,3236.86,,At/Below Slow EMA,44,3025.25,3243.97
