Stock,Timeframe,EMA Pair,Cross Time,Touch Time,Touch Open,Touch High,Touch Low,Touch Close,EMA21 @ Touch,EMA50 @ Touch,Touch Zone,Candles After Cross,EMA10 @ Touch,EMA20 @ Touch
HDFCBANK,1d,EMA10/EMA20,2024-03-13 00:00:00,2024-03-15 00:00:00,725.0,729.65,721.12,726.33,,,Between Slow & Fast EMA,2,722.7,721.0
HDFCBANK,1d,EMA10/EMA20,2024-03-13 00:00:00,2024-03-19 00:00:00,717.75,726.2,717.75,724.67,,,At/Below Slow EMA,4,723.11,721.53
HDFCBANK,1d,EMA10/EMA20,2024-03-28 00:00:00,2024-04-19 00:00:00,743.27,767.48,740.12,765.65,,,At/Below Slow EMA,13,755.62,748.03
HDFCBANK,1d,EMA10/EMA20,2024-03-28 00:00:00,2024-04-29 00:00:00,757.5,767.23,753.27,764.75,,,Between Slow & Fast EMA,19,757.05,752.17
HDFCBANK,1d,EMA10/EMA20,2024-05-27 00:00:00,2024-05-30 00:00:00,749.6,761.8,748.83,757.42,,,Between Slow & Fast EMA,3,750.39,746.78
HDFCBANK,1d,EMA10/EMA20,2024-05-27 00:00:00,2024-06-05 00:00:00,747.02,779.8,741.17,775.9,,,At/Below Slow EMA,7,759.59,753.51
HDFCBANK,1d,EMA10/EMA20,2024-08-26 00:00:00,2024-09-03 00:00:00,817.0,819.98,812.3,818.67,,,At/Below Slow EMA,6,816.93,816.16
HDFCBANK,1d,EMA10/EMA20,2024-08-26 00:00:00,2024-09-04 00:00:00,819.5,822.4,816.0,820.9,,,At/Below Slow EMA,7,817.65,816.61
HDFCBANK,1d,EMA10/EMA20,2024-10-21 00:00:00,2024-10-29 00:00:00,863.08,882.0,862.55,875.92,,,Between Slow & Fast EMA,6,862.56,855.2
HDFCBANK,1d,EMA10/EMA20,2024-10-21 00:00:00,2024-10-31 00:00:00,864.0,869.45,859.7,867.85,,,Between Slow & Fast EMA,8,864.23,857.45
HDFCBANK,1d,EMA10/EMA20,2024-11-19 00:00:00,2024-11-22 00:00:00,871.77,877.15,864.77,872.8,,,Between Slow & Fast EMA,2,865.26,863.51
HDFCBANK,1d,EMA10/EMA20,2024-11-19 00:00:00,2024-12-02 00:00:00,901.75,904.08,887.5,902.35,,,Between Slow & Fast EMA,8,888.84,879.33
HDFCBANK,1d,EMA10/EMA20,2025-02-05 00:00:00,2025-02-17 00:00:00,842.6,860.0,840.62,858.67,,,At/Below Slow EMA,8,853.27,851.34
HDFCBANK,1d,EMA10/EMA20,2025-02-05 00:00:00,2025-02-18 00:00:00,856.52,865.77,853.08,861.52,,,Between Slow & Fast EMA,9,854.77,852.31
HDFCBANK,1d,EMA10/EMA20,2025-02-28 00:00:00,2025-03-04 00:00:00,849.0,857.15,846.62,855.0,,,At/Below Slow EMA,2,852.34,851.62
HDFCBANK,1d,EMA10/EMA20,2025-03-17 00:00:00,2025-04-02 00:00:00,885.35,899.6,885.35,898.45,,,Between Slow & Fast EMA,11,892.95,881.11
HDFCBANK,1d,EMA10/EMA20,2025-03-17 00:00:00,2025-04-03 00:00:00,890.55,902.0,888.5,897.42,,,Between Slow & Fast EMA,12,893.76,882.66
HDFCBANK,1d,EMA10/EMA20,2025-10-07 00:00:00,2025-10-13 00:00:00,974.3,981.0,972.0,977.0,,,Between Slow & Fast EMA,4,972.45,969.21
HDFCBANK,1d,EMA10/EMA20,2025-10-07 00:00:00,2025-10-14 00:00:00,970.0,980.45,967.0,977.15,,,At/Below Slow EMA,5,973.31,969.96
HDFCBANK,1d,EMA21/EMA50,2024-04-10 00:00:00,2024-04-16 00:00:00,743.5,756.45,741.12,754.62,745.39,743.61,At/Below Slow EMA,3,,
HDFCBANK,1d,EMA21/EMA50,2024-04-10 00:00:00,2024-04-19 00:00:00,743.27,767.48,740.12,765.65,747.39,744.62,At/Below Slow EMA,5,,
HDFCBANK,1d,EMA21/EMA50,2024-05-28 00:00:00,2024-06-05 00:00:00,747.02,779.8,741.17,775.9,753.15,748.7,At/Below Slow EMA,6,,
HDFCBANK,1d,EMA21/EMA50,2024-05-28 00:00:00,2024-07-22 00:00:00,808.5,825.5,806.33,821.27,818.11,801.29,Between Slow & Fast EMA,37,,
HDFCBANK,1d,EMA21/EMA50,2025-03-20 00:00:00,2025-04-08 00:00:00,882.5,891.0,875.15,884.58,883.81,871.72,Between Slow & Fast EMA,12,,
HDFCBANK,1d,EMA21/EMA50,2025-03-20 00:00:00,2025-05-15 00:00:00,956.75,972.4,948.5,966.9,951.7,923.23,Between Slow & Fast EMA,35,,
HDFCBANK,1d,EMA21/EMA50,2025-10-17 00:00:00,2025-11-03 00:00:00,985.0,994.55,983.3,992.65,990.2,982.76,Between Slow & Fast EMA,10,,
HDFCBANK,1d,EMA21/EMA50,2025-10-17 00:00:00,2025-11-11 00:00:00,983.5,993.5,978.0,991.7,988.59,983.31,At/Below Slow EMA,15,,
HDFCBANK,1h,EMA10/EMA20,2026-01-27 15:15:00,2026-01-28 14:15:00,929.45,933.75,928.45,931.4,,,Between Slow & Fast EMA,6,929.21,925.98
HDFCBANK,1h,EMA10/EMA20,2026-01-27 15:15:00,2026-01-29 10:15:00,925.9,930.6,925.25,930.2,,,At/Below Slow EMA,9,929.3,926.88
HDFCBANK,1h,EMA10/EMA20,2026-02-03 09:15:00,2026-02-05 10:15:00,950.9,951.7,949.05,951.65,,,Between Slow & Fast EMA,15,950.64,946.67
HDFCBANK,1h,EMA10/EMA20,2026-02-16 15:15:00,2026-02-17 09:15:00,923.0,925.8,918.7,925.65,,,At/Below Slow EMA,1,922.98,922.68
HDFCBANK,1h,EMA10/EMA20,2026-02-16 15:15:00,2026-02-17 10:15:00,925.6,927.7,923.0,926.2,,,At/Below Slow EMA,2,923.57,923.01
HDFCBANK,1h,EMA10/EMA20,2026-03-16 14:15:00,2026-03-17 11:15:00,840.15,841.05,835.15,840.6,,,Between Slow & Fast EMA,4,835.97,833.43
HDFCBANK,1h,EMA10/EMA20,2026-03-16 14:15:00,2026-03-18 11:15:00,838.55,842.1,837.75,840.65,,,Between Slow & Fast EMA,11,839.54,837.35
HDFCBANK,1h,EMA10/EMA20,2026-04-06 11:15:00,2026-04-07 09:15:00,766.0,767.95,761.0,767.45,,,Between Slow & Fast EMA,5,761.69,756.3
HDFCBANK,1h,EMA10/EMA20,2026-04-06 11:15:00,2026-04-07 11:15:00,762.85,769.35,761.95,765.95,,,Between Slow & Fast EMA,7,762.62,757.77
HDFCBANK,1h,EMA21/EMA50,2026-01-29 11:15:00,2026-01-30 09:15:00,930.0,937.9,930.0,936.6,930.71,928.88,Between Slow & Fast EMA,5,,
HDFCBANK,1h,EMA21/EMA50,2026-01-29 11:15:00,2026-01-30 13:15:00,931.55,934.7,930.1,934.0,931.71,929.63,Between Slow & Fast EMA,9,,
HDFCBANK,1h,EMA21/EMA50,2026-04-08 09:15:00,2026-04-21 09:15:00,795.2,803.5,795.2,802.3,799.41,797.16,At/Below Slow EMA,56,,
HDFCBANK,1h,EMA21/EMA50,2026-04-08 09:15:00,2026-04-22 11:15:00,804.05,805.0,803.35,804.3,804.24,800.46,Between Slow & Fast EMA,65,,
ICICIBANK,1d,EMA10/EMA20,2024-01-03 00:00:00,2024-01-04 00:00:00,986.4,989.15,981.9,987.15,,,At/Below Slow EMA,1,983.41,982.87
ICICIBANK,1d,EMA10/EMA20,2024-01-03 00:00:00,2024-01-05 00:00:00,988.0,998.3,983.8,993.7,,,At/Below Slow EMA,2,985.28,983.9
ICICIBANK,1d,EMA10/EMA20,2024-04-24 00:00:00,2024-04-25 00:00:00,1090.0,1125.65,1089.95,1113.75,,,Between Slow & Fast EMA,1,1089.99,1086.37
ICICIBANK,1d,EMA10/EMA20,2024-04-24 00:00:00,2024-05-13 00:00:00,1112.4,1130.65,1106.7,1128.0,,,At/Below Slow EMA,12,1124.3,1115.98
ICICIBANK,1d,EMA10/EMA20,2024-06-19 00:00:00,2024-07-03 00:00:00,1196.85,1215.85,1179.45,1201.6,,,Between Slow & Fast EMA,10,1188.25,1168.04
ICICIBANK,1d,EMA10/EMA20,2024-06-19 00:00:00,2024-07-18 00:00:00,1234.9,1256.45,1231.7,1250.3,,,Between Slow & Fast EMA,20,1232.84,1212.97
ICICIBANK,1d,EMA10/EMA20,2024-08-27 00:00:00,2024-09-09 00:00:00,1202.9,1238.3,1200.45,1235.0,,,At/Below Slow EMA,9,1224.3,1215.13
ICICIBANK,1d,EMA10/EMA20,2024-08-27 00:00:00,2024-09-11 00:00:00,1231.5,1239.3,1226.4,1236.35,,,Between Slow & Fast EMA,11,1228.43,1219.06
ICICIBANK,1d,EMA10/EMA20,2024-10-28 00:00:00,2024-11-05 00:00:00,1273.0,1301.3,1263.1,1296.7,,,At/Below Slow EMA,6,1285.55,1276.28
ICICIBANK,1d,EMA10/EMA20,2024-11-25 00:00:00,2024-11-29 00:00:00,1283.1,1303.25,1283.1,1300.1,,,Between Slow & Fast EMA,4,1285.66,1279.65
ICICIBANK,1d,EMA10/EMA20,2024-11-25 00:00:00,2024-12-11 00:00:00,1324.7,1331.25,1316.0,1327.5,,,Between Slow & Fast EMA,12,1316.94,1303.79
ICICIBANK,1d,EMA10/EMA20,2025-02-04 00:00:00,2025-02-10 00:00:00,1257.2,1265.0,1249.35,1262.6,,,At/Below Slow EMA,4,1257.18,1253.74
ICICIBANK,1d,EMA10/EMA20,2025-02-04 00:00:00,2025-02-14 00:00:00,1252.1,1263.5,1244.45,1260.1,,,At/Below Slow EMA,8,1255.38,1253.71
ICICIBANK,1d,EMA10/EMA20,2025-03-17 00:00:00,2025-04-02 00:00:00,1322.15,1337.95,1322.15,1331.25,,,Between Slow & Fast EMA,11,1323.55,1301.4
ICICIBANK,1d,EMA10/EMA20,2025-03-17 00:00:00,2025-04-03 00:00:00,1321.95,1333.0,1321.25,1329.55,,,Between Slow & Fast EMA,12,1324.64,1304.08
ICICIBANK,1d,EMA10/EMA20,2025-06-27 00:00:00,2025-07-04 00:00:00,1427.0,1444.4,1421.1,1442.8,,,At/Below Slow EMA,5,1434.19,1432.99
ICICIBANK,1d,EMA10/EMA20,2025-06-27 00:00:00,2025-07-08 00:00:00,1432.0,1445.0,1430.0,1442.0,,,At/Below Slow EMA,7,1435.83,1434.08
ICICIBANK,1d,EMA10/EMA20,2025-07-21 00:00:00,2025-07-31 00:00:00,1469.9,1494.5,1464.0,1481.4,,,Between Slow & Fast EMA,8,1473.15,1460.29
ICICIBANK,1d,EMA10/EMA20,2025-11-19 00:00:00,2025-11-26 00:00:00,1360.0,1377.0,1359.9,1375.0,,,At/Below Slow EMA,5,1369.72,1369.13
ICICIBANK,1d,EMA10/EMA20,2025-11-19 00:00:00,2025-12-03 00:00:00,1367.0,1394.2,1367.0,1391.5,,,At/Below Slow EMA,10,1380.38,1376.09
ICICIBANK,1d,EMA10/EMA20,2026-01-06 00:00:00,2026-01-12 00:00:00,1399.9,1424.3,1391.7,1413.1,,,Between Slow & Fast EMA,4,1394.39,1382.01
ICICIBANK,1d,EMA10/EMA20,2026-02-05 00:00:00,2026-02-16 00:00:00,1404.0,1414.0,1400.5,1411.6,,,Between Slow & Fast EMA,7,1403.81,1394.03
ICICIBANK,1d,EMA10/EMA20,2026-02-05 00:00:00,2026-02-17 00:00:00,1406.2,1413.6,1393.6,1407.5,,,At/Below Slow EMA,8,1404.48,1395.32
ICICIBANK,1d,EMA21/EMA50,2024-01-03 00:00:00,2024-01-04 00:00:00,986.4,989.15,981.9,987.15,982.84,982.51,At/Below Slow EMA,1,,
ICICIBANK,1d,EMA21/EMA50,2024-01-03 00:00:00,2024-01-05 00:00:00,988.0,998.3,983.8,993.7,983.83,982.95,Between Slow & Fast EMA,2,,
ICICIBANK,1d,EMA21/EMA50,2025-03-20 00:00:00,2025-06-02 00:00:00,1442.0,1460.0,1432.8,1450.5,1436.87,1395.31,Between Slow & Fast EMA,47,,
ICICIBANK,1d,EMA21/EMA50,2025-03-20 00:00:00,2025-06-05 00:00:00,1430.9,1459.0,1427.3,1454.8,1438.1,1400.53,Between Slow & Fast EMA,50,,
ICICIBANK,1d,EMA21/EMA50,2026-02-05 00:00:00,2026-02-17 00:00:00,1406.2,1413.6,1393.6,1407.5,1394.69,1385.67,Between Slow & Fast EMA,8,,
ICICIBANK,1d,EMA21/EMA50,2026-02-05 00:00:00,2026-02-25 00:00:00,1391.8,1407.4,1388.2,1400.5,1395.14,1387.85,Between Slow & Fast EMA,14,,
ICICIBANK,1h,EMA10/EMA20,2026-01-02 11:15:00,2026-01-06 09:15:00,1372.0,1410.5,1367.8,1409.7,,,Between Slow & Fast EMA,12,1373.53,1363.68
ICICIBANK,1h,EMA10/EMA20,2026-01-12 15:15:00,2026-01-13 09:15:00,1420.0,1424.9,1411.1,1422.7,,,At/Below Slow EMA,1,1415.05,1413.8
ICICIBANK,1h,EMA10/EMA20,2026-01-12 15:15:00,2026-01-14 11:15:00,1416.5,1431.8,1416.1,1429.2,,,At/Below Slow EMA,10,1426.64,1423.46
ICICIBANK,1h,EMA10/EMA20,2026-01-27 15:15:00,2026-01-29 10:15:00,1363.8,1367.7,1362.2,1365.4,,,Between Slow & Fast EMA,9,1364.7,1361.45
ICICIBANK,1h,EMA10/EMA20,2026-01-27 15:15:00,2026-01-29 11:15:00,1365.3,1369.0,1364.7,1367.5,,,Between Slow & Fast EMA,10,1365.21,1362.02
ICICIBANK,1h,EMA10/EMA20,2026-02-03 09:15:00,2026-02-06 09:15:00,1396.7,1406.8,1396.7,1403.6,,,Between Slow & Fast EMA,21,1401.26,1396.45
ICICIBANK,1h,EMA10/EMA20,2026-02-03 09:15:00,2026-02-06 12:15:00,1395.7,1403.0,1395.0,1401.9,,,At/Below Slow EMA,24,1400.2,1397.06
ICICIBANK,1h,EMA10/EMA20,2026-02-10 10:15:00,2026-02-10 12:15:00,1398.5,1406.9,1396.0,1404.9,,,At/Below Slow EMA,2,1399.16,1398.44
ICICIBANK,1h,EMA10/EMA20,2026-02-10 10:15:00,2026-02-11 11:15:00,1402.5,1407.0,1401.7,1403.8,,,Between Slow & Fast EMA,8,1402.6,1401.01
ICICIBANK,1h,EMA10/EMA20,2026-02-25 13:15:00,2026-02-26 10:15:00,1401.5,1407.0,1399.0,1405.5,,,Between Slow & Fast EMA,4,1399.65,1398.13
ICICIBANK,1h,EMA10/EMA20,2026-02-25 13:15:00,2026-02-26 11:15:00,1405.4,1409.0,1400.0,1406.1,,,Between Slow & Fast EMA,5,1400.83,1398.89
ICICIBANK,1h,EMA10/EMA20,2026-03-17 11:15:00,2026-03-18 10:15:00,1272.6,1290.6,1272.0,1289.3,,,At/Below Slow EMA,6,1280.82,1276.55
ICICIBANK,1h,EMA10/EMA20,2026-03-17 11:15:00,2026-03-18 15:15:00,1289.1,1293.9,1286.0,1292.0,,,Between Slow & Fast EMA,11,1287.61,1282.46
ICICIBANK,1h,EMA10/EMA20,2026-04-06 14:15:00,2026-04-07 11:15:00,1222.1,1229.0,1221.5,1224.9,,,Between Slow & Fast EMA,4,1221.89,1219.81
ICICIBANK,1h,EMA10/EMA20,2026-04-06 14:15:00,2026-04-07 12:15:00,1224.2,1229.8,1222.5,1225.3,,,Between Slow & Fast EMA,5,1222.51,1220.33
ICICIBANK,1h,EMA10/EMA20,2026-05-07 09:15:00,2026-05-07 15:15:00,1274.0,1279.8,1273.7,1279.0,,,At/Below Slow EMA,6,1277.49,1273.84
ICICIBANK,1h,EMA21/EMA50,2026-01-02 13:15:00,2026-01-12 12:15:00,1407.2,1424.3,1406.0,1420.1,1411.6,1398.35,Between Slow & Fast EMA,41,,
ICICIBANK,1h,EMA21/EMA50,2026-01-02 13:15:00,2026-01-12 15:15:00,1410.7,1420.0,1410.4,1420.0,1412.66,1400.32,Between Slow & Fast EMA,44,,
ICICIBANK,1h,EMA21/EMA50,2026-02-03 12:15:00,2026-02-06 12:15:00,1395.7,1403.0,1395.0,1401.9,1396.57,1385.18,Between Slow & Fast EMA,21,,
ICICIBANK,1h,EMA21/EMA50,2026-02-03 12:15:00,2026-02-10 10:15:00,1398.7,1400.7,1396.0,1399.9,1397.54,1390.23,Between Slow & Fast EMA,33,,
ICICIBANK,1h,EMA21/EMA50,2026-04-08 09:15:00,2026-04-13 09:15:00,1304.9,1311.6,1297.2,1310.0,1298.84,1274.67,Between Slow & Fast EMA,21,,
ICICIBANK,1h,EMA21/EMA50,2026-04-08 09:15:00,2026-04-17 12:15:00,1339.1,1343.2,1338.1,1341.7,1339.41,1317.64,Between Slow & Fast EMA,45,,
INFY,1d,EMA10/EMA20,2024-01-12 00:00:00,2024-01-31 00:00:00,1648.25,1667.25,1638.1,1660.9,,,Between Slow & Fast EMA,12,1645.58,1618.04
INFY,1d,EMA10/EMA20,2024-01-12 00:00:00,2024-02-06 00:00:00,1686.75,1733.0,1673.95,1729.45,,,Between Slow & Fast EMA,16,1673.98,1643.23
INFY,1d,EMA10/EMA20,2024-06-07 00:00:00,2024-08-12 00:00:00,1773.05,1803.5,1768.1,1797.4,,,At/Below Slow EMA,44,1789.35,1773.24
INFY,1d,EMA10/EMA20,2024-06-07 00:00:00,2024-09-04 00:00:00,1921.1,1927.2,1900.05,1922.45,,,Between Slow & Fast EMA,60,1916.14,1881.24
INFY,1d,EMA10/EMA20,2024-10-04 00:00:00,2024-10-08 00:00:00,1937.9,1957.95,1906.35,1948.55,,,At/Below Slow EMA,2,1916.17,1909.98
INFY,1d,EMA10/EMA20,2024-10-04 00:00:00,2024-10-11 00:00:00,1918.0,1947.0,1910.1,1935.1,,,At/Below Slow EMA,5,1924.49,1916.48
INFY,1d,EMA10/EMA20,2024-11-22 00:00:00,2024-12-02 00:00:00,1859.0,1882.8,1835.2,1879.8,,,At/Below Slow EMA,6,1872.41,1864.06
INFY,1d,EMA10/EMA20,2024-11-22 00:00:00,2024-12-03 00:00:00,1887.0,1899.75,1871.15,1892.1,,,Between Slow & Fast EMA,7,1875.99,1866.73
INFY,1d,EMA10/EMA20,2025-01-03 00:00:00,2025-01-08 00:00:00,1930.0,1938.6,1888.75,1933.15,,,At/Below Slow EMA,3,1927.95,1925.17
INFY,1d,EMA10/EMA20,2025-01-03 00:00:00,2025-01-10 00:00:00,1937.0,1977.8,1932.25,1966.95,,,Between Slow & Fast EMA,5,1933.46,1928.47
INFY,1d,EMA10/EMA20,2025-05-09 00:00:00,2025-05-21 00:00:00,1567.9,1571.0,1552.1,1568.5,,,Between Slow & Fast EMA,8,1562.22,1544.23
INFY,1d,EMA10/EMA20,2025-05-09 00:00:00,2025-05-23 00:00:00,1550.0,1587.2,1550.0,1564.8,,,Between Slow & Fast EMA,10,1560.5,1546.47
INFY,1d,EMA10/EMA20,2025-10-23 00:00:00,2025-10-28 00:00:00,1499.7,1506.5,1490.5,1500.2,,,Between Slow & Fast EMA,3,1494.25,1489.15
INFY,1d,EMA10/EMA20,2025-10-23 00:00:00,2025-10-29 00:00:00,1500.2,1520.2,1496.9,1510.4,,,Between Slow & Fast EMA,4,1497.19,1491.18
INFY,1d,EMA10/EMA20,2025-11-10 00:00:00,2025-11-19 00:00:00,1490.5,1543.0,1490.5,1541.1,,,At/Below Slow EMA,7,1512.3,1504.7
INFY,1d,EMA10/EMA20,2025-11-10 00:00:00,2025-11-26 00:00:00,1532.1,1560.3,1532.1,1557.9,,,Between Slow & Fast EMA,12,1532.89,1520.25
INFY,1d,EMA10/EMA20,2026-01-16 00:00:00,2026-01-21 00:00:00,1651.0,1657.0,1631.2,1654.4,,,At/Below Slow EMA,3,1642.94,1632.19
INFY,1d,EMA10/EMA20,2026-01-16 00:00:00,2026-01-29 00:00:00,1658.0,1666.5,1642.1,1659.5,,,At/Below Slow EMA,8,1658.75,1646.41
INFY,1d,EMA10/EMA20,2026-04-08 00:00:00,2026-04-21 00:00:00,1310.0,1325.0,1299.3,1313.2,,,At/Below Slow EMA,8,1308.36,1304.56
INFY,1d,EMA21/EMA50,2024-01-15 00:00:00,2024-02-14 00:00:00,1660.2,1669.45,1635.5,1666.2,1657.73,1613.77,Between Slow & Fast EMA,21,,
INFY,1d,EMA21/EMA50,2024-01-15 00:00:00,2024-02-22 00:00:00,1665.0,1684.6,1644.4,1681.35,1668.41,1628.52,Between Slow & Fast EMA,27,,
INFY,1d,EMA21/EMA50,2024-06-21 00:00:00,2024-08-12 00:00:00,1773.05,1803.5,1768.1,1797.4,1770.32,1686.89,Between Slow & Fast EMA,35,,
INFY,1d,EMA21/EMA50,2024-06-21 00:00:00,2024-10-01 00:00:00,1875.0,1908.95,1875.0,1904.35,1901.48,1852.01,Between Slow & Fast EMA,70,,
INFY,1d,EMA21/EMA50,2024-11-27 00:00:00,2024-12-02 00:00:00,1859.0,1882.8,1835.2,1879.8,1863.8,1860.4,At/Below Slow EMA,3,,
INFY,1d,EMA21/EMA50,2024-11-27 00:00:00,2024-12-19 00:00:00,1934.0,1959.75,1920.0,1946.2,1931.17,1898.4,Between Slow & Fast EMA,16,,
INFY,1d,EMA21/EMA50,2025-06-16 00:00:00,2025-06-25 00:00:00,1590.0,1619.9,1585.1,1614.9,1594.03,1585.86,At/Below Slow EMA,7,,
INFY,1d,EMA21/EMA50,2025-06-16 00:00:00,2025-07-16 00:00:00,1579.0,1612.0,1578.5,1607.9,1605.33,1597.07,At/Below Slow EMA,22,,
INFY,1d,EMA21/EMA50,2025-11-12 00:00:00,2025-11-17 00:00:00,1496.0,1510.2,1492.5,1507.6,1501.86,1498.34,At/Below Slow EMA,3,,
INFY,1d,EMA21/EMA50,2025-11-12 00:00:00,2025-11-19 00:00:00,1490.5,1543.0,1490.5,1541.1,1504.15,1499.57,At/Below Slow EMA,5,,
INFY,1h,EMA10/EMA20,2026-01-01 10:15:00,2026-01-01 11:15:00,1626.0,1638.7,1625.0,1635.4,,,Between Slow & Fast EMA,1,1625.33,1623.97
INFY,1h,EMA10/EMA20,2026-01-01 10:15:00,2026-01-01 15:15:00,1629.4,1631.7,1626.9,1629.5,,,Between Slow & Fast EMA,5,1629.12,1626.8
INFY,1h,EMA10/EMA20,2026-01-22 14:15:00,2026-01-23 14:15:00,1663.2,1672.1,1662.3,1670.2,,,At/Below Slow EMA,7,1665.49,1662.84
INFY,1h,EMA10/EMA20,2026-03-04 11:15:00,2026-03-05 12:15:00,1298.1,1302.0,1295.4,1300.7,,,At/Below Slow EMA,8,1299.67,1299.14
INFY,1h,EMA10/EMA20,2026-03-04 11:15:00,2026-03-05 14:15:00,1297.7,1311.2,1297.0,1303.9,,,At/Below Slow EMA,10,1300.22,1299.51
INFY,1h,EMA10/EMA20,2026-03-23 09:15:00,2026-03-23 10:15:00,1248.7,1256.6,1245.7,1249.7,,,At/Below Slow EMA,1,1246.67,1246.19
INFY,1h,EMA10/EMA20,2026-03-23 09:15:00,2026-03-23 11:15:00,1249.2,1255.0,1243.6,1252.1,,,At/Below Slow EMA,2,1247.66,1246.75
INFY,1h,EMA10/EMA20,2026-04-01 10:15:00,2026-04-01 15:15:00,1276.4,1279.1,1276.3,1278.0,,,Between Slow & Fast EMA,5,1277.63,1274.84
INFY,1h,EMA10/EMA20,2026-04-02 13:15:00,2026-04-07 09:15:00,1302.0,1322.4,1294.4,1321.0,,,At/Below Slow EMA,10,1306.15,1296.94
INFY,1h,EMA10/EMA20,2026-04-02 13:15:00,2026-04-09 14:15:00,1328.5,1337.3,1325.0,1334.6,,,At/Below Slow EMA,29,1331.75,1328.15
INFY,1h,EMA10/EMA20,2026-04-15 15:15:00,2026-04-16 14:15:00,1311.1,1324.2,1309.6,1317.2,,,Between Slow & Fast EMA,6,1310.24,1306.04
INFY,1h,EMA10/EMA20,2026-04-15 15:15:00,2026-04-17 09:15:00,1313.0,1328.3,1306.9,1315.4,,,At/Below Slow EMA,8,1312.04,1307.79
INFY,1h,EMA10/EMA20,2026-04-30 14:15:00,2026-05-04 10:15:00,1178.5,1180.9,1175.3,1178.8,,,At/Below Slow EMA,3,1177.85,1176.79
INFY,1h,EMA21/EMA50,2026-01-16 10:15:00,2026-01-22 11:15:00,1659.0,1662.2,1654.5,1660.4,1657.44,1648.19,Between Slow & Fast EMA,29,,
INFY,1h,EMA21/EMA50,2026-01-16 10:15:00,2026-01-22 14:15:00,1656.1,1666.6,1654.2,1663.3,1657.69,1649.33,Between Slow & Fast EMA,32,,
INFY,1h,EMA21/EMA50,2026-03-24 12:15:00,2026-03-25 09:15:00,1270.0,1282.6,1265.1,1281.4,1266.43,1261.35,Between Slow & Fast EMA,4,,
INFY,1h,EMA21/EMA50,2026-03-24 12:15:00,2026-03-27 12:15:00,1278.1,1281.4,1275.3,1280.1,1275.7,1268.16,Between Slow & Fast EMA,14,,
INFY,1h,EMA21/EMA50,2026-04-01 09:15:00,2026-04-02 12:15:00,1266.0,1273.7,1263.2,1273.6,1272.57,1269.83,At/Below Slow EMA,10,,
INFY,1h,EMA21/EMA50,2026-04-01 09:15:00,2026-04-02 13:15:00,1273.1,1294.5,1272.7,1294.5,1274.56,1270.8,Between Slow & Fast EMA,11,,
INFY,1h,EMA21/EMA50,2026-04-16 10:15:00,2026-04-17 09:15:00,1313.0,1328.3,1306.9,1315.4,1307.58,1304.29,Between Slow & Fast EMA,6,,
INFY,1h,EMA21/EMA50,2026-04-16 10:15:00,2026-04-17 13:15:00,1310.9,1312.8,1308.5,1312.6,1309.22,1305.55,Between Slow & Fast EMA,10,,
RELIANCE,1d,EMA10/EMA20,2024-01-11 00:00:00,2024-01-25 00:00:00,1342.95,1364.15,1335.2,1353.08,,,At/Below Slow EMA,10,1349.44,1340.2
RELIANCE,1d,EMA10/EMA20,2024-01-11 00:00:00,2024-01-29 00:00:00,1364.5,1452.5,1360.17,1448.05,,,Between Slow & Fast EMA,11,1367.37,1350.47
RELIANCE,1d,EMA10/EMA20,2024-03-28 00:00:00,2024-04-08 00:00:00,1462.97,1490.97,1461.0,1485.97,,,At/Below Slow EMA,6,1470.57,1466.51
RELIANCE,1d,EMA10/EMA20,2024-03-28 00:00:00,2024-04-10 00:00:00,1466.35,1487.0,1466.35,1479.58,,,At/Below Slow EMA,8,1471.18,1467.51
RELIANCE,1d,EMA10/EMA20,2024-06-07 00:00:00,2024-06-14 00:00:00,1470.0,1479.67,1457.22,1477.55,,,Between Slow & Fast EMA,5,1459.33,1453.28
RELIANCE,1d,EMA10/EMA20,2024-06-07 00:00:00,2024-06-20 00:00:00,1459.0,1482.85,1450.1,1473.7,,,At/Below Slow EMA,8,1464.48,1457.85
RELIANCE,1d,EMA10/EMA20,2024-08-27 00:00:00,2024-08-29 00:00:00,1503.1,1537.0,1494.0,1520.92,,,At/Below Slow EMA,2,1499.66,1496.91
RELIANCE,1d,EMA10/EMA20,2024-08-27 00:00:00,2024-09-04 00:00:00,1500.7,1517.5,1499.5,1514.55,,,At/Below Slow EMA,6,1506.79,1502.05
RELIANCE,1d,EMA10/EMA20,2024-09-26 00:00:00,2024-09-27 00:00:00,1499.0,1533.47,1492.0,1526.17,,,Between Slow & Fast EMA,1,1493.09,1488.88
RELIANCE,1d,EMA10/EMA20,2025-04-21 00:00:00,2025-05-21 00:00:00,1423.9,1436.2,1418.1,1429.2,,,Between Slow & Fast EMA,21,1424.53,1395.15
RELIANCE,1d,EMA10/EMA20,2025-04-21 00:00:00,2025-05-23 00:00:00,1406.6,1433.8,1406.6,1426.8,,,Between Slow & Fast EMA,23,1422.69,1399.39
RELIANCE,1d,EMA10/EMA20,2025-10-17 00:00:00,2025-11-10 00:00:00,1477.9,1501.0,1475.5,1489.3,,,Between Slow & Fast EMA,14,1478.04,1457.82
RELIANCE,1d,EMA10/EMA20,2025-10-17 00:00:00,2025-11-25 00:00:00,1535.9,1559.6,1525.1,1539.7,,,Between Slow & Fast EMA,25,1525.96,1504.8
RELIANCE,1d,EMA10/EMA20,2026-04-29 00:00:00,2026-05-08 00:00:00,1426.0,1442.8,1417.5,1435.2,,,Between Slow & Fast EMA,6,1420.81,1400.44
RELIANCE,1d,EMA21/EMA50,2024-01-11 00:00:00,2024-01-24 00:00:00,1335.22,1349.5,1323.92,1343.88,1337.97,1323.4,Between Slow & Fast EMA,9,,
RELIANCE,1d,EMA21/EMA50,2024-01-11 00:00:00,2024-01-25 00:00:00,1342.95,1364.15,1335.2,1353.08,1339.35,1324.57,Between Slow & Fast EMA,10,,
RELIANCE,1d,EMA21/EMA50,2024-06-10 00:00:00,2024-06-20 00:00:00,1459.0,1482.85,1450.1,1473.7,1457.41,1451.02,At/Below Slow EMA,7,,
RELIANCE,1d,EMA21/EMA50,2024-06-10 00:00:00,2024-06-26 00:00:00,1446.05,1518.97,1445.12,1514.03,1460.87,1453.38,At/Below Slow EMA,11,,
RELIANCE,1d,EMA21/EMA50,2024-08-30 00:00:00,2024-09-04 00:00:00,1500.7,1517.5,1499.5,1514.55,1501.93,1499.38,Between Slow & Fast EMA,3,,
RELIANCE,1d,EMA21/EMA50,2025-04-22 00:00:00,2025-06-02 00:00:00,1412.1,1417.5,1395.6,1413.7,1406.72,1358.35,Between Slow & Fast EMA,28,,
RELIANCE,1d,EMA21/EMA50,2025-04-22 00:00:00,2025-06-04 00:00:00,1414.7,1425.7,1406.1,1423.5,1408.14,1362.68,Between Slow & Fast EMA,30,,
RELIANCE,1d,EMA21/EMA50,2025-10-21 00:00:00,2025-12-05 00:00:00,1530.4,1545.8,1520.6,1540.6,1528.45,1487.79,Between Slow & Fast EMA,31,,
RELIANCE,1d,EMA21/EMA50,2025-10-21 00:00:00,2025-12-11 00:00:00,1536.9,1550.0,1524.0,1545.0,1531.71,1495.31,Between Slow & Fast EMA,35,,
RELIANCE,1h,EMA10/EMA20,2026-01-29 12:15:00,2026-01-29 13:15:00,1394.6,1399.9,1392.0,1398.6,,,At/Below Slow EMA,1,1394.72,1394.22
RELIANCE,1h,EMA10/EMA20,2026-01-30 15:15:00,2026-02-01 09:15:00,1396.0,1406.0,1388.0,1404.8,,,At/Below Slow EMA,1,1395.1,1393.93
RELIANCE,1h,EMA10/EMA20,2026-02-03 09:15:00,2026-02-05 10:15:00,1447.3,1451.8,1443.5,1448.9,,,Between Slow & Fast EMA,15,1448.2,1436.34
RELIANCE,1h,EMA10/EMA20,2026-02-03 09:15:00,2026-02-06 10:15:00,1437.9,1448.8,1437.5,1448.0,,,At/Below Slow EMA,22,1444.35,1439.71
RELIANCE,1h,EMA10/EMA20,2026-02-24 13:15:00,2026-02-24 14:15:00,1426.7,1430.7,1422.7,1429.3,,,At/Below Slow EMA,1,1424.33,1423.57
RELIANCE,1h,EMA10/EMA20,2026-03-05 14:15:00,2026-03-06 15:15:00,1404.8,1409.7,1401.0,1407.0,,,Between Slow & Fast EMA,8,1402.56,1392.84
RELIANCE,1h,EMA10/EMA20,2026-03-05 14:15:00,2026-03-09 12:15:00,1398.8,1407.9,1397.0,1403.7,,,Between Slow & Fast EMA,12,1401.33,1395.26
RELIANCE,1h,EMA10/EMA20,2026-03-17 10:15:00,2026-03-17 12:15:00,1393.7,1400.8,1388.2,1400.2,,,At/Below Slow EMA,2,1392.83,1391.77
RELIANCE,1h,EMA10/EMA20,2026-03-17 10:15:00,2026-03-18 09:15:00,1397.2,1412.1,1397.2,1406.5,,,Between Slow & Fast EMA,6,1397.69,1395.0
RELIANCE,1h,EMA10/EMA20,2026-03-24 09:15:00,2026-03-24 10:15:00,1413.3,1415.9,1406.7,1413.7,,,At/Below Slow EMA,1,1408.81,1407.84
RELIANCE,1h,EMA10/EMA20,2026-03-24 09:15:00,2026-03-24 12:15:00,1411.4,1420.1,1408.5,1416.3,,,At/Below Slow EMA,3,1410.57,1408.96
RELIANCE,1h,EMA10/EMA20,2026-04-08 12:15:00,2026-04-09 10:15:00,1336.5,1339.0,1331.5,1336.9,,,At/Below Slow EMA,5,1336.26,1331.83
RELIANCE,1h,EMA10/EMA20,2026-04-08 12:15:00,2026-04-10 09:15:00,1337.0,1350.9,1333.1,1347.2,,,At/Below Slow EMA,11,1336.04,1333.48
RELIANCE,1h,EMA10/EMA20,2026-04-15 12:15:00,2026-04-16 10:15:00,1334.1,1340.6,1333.5,1338.5,,,At/Below Slow EMA,5,1336.47,1334.71
RELIANCE,1h,EMA10/EMA20,2026-04-15 12:15:00,2026-04-16 13:15:00,1331.8,1337.5,1331.3,1336.8,,,At/Below Slow EMA,8,1335.78,1334.76
RELIANCE,1h,EMA10/EMA20,2026-04-27 14:15:00,2026-04-30 11:15:00,1400.0,1412.7,1399.7,1411.6,,,Between Slow & Fast EMA,18,1407.92,1396.32
RELIANCE,1h,EMA10/EMA20,2026-04-27 14:15:00,2026-05-05 11:15:00,1452.8,1460.9,1450.0,1460.1,,,Between Slow & Fast EMA,32,1453.45,1439.04
RELIANCE,1h,EMA21/EMA50,2026-02-03 11:15:00,2026-02-06 10:15:00,1437.9,1448.8,1437.5,1448.0,1439.03,1424.55,Between Slow & Fast EMA,20,,
RELIANCE,1h,EMA21/EMA50,2026-02-03 11:15:00,2026-02-06 13:15:00,1440.7,1444.5,1438.4,1442.0,1439.73,1426.51,Between Slow & Fast EMA,23,,
RELIANCE,1h,EMA21/EMA50,2026-03-09 09:15:00,2026-03-09 11:15:00,1395.7,1406.0,1391.1,1398.9,1393.92,1393.22,At/Below Slow EMA,2,,
RELIANCE,1h,EMA21/EMA50,2026-03-09 09:15:00,2026-03-10 15:15:00,1408.6,1412.2,1405.7,1410.9,1405.71,1399.99,Between Slow & Fast EMA,13,,
RELIANCE,1h,EMA21/EMA50,2026-03-18 10:15:00,2026-03-19 09:15:00,1388.0,1408.0,1388.0,1406.5,1401.58,1398.35,At/Below Slow EMA,6,,
RELIANCE,1h,EMA21/EMA50,2026-03-18 10:15:00,2026-03-20 09:15:00,1398.0,1422.5,1398.0,1422.3,1400.63,1398.59,At/Below Slow EMA,13,,
RELIANCE,1h,EMA21/EMA50,2026-04-17 10:15:00,2026-04-22 10:15:00,1355.9,1365.3,1355.9,1363.9,1357.55,1351.64,Between Slow & Fast EMA,21,,
RELIANCE,1h,EMA21/EMA50,2026-04-17 10:15:00,2026-04-22 14:15:00,1360.6,1363.5,1358.6,1363.4,1359.18,1353.28,Between Slow & Fast EMA,25,,
RELIANCE,1h,EMA21/EMA50,2026-04-28 09:15:00,2026-04-30 10:15:00,1398.6,1400.3,1393.1,1400.2,1393.61,1374.37,Between Slow & Fast EMA,15,,
RELIANCE,1h,EMA21/EMA50,2026-04-28 09:15:00,2026-05-08 15:15:00,1434.5,1437.4,1434.4,1436.0,1435.2,1426.82,Between Slow & Fast EMA,55,,
TCS,1d,EMA10/EMA20,2024-01-15 00:00:00,2024-02-01 00:00:00,3820.0,3904.9,3805.05,3854.15,,,At/Below Slow EMA,12,3831.82,3821.83
TCS,1d,EMA10/EMA20,2024-01-15 00:00:00,2024-02-22 00:00:00,3971.0,4094.95,3971.0,4087.1,,,At/Below Slow EMA,27,4064.66,4024.1
TCS,1d,EMA10/EMA20,2024-05-09 00:00:00,2024-05-13 00:00:00,3884.5,3955.0,3870.0,3947.8,,,At/Below Slow EMA,2,3918.0,3913.82
TCS,1d,EMA10/EMA20,2024-06-26 00:00:00,2024-06-27 00:00:00,3831.0,3942.0,3818.1,3934.15,,,At/Below Slow EMA,1,3846.03,3836.28
TCS,1d,EMA10/EMA20,2024-06-26 00:00:00,2024-07-12 00:00:00,3980.0,4199.95,3971.3,4183.95,,,Between Slow & Fast EMA,12,3990.12,3944.64
TCS,1d,EMA10/EMA20,2024-11-12 00:00:00,2024-11-14 00:00:00,4135.0,4160.0,4116.45,4145.9,,,At/Below Slow EMA,2,4128.3,4122.62
TCS,1d,EMA10/EMA20,2024-11-22 00:00:00,2024-11-29 00:00:00,4220.0,4298.7,4195.65,4270.85,,,Between Slow & Fast EMA,5,4230.79,4188.26
TCS,1d,EMA10/EMA20,2024-11-22 00:00:00,2024-12-02 00:00:00,4270.0,4288.2,4230.05,4276.65,,,Between Slow & Fast EMA,6,4239.12,4196.68
TCS,1d,EMA10/EMA20,2025-05-06 00:00:00,2025-05-07 00:00:00,3420.6,3459.5,3420.6,3445.1,,,At/Below Slow EMA,1,3432.15,3428.33
TCS,1d,EMA10/EMA20,2025-05-06 00:00:00,2025-05-08 00:00:00,3448.0,3477.0,3428.7,3448.9,,,At/Below Slow EMA,2,3435.2,3430.29
TCS,1d,EMA10/EMA20,2025-10-24 00:00:00,2025-10-31 00:00:00,3035.0,3067.4,3025.1,3058.0,,,At/Below Slow EMA,5,3041.61,3030.6
TCS,1d,EMA10/EMA20,2025-11-11 00:00:00,2025-11-19 00:00:00,3097.0,3155.0,3083.5,3147.7,,,Between Slow & Fast EMA,6,3087.76,3064.49
TCS,1d,EMA10/EMA20,2025-11-11 00:00:00,2025-11-26 00:00:00,3118.8,3178.0,3117.0,3162.9,,,Between Slow & Fast EMA,11,3123.51,3095.75
TCS,1d,EMA21/EMA50,2024-01-16 00:00:00,2024-02-01 00:00:00,3820.0,3904.9,3805.05,3854.15,3820.77,3802.37,Between Slow & Fast EMA,11,,
TCS,1d,EMA21/EMA50,2024-01-16 00:00:00,2024-02-22 00:00:00,3971.0,4094.95,3971.0,4087.1,4019.66,3929.13,Between Slow & Fast EMA,26,,
TCS,1d,EMA21/EMA50,2024-07-03 00:00:00,2024-08-09 00:00:00,4217.0,4253.65,4205.55,4228.75,4212.77,4102.5,Between Slow & Fast EMA,26,,
TCS,1d,EMA21/EMA50,2024-07-03 00:00:00,2024-08-14 00:00:00,4209.0,4306.2,4188.15,4295.25,4217.67,4116.99,Between Slow & Fast EMA,29,,
TCS,1d,EMA21/EMA50,2024-12-02 00:00:00,2024-12-18 00:00:00,4311.7,4362.0,4289.6,4347.85,4338.84,4274.1,Between Slow & Fast EMA,12,,
TCS,1d,EMA21/EMA50,2025-11-19 00:00:00,2026-01-02 00:00:00,3234.0,3254.3,3219.5,3250.7,3232.43,3179.64,Between Slow & Fast EMA,31,,
TCS,1d,EMA21/EMA50,2025-11-19 00:00:00,2026-01-06 00:00:00,3210.0,3263.2,3205.0,3255.8,3233.21,3184.0,Between Slow & Fast EMA,33,,
TCS,1h,EMA10/EMA20,2026-01-01 10:15:00,2026-01-02 09:15:00,3234.0,3239.9,3219.5,3234.7,,,Between Slow & Fast EMA,6,3223.38,3218.65
TCS,1h,EMA10/EMA20,2026-01-01 10:15:00,2026-01-02 14:15:00,3243.6,3252.8,3234.1,3250.4,,,Between Slow & Fast EMA,11,3236.96,3228.75
TCS,1h,EMA10/EMA20,2026-01-06 09:15:00,2026-01-07 09:15:00,3242.9,3280.5,3236.7,3276.3,,,At/Below Slow EMA,7,3247.18,3238.82
TCS,1h,EMA10/EMA20,2026-02-01 13:15:00,2026-02-02 11:15:00,3145.9,3166.0,3134.1,3165.9,,,At/Below Slow EMA,5,3161.95,3156.25
TCS,1h,EMA10/EMA20,2026-02-01 13:15:00,2026-02-02 12:15:00,3165.8,3175.4,3152.6,3172.2,,,At/Below Slow EMA,6,3163.81,3157.77
TCS,1h,EMA10/EMA20,2026-02-26 12:15:00,2026-02-26 13:15:00,2641.4,2647.0,2635.8,2646.4,,,At/Below Slow EMA,1,2640.07,2639.39
TCS,1h,EMA10/EMA20,2026-02-26 12:15:00,2026-02-26 14:15:00,2646.3,2654.8,2641.0,2648.1,,,Between Slow & Fast EMA,2,2641.53,2640.22
TCS,1h,EMA10/EMA20,2026-03-24 11:15:00,2026-03-24 15:15:00,2397.4,2403.2,2393.6,2400.8,,,At/Below Slow EMA,4,2400.75,2397.49
TCS,1h,EMA10/EMA20,2026-03-24 11:15:00,2026-03-25 09:15:00,2400.9,2417.4,2390.6,2413.0,,,At/Below Slow EMA,5,2402.98,2398.97
TCS,1h,EMA10/EMA20,2026-03-27 09:15:00,2026-03-27 11:15:00,2413.5,2415.9,2402.5,2415.5,,,Between Slow & Fast EMA,2,2404.27,2401.94
TCS,1h,EMA10/EMA20,2026-04-01 10:15:00,2026-04-02 12:15:00,2407.1,2420.4,2403.0,2419.8,,,At/Below Slow EMA,9,2411.83,2408.09
TCS,1h,EMA10/EMA20,2026-04-01 10:15:00,2026-04-02 13:15:00,2419.5,2454.0,2419.1,2453.5,,,Between Slow & Fast EMA,10,2419.41,2412.42
TCS,1h,EMA10/EMA20,2026-04-15 12:15:00,2026-04-17 09:15:00,2570.0,2588.9,2555.9,2580.8,,,Between Slow & Fast EMA,11,2566.05,2552.66
TCS,1h,EMA10/EMA20,2026-04-15 12:15:00,2026-04-20 11:15:00,2576.4,2593.0,2576.3,2588.8,,,Between Slow & Fast EMA,20,2578.83,2569.51
TCS,1h,EMA10/EMA20,2026-04-29 12:15:00,2026-04-29 14:15:00,2470.1,2479.1,2467.2,2473.5,,,Between Slow & Fast EMA,2,2467.96,2465.53
TCS,1h,EMA10/EMA20,2026-04-30 12:15:00,2026-04-30 13:15:00,2468.4,2488.0,2467.3,2480.3,,,Between Slow & Fast EMA,1,2467.56,2466.0
TCS,1h,EMA21/EMA50,2026-01-01 10:15:00,2026-01-05 11:15:00,3223.3,3231.3,3220.0,3228.3,3227.65,3220.6,At/Below Slow EMA,15,,
TCS,1h,EMA21/EMA50,2026-01-01 10:15:00,2026-01-06 09:15:00,3210.0,3248.0,3206.3,3238.1,3226.07,3221.09,At/Below Slow EMA,20,,
TCS,1h,EMA21/EMA50,2026-04-01 13:15:00,2026-04-01 15:15:00,2410.0,2414.0,2405.3,2411.0,2406.85,2406.31,At/Below Slow EMA,2,,
TCS,1h,EMA21/EMA50,2026-04-01 13:15:00,2026-04-02 11:15:00,2405.3,2414.7,2403.1,2406.6,2406.59,2406.25,At/Below Slow EMA,5,,
