Stock,Timeframe,EMA Pair,Cross Time,Cross Close,EMA21 @ Cross,EMA50 @ Cross,Touch Time,Touch Open,Touch High,Touch Low,Touch Close,EMA21 @ Touch,EMA50 @ Touch,Touch Zone,Candles After Cross,EMA10 @ Cross,EMA20 @ Cross,EMA10 @ Touch,EMA20 @ Touch
HDFCBANK,1h,EMA21/EMA50,2026-01-29 11:15:00,933.9,927.37,927.27,2026-01-30 09:15:00,930.0,937.9,930.0,936.6,930.71,928.88,Between Slow & Fast EMA,5,,,,
HDFCBANK,1h,EMA21/EMA50,2026-01-29 11:15:00,933.9,927.37,927.27,2026-01-30 13:15:00,931.55,934.7,930.1,934.0,931.71,929.63,Between Slow & Fast EMA,9,,,,
HDFCBANK,1h,EMA21/EMA50,2026-01-29 11:15:00,933.9,927.37,927.27,2026-02-01 09:15:00,932.0,936.8,925.25,935.4,931.6,929.8,At/Below Slow EMA,12,,,,
HDFCBANK,1h,EMA21/EMA50,2026-04-08 09:15:00,808.65,765.74,764.45,2026-04-21 09:15:00,795.2,803.5,795.2,802.3,799.41,797.16,At/Below Slow EMA,56,,,,
HDFCBANK,1h,EMA21/EMA50,2026-04-08 09:15:00,808.65,765.74,764.45,2026-04-22 11:15:00,804.05,805.0,803.35,804.3,804.24,800.46,Between Slow & Fast EMA,65,,,,
ICICIBANK,1h,EMA21/EMA50,2026-01-02 13:15:00,1352.2,1344.57,1344.16,2026-01-12 12:15:00,1407.2,1424.3,1406.0,1420.1,1411.6,1398.35,Between Slow & Fast EMA,41,,,,
ICICIBANK,1h,EMA21/EMA50,2026-01-02 13:15:00,1352.2,1344.57,1344.16,2026-01-12 15:15:00,1410.7,1420.0,1410.4,1420.0,1412.66,1400.32,Between Slow & Fast EMA,44,,,,
ICICIBANK,1h,EMA21/EMA50,2026-01-02 13:15:00,1352.2,1344.57,1344.16,2026-01-13 09:15:00,1420.0,1424.9,1411.1,1422.7,1413.57,1401.2,Between Slow & Fast EMA,45,,,,
ICICIBANK,1h,EMA21/EMA50,2026-01-02 13:15:00,1352.2,1344.57,1344.16,2026-01-14 11:15:00,1416.5,1431.8,1416.1,1429.2,1423.11,1410.14,Between Slow & Fast EMA,54,,,,
ICICIBANK,1h,EMA21/EMA50,2026-02-03 12:15:00,1397.5,1365.17,1363.37,2026-02-06 12:15:00,1395.7,1403.0,1395.0,1401.9,1396.57,1385.18,Between Slow & Fast EMA,21,,,,
ICICIBANK,1h,EMA21/EMA50,2026-02-03 12:15:00,1397.5,1365.17,1363.37,2026-02-10 10:15:00,1398.7,1400.7,1396.0,1399.9,1397.54,1390.23,Between Slow & Fast EMA,33,,,,
ICICIBANK,1h,EMA21/EMA50,2026-02-03 12:15:00,1397.5,1365.17,1363.37,2026-02-10 12:15:00,1398.5,1406.9,1396.0,1404.9,1398.28,1391.11,Between Slow & Fast EMA,35,,,,
ICICIBANK,1h,EMA21/EMA50,2026-02-03 12:15:00,1397.5,1365.17,1363.37,2026-02-13 12:15:00,1411.7,1419.8,1410.7,1418.0,1416.05,1405.77,Between Slow & Fast EMA,56,,,,
ICICIBANK,1h,EMA21/EMA50,2026-02-03 12:15:00,1397.5,1365.17,1363.37,2026-02-16 15:15:00,1410.2,1414.0,1409.4,1413.0,1412.64,1407.37,Between Slow & Fast EMA,66,,,,
ICICIBANK,1h,EMA21/EMA50,2026-02-03 12:15:00,1397.5,1365.17,1363.37,2026-02-18 14:15:00,1404.1,1410.0,1403.2,1407.9,1405.61,1405.4,At/Below Slow EMA,79,,,,
ICICIBANK,1h,EMA21/EMA50,2026-04-08 09:15:00,1302.4,1232.99,1232.14,2026-04-13 09:15:00,1304.9,1311.6,1297.2,1310.0,1298.84,1274.67,Between Slow & Fast EMA,21,,,,
ICICIBANK,1h,EMA21/EMA50,2026-04-08 09:15:00,1302.4,1232.99,1232.14,2026-04-17 12:15:00,1339.1,1343.2,1338.1,1341.7,1339.41,1317.64,Between Slow & Fast EMA,45,,,,
ICICIBANK,1h,EMA21/EMA50,2026-04-08 09:15:00,1302.4,1232.99,1232.14,2026-04-17 14:15:00,1341.6,1346.5,1339.2,1346.1,1340.22,1319.67,Between Slow & Fast EMA,47,,,,
INFY,1h,EMA21/EMA50,2026-01-16 10:15:00,1684.8,1613.97,1612.86,2026-01-22 11:15:00,1659.0,1662.2,1654.5,1660.4,1657.44,1648.19,Between Slow & Fast EMA,29,,,,
INFY,1h,EMA21/EMA50,2026-01-16 10:15:00,1684.8,1613.97,1612.86,2026-01-22 14:15:00,1656.1,1666.6,1654.2,1663.3,1657.69,1649.33,Between Slow & Fast EMA,32,,,,
INFY,1h,EMA21/EMA50,2026-01-16 10:15:00,1684.8,1613.97,1612.86,2026-01-23 14:15:00,1663.2,1672.1,1662.3,1670.2,1662.6,1653.82,Between Slow & Fast EMA,39,,,,
INFY,1h,EMA21/EMA50,2026-03-24 12:15:00,1290.0,1259.3,1257.77,2026-03-25 09:15:00,1270.0,1282.6,1265.1,1281.4,1266.43,1261.35,Between Slow & Fast EMA,4,,,,
INFY,1h,EMA21/EMA50,2026-03-24 12:15:00,1290.0,1259.3,1257.77,2026-03-27 12:15:00,1278.1,1281.4,1275.3,1280.1,1275.7,1268.16,Between Slow & Fast EMA,14,,,,
INFY,1h,EMA21/EMA50,2026-04-01 09:15:00,1298.0,1267.47,1266.24,2026-04-02 12:15:00,1266.0,1273.7,1263.2,1273.6,1272.57,1269.83,At/Below Slow EMA,10,,,,
INFY,1h,EMA21/EMA50,2026-04-01 09:15:00,1298.0,1267.47,1266.24,2026-04-02 13:15:00,1273.1,1294.5,1272.7,1294.5,1274.56,1270.8,Between Slow & Fast EMA,11,,,,
INFY,1h,EMA21/EMA50,2026-04-01 09:15:00,1298.0,1267.47,1266.24,2026-04-07 09:15:00,1302.0,1322.4,1294.4,1321.0,1296.23,1283.5,Between Slow & Fast EMA,21,,,,
INFY,1h,EMA21/EMA50,2026-04-01 09:15:00,1298.0,1267.47,1266.24,2026-04-09 12:15:00,1325.0,1331.9,1324.5,1330.5,1326.73,1308.82,Between Slow & Fast EMA,38,,,,
INFY,1h,EMA21/EMA50,2026-04-01 09:15:00,1298.0,1267.47,1266.24,2026-04-09 14:15:00,1328.5,1337.3,1325.0,1334.6,1327.56,1310.56,Between Slow & Fast EMA,40,,,,
INFY,1h,EMA21/EMA50,2026-04-16 10:15:00,1320.9,1302.38,1301.61,2026-04-17 09:15:00,1313.0,1328.3,1306.9,1315.4,1307.58,1304.29,Between Slow & Fast EMA,6,,,,
INFY,1h,EMA21/EMA50,2026-04-16 10:15:00,1320.9,1302.38,1301.61,2026-04-17 13:15:00,1310.9,1312.8,1308.5,1312.6,1309.22,1305.55,Between Slow & Fast EMA,10,,,,
INFY,1h,EMA21/EMA50,2026-04-16 10:15:00,1320.9,1302.38,1301.61,2026-04-17 14:15:00,1312.7,1319.2,1307.6,1318.7,1310.08,1306.06,Between Slow & Fast EMA,11,,,,
INFY,1h,EMA21/EMA50,2026-04-16 10:15:00,1320.9,1302.38,1301.61,2026-04-20 10:15:00,1311.9,1316.8,1310.0,1316.6,1311.56,1307.2,Between Slow & Fast EMA,14,,,,
INFY,1h,EMA21/EMA50,2026-04-16 10:15:00,1320.9,1302.38,1301.61,2026-04-21 09:15:00,1310.0,1314.0,1299.4,1313.6,1312.58,1308.66,At/Below Slow EMA,20,,,,
INFY,1h,EMA21/EMA50,2026-04-16 10:15:00,1320.9,1302.38,1301.61,2026-04-21 10:15:00,1313.9,1319.8,1312.0,1318.4,1313.11,1309.04,Between Slow & Fast EMA,21,,,,
INFY,1h,EMA21/EMA50,2026-04-16 10:15:00,1320.9,1302.38,1301.61,2026-04-21 15:15:00,1312.3,1315.8,1311.8,1314.6,1313.61,1310.06,Between Slow & Fast EMA,26,,,,
RELIANCE,1h,EMA21/EMA50,2026-02-03 11:15:00,1446.4,1397.68,1397.21,2026-02-06 10:15:00,1437.9,1448.8,1437.5,1448.0,1439.03,1424.55,Between Slow & Fast EMA,20,,,,
RELIANCE,1h,EMA21/EMA50,2026-02-03 11:15:00,1446.4,1397.68,1397.21,2026-02-06 13:15:00,1440.7,1444.5,1438.4,1442.0,1439.73,1426.51,Between Slow & Fast EMA,23,,,,
RELIANCE,1h,EMA21/EMA50,2026-02-03 11:15:00,1446.4,1397.68,1397.21,2026-02-06 14:15:00,1442.4,1451.4,1440.0,1450.4,1440.7,1427.45,Between Slow & Fast EMA,24,,,,
RELIANCE,1h,EMA21/EMA50,2026-02-03 11:15:00,1446.4,1397.68,1397.21,2026-02-10 14:15:00,1455.3,1463.3,1454.6,1456.6,1455.07,1441.57,Between Slow & Fast EMA,38,,,,
RELIANCE,1h,EMA21/EMA50,2026-03-09 09:15:00,1401.6,1393.17,1392.86,2026-03-09 11:15:00,1395.7,1406.0,1391.1,1398.9,1393.92,1393.22,At/Below Slow EMA,2,,,,
RELIANCE,1h,EMA21/EMA50,2026-03-09 09:15:00,1401.6,1393.17,1392.86,2026-03-10 15:15:00,1408.6,1412.2,1405.7,1410.9,1405.71,1399.99,Between Slow & Fast EMA,13,,,,
RELIANCE,1h,EMA21/EMA50,2026-03-09 09:15:00,1401.6,1393.17,1392.86,2026-03-12 10:15:00,1393.8,1410.9,1393.5,1406.9,1400.79,1399.18,At/Below Slow EMA,22,,,,
RELIANCE,1h,EMA21/EMA50,2026-03-18 10:15:00,1412.1,1396.47,1395.66,2026-03-19 09:15:00,1388.0,1408.0,1388.0,1406.5,1401.58,1398.35,At/Below Slow EMA,6,,,,
RELIANCE,1h,EMA21/EMA50,2026-03-18 10:15:00,1412.1,1396.47,1395.66,2026-03-20 09:15:00,1398.0,1422.5,1398.0,1422.3,1400.63,1398.59,At/Below Slow EMA,13,,,,
RELIANCE,1h,EMA21/EMA50,2026-03-18 10:15:00,1412.1,1396.47,1395.66,2026-03-23 13:15:00,1400.5,1412.0,1399.0,1409.2,1406.62,1403.16,At/Below Slow EMA,24,,,,
RELIANCE,1h,EMA21/EMA50,2026-03-18 10:15:00,1412.1,1396.47,1395.66,2026-03-24 10:15:00,1413.3,1415.9,1406.7,1413.7,1407.71,1404.15,Between Slow & Fast EMA,28,,,,
RELIANCE,1h,EMA21/EMA50,2026-03-18 10:15:00,1412.1,1396.47,1395.66,2026-03-24 12:15:00,1411.4,1420.1,1408.5,1416.3,1408.8,1404.9,Between Slow & Fast EMA,30,,,,
RELIANCE,1h,EMA21/EMA50,2026-03-18 10:15:00,1412.1,1396.47,1395.66,2026-03-24 15:15:00,1411.5,1414.6,1408.2,1414.0,1409.76,1405.77,Between Slow & Fast EMA,33,,,,
RELIANCE,1h,EMA21/EMA50,2026-04-17 10:15:00,1361.5,1339.79,1338.9,2026-04-22 10:15:00,1355.9,1365.3,1355.9,1363.9,1357.55,1351.64,Between Slow & Fast EMA,21,,,,
RELIANCE,1h,EMA21/EMA50,2026-04-17 10:15:00,1361.5,1339.79,1338.9,2026-04-22 14:15:00,1360.6,1363.5,1358.6,1363.4,1359.18,1353.28,Between Slow & Fast EMA,25,,,,
RELIANCE,1h,EMA21/EMA50,2026-04-28 09:15:00,1362.9,1349.13,1348.83,2026-04-30 10:15:00,1398.6,1400.3,1393.1,1400.2,1393.61,1374.37,Between Slow & Fast EMA,15,,,,
RELIANCE,1h,EMA21/EMA50,2026-04-28 09:15:00,1362.9,1349.13,1348.83,2026-05-08 15:15:00,1434.5,1437.4,1434.4,1436.0,1435.2,1426.82,Between Slow & Fast EMA,55,,,,
TCS,1h,EMA21/EMA50,2026-01-01 10:15:00,3221.0,3211.0,3210.43,2026-01-05 11:15:00,3223.3,3231.3,3220.0,3228.3,3227.65,3220.6,At/Below Slow EMA,15,,,,
TCS,1h,EMA21/EMA50,2026-01-01 10:15:00,3221.0,3211.0,3210.43,2026-01-06 09:15:00,3210.0,3248.0,3206.3,3238.1,3226.07,3221.09,At/Below Slow EMA,20,,,,
TCS,1h,EMA21/EMA50,2026-01-01 10:15:00,3221.0,3211.0,3210.43,2026-01-07 09:15:00,3242.9,3280.5,3236.7,3276.3,3238.25,3228.06,Between Slow & Fast EMA,27,,,,
TCS,1h,EMA21/EMA50,2026-04-01 13:15:00,2415.7,2406.05,2405.95,2026-04-01 15:15:00,2410.0,2414.0,2405.3,2411.0,2406.85,2406.31,At/Below Slow EMA,2,,,,
TCS,1h,EMA21/EMA50,2026-04-01 13:15:00,2415.7,2406.05,2405.95,2026-04-02 11:15:00,2405.3,2414.7,2403.1,2406.6,2406.59,2406.25,At/Below Slow EMA,5,,,,
TCS,1h,EMA21/EMA50,2026-04-01 13:15:00,2415.7,2406.05,2405.95,2026-04-02 12:15:00,2407.1,2420.4,2403.0,2419.8,2407.79,2406.78,At/Below Slow EMA,6,,,,
TCS,1h,EMA21/EMA50,2026-04-01 13:15:00,2415.7,2406.05,2405.95,2026-04-07 09:15:00,2461.0,2500.0,2448.0,2499.8,2448.15,2428.44,Between Slow & Fast EMA,17,,,,
TCS,1h,EMA21/EMA50,2026-04-01 13:15:00,2415.7,2406.05,2405.95,2026-04-15 09:15:00,2501.9,2553.2,2496.6,2549.3,2510.56,2501.15,At/Below Slow EMA,52,,,,
TCS,1h,EMA21/EMA50,2026-04-01 13:15:00,2415.7,2406.05,2405.95,2026-04-21 09:15:00,2560.0,2593.0,2560.0,2589.5,2573.99,2551.04,Between Slow & Fast EMA,80,,,,
