Stock,Timeframe,EMA Pair,Cross Time,Cross Close,EMA21 @ Cross,EMA50 @ Cross,Touch Time,Touch Open,Touch High,Touch Low,Touch Close,EMA21 @ Touch,EMA50 @ Touch,Touch Zone,Candles After Cross,EMA10 @ Cross,EMA20 @ Cross,EMA10 @ Touch,EMA20 @ Touch,SL Price,SL Hit,SL Hit Time,Max High Before SL,Max Upside %,Trade Duration
HDFCBANK,1d,EMA10/EMA20,2024-03-13 00:00:00,730.2,,,2024-03-15 00:00:00,725.0,729.65,721.12,726.33,,,Between Slow & Fast EMA,2,720.6,719.68,722.7,721.0,721.12,Yes,2024-03-18 00:00:00,728.0,0.23,1d
HDFCBANK,1d,EMA10/EMA20,2024-03-13 00:00:00,730.2,,,2024-03-19 00:00:00,717.75,726.2,717.75,724.67,,,At/Below Slow EMA,4,720.6,719.68,723.11,721.53,717.75,Yes,2024-03-20 00:00:00,725.83,0.16,1d
HDFCBANK,1d,EMA10/EMA20,2024-03-13 00:00:00,730.2,,,2024-03-21 00:00:00,721.3,725.62,719.15,722.88,,,At/Below Slow EMA,6,720.6,719.68,721.94,721.14,719.15,Yes,2024-03-22 00:00:00,725.38,0.35,1d
HDFCBANK,1d,EMA10/EMA20,2024-03-28 00:00:00,723.95,,,2024-04-19 00:00:00,743.27,767.48,740.12,765.65,,,At/Below Slow EMA,13,720.89,720.7,755.62,748.03,740.12,Yes,2024-05-09 00:00:00,778.7,1.7,13d
HDFCBANK,1d,EMA10/EMA20,2024-03-28 00:00:00,723.95,,,2024-04-29 00:00:00,757.5,767.23,753.27,764.75,,,Between Slow & Fast EMA,19,720.89,720.7,757.05,752.17,753.27,Yes,2024-05-07 00:00:00,770.3,0.73,5d
HDFCBANK,1d,EMA10/EMA20,2024-03-28 00:00:00,723.95,,,2024-05-06 00:00:00,761.0,767.25,758.58,761.33,,,Between Slow & Fast EMA,23,720.89,720.7,759.64,755.34,758.58,Yes,2024-05-07 00:00:00,762.02,0.09,1d
HDFCBANK,1d,EMA10/EMA20,2024-05-27 00:00:00,763.85,,,2024-05-30 00:00:00,749.6,761.8,748.83,757.42,,,Between Slow & Fast EMA,3,743.73,742.61,750.39,746.78,748.83,Yes,2024-06-04 00:00:00,799.5,5.56,3d
HDFCBANK,1d,EMA10/EMA20,2024-05-27 00:00:00,763.85,,,2024-06-05 00:00:00,747.02,779.8,741.17,775.9,,,At/Below Slow EMA,7,743.73,742.61,759.59,753.51,741.17,Yes,2026-03-23 00:00:00,1020.5,31.52,447d
HDFCBANK,1d,EMA10/EMA20,2024-08-26 00:00:00,819.98,,,2024-09-03 00:00:00,817.0,819.98,812.3,818.67,,,At/Below Slow EMA,6,815.31,814.86,816.93,816.16,812.3,Yes,2024-10-07 00:00:00,894.0,9.2,23d
HDFCBANK,1d,EMA10/EMA20,2024-08-26 00:00:00,819.98,,,2024-09-04 00:00:00,819.5,822.4,816.0,820.9,,,At/Below Slow EMA,7,815.31,814.86,817.65,816.61,816.0,Yes,2024-09-09 00:00:00,824.95,0.49,3d
HDFCBANK,1d,EMA10/EMA20,2024-08-26 00:00:00,819.98,,,2024-09-09 00:00:00,819.0,824.25,815.05,823.25,,,At/Below Slow EMA,10,815.31,814.86,819.41,817.88,815.05,Yes,2024-10-07 00:00:00,894.0,8.59,19d
HDFCBANK,1d,EMA10/EMA20,2024-10-21 00:00:00,864.35,,,2024-10-29 00:00:00,863.08,882.0,862.55,875.92,,,Between Slow & Fast EMA,6,844.14,843.17,862.56,855.2,862.55,Yes,2024-10-30 00:00:00,877.38,0.17,1d
HDFCBANK,1d,EMA10/EMA20,2024-10-21 00:00:00,864.35,,,2024-10-31 00:00:00,864.0,869.45,859.7,867.85,,,Between Slow & Fast EMA,8,844.14,843.17,864.23,857.45,859.7,Yes,2024-11-04 00:00:00,872.5,0.54,2d
HDFCBANK,1d,EMA10/EMA20,2024-10-21 00:00:00,864.35,,,2024-11-01 00:00:00,866.5,872.05,863.05,868.65,,,Between Slow & Fast EMA,9,844.14,843.17,865.03,858.51,863.05,Yes,2024-11-04 00:00:00,872.5,0.44,1d
HDFCBANK,1d,EMA10/EMA20,2024-10-21 00:00:00,864.35,,,2024-11-05 00:00:00,851.5,881.35,848.95,878.92,,,At/Below Slow EMA,11,844.14,843.17,866.37,860.33,848.95,Yes,2024-11-13 00:00:00,891.4,1.42,6d
HDFCBANK,1d,EMA10/EMA20,2024-10-21 00:00:00,864.35,,,2024-11-07 00:00:00,872.15,880.48,869.0,873.27,,,Between Slow & Fast EMA,13,844.14,843.17,869.3,863.05,869.0,Yes,2024-11-12 00:00:00,891.4,2.08,3d
HDFCBANK,1d,EMA10/EMA20,2024-11-19 00:00:00,871.12,,,2024-11-22 00:00:00,871.77,877.15,864.77,872.8,,,Between Slow & Fast EMA,2,862.02,861.69,865.26,863.51,864.77,Yes,2025-01-06 00:00:00,940.0,7.7,30d
HDFCBANK,1d,EMA10/EMA20,2024-11-19 00:00:00,871.12,,,2024-12-02 00:00:00,901.75,904.08,887.5,902.35,,,Between Slow & Fast EMA,8,862.02,861.69,888.84,879.33,887.5,Yes,2024-12-20 00:00:00,940.0,4.17,14d
HDFCBANK,1d,EMA10/EMA20,2024-11-19 00:00:00,871.12,,,2024-12-13 00:00:00,931.25,937.5,914.62,935.88,,,Between Slow & Fast EMA,17,862.02,861.69,924.65,909.98,914.62,Yes,2024-12-17 00:00:00,934.98,-0.1,2d
HDFCBANK,1d,EMA10/EMA20,2025-02-05 00:00:00,868.9,,,2025-02-17 00:00:00,842.6,860.0,840.62,858.67,,,At/Below Slow EMA,8,847.12,845.97,853.27,851.34,840.62,Yes,2025-02-21 00:00:00,868.95,1.2,4d
HDFCBANK,1d,EMA10/EMA20,2025-02-05 00:00:00,868.9,,,2025-02-18 00:00:00,856.52,865.77,853.08,861.52,,,Between Slow & Fast EMA,9,847.12,845.97,854.77,852.31,853.08,Yes,2025-02-20 00:00:00,868.95,0.86,2d
HDFCBANK,1d,EMA10/EMA20,2025-02-05 00:00:00,868.9,,,2025-02-19 00:00:00,858.5,868.95,856.23,863.6,,,Between Slow & Fast EMA,10,847.12,845.97,856.37,853.38,856.23,Yes,2025-02-20 00:00:00,857.35,-0.72,1d
HDFCBANK,1d,EMA10/EMA20,2025-02-28 00:00:00,866.2,,,2025-03-04 00:00:00,849.0,857.15,846.62,855.0,,,At/Below Slow EMA,2,851.96,851.32,852.34,851.62,846.62,Yes,2025-03-05 00:00:00,855.4,0.05,1d
HDFCBANK,1d,EMA10/EMA20,2025-03-17 00:00:00,855.2,,,2025-04-02 00:00:00,885.35,899.6,885.35,898.45,,,Between Slow & Fast EMA,11,850.53,850.26,892.95,881.11,885.35,Yes,2025-04-07 00:00:00,920.98,2.51,3d
HDFCBANK,1d,EMA10/EMA20,2025-03-17 00:00:00,855.2,,,2025-04-03 00:00:00,890.55,902.0,888.5,897.42,,,Between Slow & Fast EMA,12,850.53,850.26,893.76,882.66,888.5,Yes,2025-04-07 00:00:00,920.98,2.62,2d
HDFCBANK,1d,EMA10/EMA20,2025-03-17 00:00:00,855.2,,,2025-04-11 00:00:00,887.38,909.7,887.38,903.38,,,Between Slow & Fast EMA,17,850.53,850.26,892.45,886.16,887.38,Yes,2026-02-27 00:00:00,1020.5,12.96,220d
HDFCBANK,1d,EMA10/EMA20,2025-03-17 00:00:00,855.2,,,2025-05-12 00:00:00,958.8,979.95,956.15,978.6,,,Between Slow & Fast EMA,35,850.53,850.26,962.01,949.84,956.15,Yes,2025-05-14 00:00:00,980.85,0.23,2d
HDFCBANK,1d,EMA10/EMA20,2025-03-17 00:00:00,855.2,,,2025-05-15 00:00:00,956.75,972.4,948.5,966.9,,,At/Below Slow EMA,38,850.53,850.26,961.81,952.83,948.5,Yes,2025-09-01 00:00:00,1018.85,5.37,75d
HDFCBANK,1d,EMA10/EMA20,2025-03-17 00:00:00,855.2,,,2025-05-23 00:00:00,960.05,968.5,957.25,966.8,,,At/Below Slow EMA,44,850.53,850.26,963.19,957.81,957.25,Yes,2025-05-29 00:00:00,974.95,0.84,4d
HDFCBANK,1d,EMA10/EMA20,2025-03-17 00:00:00,855.2,,,2025-05-26 00:00:00,967.5,974.95,963.45,970.1,,,Between Slow & Fast EMA,45,850.53,850.26,964.44,958.98,963.45,Yes,2025-05-27 00:00:00,974.0,0.4,1d
HDFCBANK,1d,EMA10/EMA20,2025-03-17 00:00:00,855.2,,,2025-05-30 00:00:00,965.95,974.4,962.7,972.45,,,Between Slow & Fast EMA,49,850.53,850.26,965.34,961.19,962.7,Yes,2025-06-02 00:00:00,968.0,-0.46,1d
HDFCBANK,1d,EMA10/EMA20,2025-03-17 00:00:00,855.2,,,2025-06-02 00:00:00,965.05,968.0,954.0,966.05,,,At/Below Slow EMA,50,850.53,850.26,965.47,961.65,954.0,Yes,2025-08-29 00:00:00,1018.85,5.47,62d
HDFCBANK,1d,EMA10/EMA20,2025-03-17 00:00:00,855.2,,,2025-06-04 00:00:00,960.5,971.65,960.45,970.6,,,At/Below Slow EMA,52,850.53,850.26,965.93,962.56,960.45,Yes,2025-06-13 00:00:00,998.15,2.84,7d
HDFCBANK,1d,EMA10/EMA20,2025-03-17 00:00:00,855.2,,,2025-06-06 00:00:00,972.0,998.15,971.35,989.35,,,Between Slow & Fast EMA,54,850.53,850.26,971.51,966.16,971.35,Yes,2025-06-12 00:00:00,997.5,0.82,4d
HDFCBANK,1d,EMA10/EMA20,2025-03-17 00:00:00,855.2,,,2025-06-20 00:00:00,965.8,984.95,965.8,982.35,,,At/Below Slow EMA,64,850.53,850.26,971.64,969.79,965.8,Yes,2025-08-28 00:00:00,1018.85,3.72,47d
HDFCBANK,1d,EMA10/EMA20,2025-03-17 00:00:00,855.2,,,2025-07-04 00:00:00,993.55,1001.75,990.0,994.65,,,Between Slow & Fast EMA,74,850.53,850.26,993.23,986.46,990.0,Yes,2025-07-08 00:00:00,1002.5,0.79,2d
HDFCBANK,1d,EMA10/EMA20,2025-03-17 00:00:00,855.2,,,2025-07-08 00:00:00,988.5,1002.5,988.5,1000.7,,,Between Slow & Fast EMA,76,850.53,850.26,994.66,988.44,988.5,Yes,2025-07-14 00:00:00,1008.5,0.78,4d
HDFCBANK,1d,EMA10/EMA20,2025-03-17 00:00:00,855.2,,,2025-07-15 00:00:00,986.5,1001.8,986.5,997.75,,,At/Below Slow EMA,81,850.53,850.26,996.14,991.98,986.5,Yes,2025-07-18 00:00:00,1011.35,1.36,3d
HDFCBANK,1d,EMA10/EMA20,2025-03-17 00:00:00,855.2,,,2025-07-21 00:00:00,989.1,1001.0,988.25,1000.25,,,At/Below Slow EMA,85,850.53,850.26,994.17,992.18,988.25,Yes,2025-08-05 00:00:00,1018.85,1.86,11d
HDFCBANK,1d,EMA10/EMA20,2025-03-17 00:00:00,855.2,,,2025-07-28 00:00:00,1001.5,1010.7,1000.25,1004.25,,,Between Slow & Fast EMA,90,850.53,850.26,1001.34,997.5,1000.25,Yes,2025-07-29 00:00:00,1013.25,0.9,1d
HDFCBANK,1d,EMA10/EMA20,2025-03-17 00:00:00,855.2,,,2025-07-29 00:00:00,999.95,1013.25,998.15,1010.8,,,At/Below Slow EMA,91,850.53,850.26,1003.06,998.76,998.15,Yes,2025-08-04 00:00:00,1016.3,0.54,4d
HDFCBANK,1d,EMA10/EMA20,2025-03-17 00:00:00,855.2,,,2025-07-31 00:00:00,1007.3,1015.7,1004.0,1009.1,,,Between Slow & Fast EMA,93,850.53,850.26,1005.62,1000.97,1004.0,Yes,2025-08-04 00:00:00,1014.15,0.5,2d
HDFCBANK,1d,EMA10/EMA20,2025-10-07 00:00:00,982.5,,,2025-10-13 00:00:00,974.3,981.0,972.0,977.0,,,Between Slow & Fast EMA,4,965.15,964.68,972.45,969.21,972.0,Yes,2025-10-14 00:00:00,980.45,0.35,1d
HDFCBANK,1d,EMA10/EMA20,2025-10-07 00:00:00,982.5,,,2025-10-14 00:00:00,970.0,980.45,967.0,977.15,,,At/Below Slow EMA,5,965.15,964.68,973.31,969.96,967.0,Yes,2026-01-06 00:00:00,1020.5,4.44,57d
HDFCBANK,1d,EMA10/EMA20,2025-10-07 00:00:00,982.5,,,2025-10-15 00:00:00,975.0,984.9,973.35,978.25,,,Between Slow & Fast EMA,6,965.15,964.68,974.21,970.75,973.35,Yes,2025-12-18 00:00:00,1020.5,4.32,44d
HDFCBANK,1d,EMA10/EMA20,2025-10-07 00:00:00,982.5,,,2025-10-28 00:00:00,997.65,1008.0,995.0,1003.55,,,Between Slow & Fast EMA,14,965.15,964.68,996.85,988.2,995.0,Yes,2025-10-31 00:00:00,1012.5,0.89,3d
HDFCBANK,1d,EMA10/EMA20,2025-10-07 00:00:00,982.5,,,2025-11-11 00:00:00,983.5,993.5,978.0,991.7,,,At/Below Slow EMA,23,965.15,964.68,989.8,988.84,978.0,Yes,2025-11-14 00:00:00,999.0,0.74,3d
HDFCBANK,1d,EMA10/EMA20,2025-10-07 00:00:00,982.5,,,2025-11-14 00:00:00,976.05,991.65,976.05,989.6,,,At/Below Slow EMA,26,965.15,964.68,989.26,988.77,976.05,Yes,2025-12-18 00:00:00,1017.5,2.82,24d
HDFCBANK,1d,EMA10/EMA20,2025-10-07 00:00:00,982.5,,,2025-11-17 00:00:00,991.25,997.95,985.6,996.55,,,At/Below Slow EMA,27,965.15,964.68,990.59,989.51,985.6,Yes,2025-11-19 00:00:00,999.0,0.25,2d
HDFCBANK,1d,EMA10/EMA20,2025-10-07 00:00:00,982.5,,,2025-11-19 00:00:00,990.0,996.55,984.0,994.6,,,At/Below Slow EMA,29,965.15,964.68,991.59,990.25,984.0,Yes,2025-11-26 00:00:00,1011.6,1.71,5d
HDFCBANK,1d,EMA10/EMA20,2025-10-07 00:00:00,982.5,,,2025-11-20 00:00:00,995.3,1011.6,992.45,1008.85,,,Between Slow & Fast EMA,30,965.15,964.68,994.73,992.02,992.45,Yes,2025-11-25 00:00:00,1011.45,0.26,3d
HDFCBANK,1d,EMA10/EMA20,2025-10-07 00:00:00,982.5,,,2025-11-26 00:00:00,981.3,1006.95,981.3,1003.9,,,At/Below Slow EMA,34,965.15,964.68,996.53,993.94,981.3,Yes,2025-12-17 00:00:00,1017.5,1.35,15d
HDFCBANK,1d,EMA10/EMA20,2025-10-07 00:00:00,982.5,,,2025-12-03 00:00:00,986.0,1002.3,986.0,1000.5,,,At/Below Slow EMA,39,965.15,964.68,999.09,996.8,986.0,Yes,2025-12-10 00:00:00,1008.0,0.75,5d
HDFCBANK,1d,EMA10/EMA20,2025-10-07 00:00:00,982.5,,,2025-12-05 00:00:00,992.0,1008.0,990.2,1003.3,,,At/Below Slow EMA,41,965.15,964.68,999.57,997.46,990.2,Yes,2025-12-10 00:00:00,1006.5,0.32,3d
HDFCBANK,1d,EMA10/EMA20,2025-10-07 00:00:00,982.5,,,2025-12-08 00:00:00,1000.0,1006.5,997.5,1003.1,,,At/Below Slow EMA,42,965.15,964.68,1000.21,997.99,997.5,Yes,2025-12-09 00:00:00,1002.8,-0.03,1d
HDFCBANK,1d,EMA10/EMA20,2025-10-07 00:00:00,982.5,,,2025-12-11 00:00:00,990.0,1002.7,988.5,1000.3,,,At/Below Slow EMA,45,965.15,964.68,998.3,997.44,988.5,Yes,2025-12-17 00:00:00,1004.7,0.44,4d
ICICIBANK,1d,EMA10/EMA20,2024-01-03 00:00:00,984.05,,,2024-01-04 00:00:00,986.4,989.15,981.9,987.15,,,At/Below Slow EMA,1,982.58,982.42,983.41,982.87,981.9,Yes,2024-01-08 00:00:00,998.3,1.13,2d
ICICIBANK,1d,EMA10/EMA20,2024-01-03 00:00:00,984.05,,,2024-01-05 00:00:00,988.0,998.3,983.8,993.7,,,At/Below Slow EMA,2,982.58,982.42,985.28,983.9,983.8,Yes,2024-01-08 00:00:00,998.2,0.45,1d
ICICIBANK,1d,EMA10/EMA20,2024-01-03 00:00:00,984.05,,,2024-01-10 00:00:00,974.3,994.95,974.3,993.05,,,At/Below Slow EMA,5,982.58,982.42,985.47,984.27,974.3,Yes,2024-01-18 00:00:00,1015.8,2.29,6d
ICICIBANK,1d,EMA10/EMA20,2024-01-03 00:00:00,984.05,,,2024-01-19 00:00:00,991.3,1010.9,987.55,999.2,,,At/Below Slow EMA,12,982.58,982.42,993.49,990.52,987.55,Yes,2024-02-08 00:00:00,1059.4,6.02,13d
ICICIBANK,1d,EMA10/EMA20,2024-01-03 00:00:00,984.05,,,2024-01-20 00:00:00,1005.95,1014.7,995.3,1008.7,,,Between Slow & Fast EMA,13,982.58,982.42,996.26,992.25,995.3,Yes,2024-01-25 00:00:00,1059.4,5.03,3d
ICICIBANK,1d,EMA10/EMA20,2024-01-03 00:00:00,984.05,,,2024-01-25 00:00:00,998.4,1015.1,988.15,1009.95,,,At/Below Slow EMA,16,982.58,982.42,1003.18,997.41,988.15,Yes,2024-02-08 00:00:00,1050.0,3.97,9d
ICICIBANK,1d,EMA10/EMA20,2024-01-03 00:00:00,984.05,,,2024-01-31 00:00:00,1016.8,1039.0,1003.25,1028.15,,,At/Below Slow EMA,19,982.58,982.42,1011.37,1003.5,1003.25,Yes,2024-02-08 00:00:00,1050.0,2.13,6d
ICICIBANK,1d,EMA10/EMA20,2024-01-03 00:00:00,984.05,,,2024-02-05 00:00:00,1022.5,1026.45,1012.1,1023.5,,,Between Slow & Fast EMA,22,982.58,982.42,1017.13,1008.86,1012.1,Yes,2024-02-08 00:00:00,1034.9,1.11,3d
ICICIBANK,1d,EMA10/EMA20,2024-01-03 00:00:00,984.05,,,2024-02-06 00:00:00,1023.55,1034.9,1016.7,1026.4,,,Between Slow & Fast EMA,23,982.58,982.42,1018.82,1010.53,1016.7,Yes,2024-02-07 00:00:00,1031.55,0.5,1d
ICICIBANK,1d,EMA10/EMA20,2024-01-03 00:00:00,984.05,,,2024-02-13 00:00:00,1006.0,1027.05,1000.3,1019.8,,,At/Below Slow EMA,28,982.58,982.42,1011.96,1009.42,1000.3,No,Not Hit,1500.0,47.09,552d
ICICIBANK,1d,EMA10/EMA20,2024-01-03 00:00:00,984.05,,,2024-02-14 00:00:00,1009.55,1035.7,1007.55,1022.7,,,At/Below Slow EMA,29,982.58,982.42,1013.91,1010.69,1007.55,Yes,2024-02-15 00:00:00,1026.65,0.39,1d
ICICIBANK,1d,EMA10/EMA20,2024-01-03 00:00:00,984.05,,,2024-02-27 00:00:00,1050.75,1066.2,1046.5,1060.2,,,Between Slow & Fast EMA,38,982.58,982.42,1046.51,1034.17,1046.5,Yes,2024-02-28 00:00:00,1064.85,0.44,1d
ICICIBANK,1d,EMA10/EMA20,2024-01-03 00:00:00,984.05,,,2024-02-29 00:00:00,1043.05,1060.7,1038.5,1052.2,,,Between Slow & Fast EMA,40,982.58,982.42,1047.5,1036.93,1038.5,No,Not Hit,1500.0,42.56,540d
ICICIBANK,1d,EMA10/EMA20,2024-01-03 00:00:00,984.05,,,2024-03-01 00:00:00,1055.0,1089.95,1054.0,1086.9,,,Between Slow & Fast EMA,41,982.58,982.42,1054.66,1041.69,1054.0,Yes,2024-04-18 00:00:00,1116.55,2.73,30d
ICICIBANK,1d,EMA10/EMA20,2024-01-03 00:00:00,984.05,,,2024-03-13 00:00:00,1077.15,1089.65,1073.15,1083.95,,,Between Slow & Fast EMA,49,982.58,982.42,1078.61,1065.78,1073.15,Yes,2024-03-15 00:00:00,1097.1,1.21,2d
ICICIBANK,1d,EMA10/EMA20,2024-01-03 00:00:00,984.05,,,2024-03-14 00:00:00,1080.0,1097.1,1075.05,1083.6,,,Between Slow & Fast EMA,50,982.58,982.42,1079.51,1067.48,1075.05,Yes,2024-03-15 00:00:00,1086.25,0.24,1d
ICICIBANK,1d,EMA10/EMA20,2024-01-03 00:00:00,984.05,,,2024-03-15 00:00:00,1072.0,1086.25,1070.0,1080.35,,,Between Slow & Fast EMA,51,982.58,982.42,1079.67,1068.7,1070.0,Yes,2024-03-18 00:00:00,1084.8,0.41,1d
ICICIBANK,1d,EMA10/EMA20,2024-01-03 00:00:00,984.05,,,2024-03-18 00:00:00,1075.05,1084.8,1060.05,1081.2,,,At/Below Slow EMA,52,982.58,982.42,1079.95,1069.89,1060.05,Yes,2024-04-18 00:00:00,1116.55,3.27,19d
ICICIBANK,1d,EMA10/EMA20,2024-01-03 00:00:00,984.05,,,2024-03-19 00:00:00,1078.45,1088.75,1075.25,1083.95,,,Between Slow & Fast EMA,53,982.58,982.42,1080.67,1071.23,1075.25,Yes,2024-03-20 00:00:00,1090.0,0.56,1d
ICICIBANK,1d,EMA10/EMA20,2024-01-03 00:00:00,984.05,,,2024-03-20 00:00:00,1080.0,1090.0,1067.5,1084.5,,,At/Below Slow EMA,54,982.58,982.42,1081.37,1072.5,1067.5,Yes,2024-04-04 00:00:00,1105.05,1.89,9d
ICICIBANK,1d,EMA10/EMA20,2024-01-03 00:00:00,984.05,,,2024-03-22 00:00:00,1081.15,1093.7,1078.7,1090.3,,,Between Slow & Fast EMA,56,982.58,982.42,1083.06,1074.99,1078.7,Yes,2024-03-26 00:00:00,1089.15,-0.11,1d
ICICIBANK,1d,EMA10/EMA20,2024-01-03 00:00:00,984.05,,,2024-03-26 00:00:00,1081.0,1089.15,1076.95,1083.7,,,Between Slow & Fast EMA,57,982.58,982.42,1083.17,1075.82,1076.95,Yes,2024-04-03 00:00:00,1105.05,1.97,5d
ICICIBANK,1d,EMA10/EMA20,2024-01-03 00:00:00,984.05,,,2024-03-27 00:00:00,1083.7,1092.5,1079.55,1083.75,,,Between Slow & Fast EMA,58,982.58,982.42,1083.28,1076.58,1079.55,Yes,2024-04-02 00:00:00,1105.05,1.97,3d
ICICIBANK,1d,EMA10/EMA20,2024-01-03 00:00:00,984.05,,,2024-03-28 00:00:00,1085.0,1105.05,1085.0,1093.3,,,Between Slow & Fast EMA,59,982.58,982.42,1085.1,1078.17,1085.0,Yes,2024-04-02 00:00:00,1102.95,0.88,2d
ICICIBANK,1d,EMA10/EMA20,2024-01-03 00:00:00,984.05,,,2024-04-08 00:00:00,1078.35,1091.75,1076.3,1087.15,,,At/Below Slow EMA,65,982.58,982.42,1084.32,1080.89,1076.3,Yes,2024-04-16 00:00:00,1116.55,2.7,5d
ICICIBANK,1d,EMA10/EMA20,2024-01-03 00:00:00,984.05,,,2024-04-09 00:00:00,1091.95,1115.25,1088.3,1107.05,,,Between Slow & Fast EMA,66,982.58,982.42,1088.46,1083.39,1088.3,Yes,2024-04-15 00:00:00,1116.55,0.86,3d
ICICIBANK,1d,EMA10/EMA20,2024-04-24 00:00:00,1096.75,,,2024-04-25 00:00:00,1090.0,1125.65,1089.95,1113.75,,,Between Slow & Fast EMA,1,1084.71,1083.48,1089.99,1086.37,1089.95,Yes,2024-06-04 00:00:00,1173.0,5.32,27d
ICICIBANK,1d,EMA10/EMA20,2024-04-24 00:00:00,1096.75,,,2024-05-13 00:00:00,1112.4,1130.65,1106.7,1128.0,,,At/Below Slow EMA,12,1084.71,1083.48,1124.3,1115.98,1106.7,Yes,2024-05-22 00:00:00,1144.0,1.42,7d
ICICIBANK,1d,EMA10/EMA20,2024-04-24 00:00:00,1096.75,,,2024-05-15 00:00:00,1122.1,1127.8,1113.5,1124.35,,,At/Below Slow EMA,14,1084.71,1083.48,1123.75,1117.17,1113.5,Yes,2024-05-16 00:00:00,1136.55,1.09,1d
ICICIBANK,1d,EMA10/EMA20,2024-04-24 00:00:00,1096.75,,,2024-05-23 00:00:00,1115.55,1137.0,1111.4,1134.5,,,At/Below Slow EMA,20,1084.71,1083.48,1125.22,1121.2,1111.4,Yes,2024-05-29 00:00:00,1147.8,1.17,4d
ICICIBANK,1d,EMA10/EMA20,2024-04-24 00:00:00,1096.75,,,2024-05-24 00:00:00,1130.0,1135.0,1124.15,1131.95,,,Between Slow & Fast EMA,21,1084.71,1083.48,1126.44,1122.23,1124.15,Yes,2024-05-27 00:00:00,1147.8,1.4,1d
ICICIBANK,1d,EMA10/EMA20,2024-04-24 00:00:00,1096.75,,,2024-05-31 00:00:00,1118.0,1130.6,1111.25,1121.05,,,At/Below Slow EMA,26,1084.71,1083.48,1120.91,1120.62,1111.25,Yes,2024-06-04 00:00:00,1173.0,4.63,2d
ICICIBANK,1d,EMA10/EMA20,2024-06-19 00:00:00,1144.45,,,2024-07-03 00:00:00,1196.85,1215.85,1179.45,1201.6,,,Between Slow & Fast EMA,10,1121.0,1119.61,1188.25,1168.04,1179.45,Yes,2024-08-05 00:00:00,1257.8,4.68,22d
ICICIBANK,1d,EMA10/EMA20,2024-06-19 00:00:00,1144.45,,,2024-07-18 00:00:00,1234.9,1256.45,1231.7,1250.3,,,Between Slow & Fast EMA,20,1121.0,1119.61,1232.84,1212.97,1231.7,Yes,2024-07-23 00:00:00,1250.5,0.02,3d
ICICIBANK,1d,EMA10/EMA20,2024-06-19 00:00:00,1144.45,,,2024-07-22 00:00:00,1240.0,1245.3,1232.9,1241.15,,,Between Slow & Fast EMA,22,1121.0,1119.61,1236.7,1218.73,1232.9,Yes,2024-07-23 00:00:00,1248.65,0.6,1d
ICICIBANK,1d,EMA10/EMA20,2024-08-27 00:00:00,1226.35,,,2024-09-09 00:00:00,1202.9,1238.3,1200.45,1235.0,,,At/Below Slow EMA,9,1196.4,1193.53,1224.3,1215.13,1200.45,Yes,2025-01-21 00:00:00,1362.35,10.31,92d
ICICIBANK,1d,EMA10/EMA20,2024-08-27 00:00:00,1226.35,,,2024-09-11 00:00:00,1231.5,1239.3,1226.4,1236.35,,,Between Slow & Fast EMA,11,1196.4,1193.53,1228.43,1219.06,1226.4,Yes,2024-09-12 00:00:00,1257.0,1.67,1d
ICICIBANK,1d,EMA10/EMA20,2024-08-27 00:00:00,1226.35,,,2024-09-12 00:00:00,1238.0,1257.0,1226.35,1252.15,,,Between Slow & Fast EMA,12,1196.4,1193.53,1232.74,1222.21,1226.35,Yes,2024-10-07 00:00:00,1362.35,8.8,16d
ICICIBANK,1d,EMA10/EMA20,2024-10-28 00:00:00,1292.85,,,2024-11-05 00:00:00,1273.0,1301.3,1263.1,1296.7,,,At/Below Slow EMA,6,1260.66,1258.3,1285.55,1276.28,1263.1,Yes,2024-11-08 00:00:00,1315.0,1.41,3d
ICICIBANK,1d,EMA10/EMA20,2024-11-25 00:00:00,1300.95,,,2024-11-29 00:00:00,1283.1,1303.25,1283.1,1300.1,,,Between Slow & Fast EMA,4,1271.2,1270.77,1285.66,1279.65,1283.1,Yes,2024-12-20 00:00:00,1350.45,3.87,15d
ICICIBANK,1d,EMA10/EMA20,2024-11-25 00:00:00,1300.95,,,2024-12-11 00:00:00,1324.7,1331.25,1316.0,1327.5,,,Between Slow & Fast EMA,12,1271.2,1270.77,1316.94,1303.79,1316.0,Yes,2024-12-13 00:00:00,1347.15,1.48,2d
ICICIBANK,1d,EMA10/EMA20,2024-11-25 00:00:00,1300.95,,,2024-12-13 00:00:00,1325.35,1347.15,1313.5,1344.9,,,Between Slow & Fast EMA,14,1271.2,1270.77,1323.85,1309.9,1313.5,Yes,2024-12-18 00:00:00,1350.45,0.41,3d
ICICIBANK,1d,EMA10/EMA20,2025-02-04 00:00:00,1268.2,,,2025-02-10 00:00:00,1257.2,1265.0,1249.35,1262.6,,,At/Below Slow EMA,4,1248.59,1248.44,1257.18,1253.74,1249.35,Yes,2025-02-11 00:00:00,1261.85,-0.06,1d
ICICIBANK,1d,EMA10/EMA20,2025-02-04 00:00:00,1268.2,,,2025-02-14 00:00:00,1252.1,1263.5,1244.45,1260.1,,,At/Below Slow EMA,8,1248.59,1248.44,1255.38,1253.71,1244.45,Yes,2025-02-17 00:00:00,1258.15,-0.15,1d
ICICIBANK,1d,EMA10/EMA20,2025-02-04 00:00:00,1268.2,,,2025-02-19 00:00:00,1234.85,1264.45,1230.25,1261.65,,,At/Below Slow EMA,11,1248.59,1248.44,1254.17,1253.35,1230.25,Yes,2025-02-21 00:00:00,1264.0,0.19,2d
ICICIBANK,1d,EMA10/EMA20,2025-03-17 00:00:00,1269.0,,,2025-04-02 00:00:00,1322.15,1337.95,1322.15,1331.25,,,Between Slow & Fast EMA,11,1238.47,1236.28,1323.55,1301.4,1322.15,Yes,2025-04-03 00:00:00,1333.0,0.13,1d
ICICIBANK,1d,EMA10/EMA20,2025-03-17 00:00:00,1269.0,,,2025-04-03 00:00:00,1321.95,1333.0,1321.25,1329.55,,,Between Slow & Fast EMA,12,1238.47,1236.28,1324.64,1304.08,1321.25,Yes,2025-04-07 00:00:00,1338.55,0.68,2d
ICICIBANK,1d,EMA10/EMA20,2025-03-17 00:00:00,1269.0,,,2025-04-04 00:00:00,1329.55,1338.55,1322.1,1335.3,,,Between Slow & Fast EMA,13,1238.47,1236.28,1326.58,1307.05,1322.1,Yes,2025-04-07 00:00:00,1325.0,-0.77,1d
ICICIBANK,1d,EMA10/EMA20,2025-03-17 00:00:00,1269.0,,,2025-05-12 00:00:00,1409.4,1453.0,1404.0,1448.5,,,Between Slow & Fast EMA,35,1238.47,1236.28,1422.46,1402.37,1404.0,Yes,2025-06-13 00:00:00,1471.6,1.59,24d
ICICIBANK,1d,EMA10/EMA20,2025-03-17 00:00:00,1269.0,,,2025-05-15 00:00:00,1425.9,1456.5,1415.5,1450.8,,,Between Slow & Fast EMA,38,1238.47,1236.28,1429.16,1411.24,1415.5,Yes,2025-06-13 00:00:00,1471.6,1.43,21d
ICICIBANK,1d,EMA10/EMA20,2025-03-17 00:00:00,1269.0,,,2025-05-22 00:00:00,1441.1,1445.3,1427.8,1442.1,,,Between Slow & Fast EMA,43,1238.47,1236.28,1438.92,1424.56,1427.8,Yes,2025-06-04 00:00:00,1471.6,2.05,9d
ICICIBANK,1d,EMA10/EMA20,2025-03-17 00:00:00,1269.0,,,2025-05-23 00:00:00,1442.2,1451.8,1434.4,1449.8,,,Between Slow & Fast EMA,44,1238.47,1236.28,1440.9,1426.96,1434.4,Yes,2025-06-02 00:00:00,1471.6,1.5,6d
ICICIBANK,1d,EMA10/EMA20,2025-03-17 00:00:00,1269.0,,,2025-05-28 00:00:00,1447.6,1458.0,1442.5,1453.8,,,Between Slow & Fast EMA,47,1238.47,1236.28,1446.46,1433.81,1442.5,Yes,2025-06-02 00:00:00,1462.9,0.63,3d
ICICIBANK,1d,EMA10/EMA20,2025-03-17 00:00:00,1269.0,,,2025-06-02 00:00:00,1442.0,1460.0,1432.8,1450.5,,,At/Below Slow EMA,50,1238.47,1236.28,1448.32,1438.2,1432.8,Yes,2025-06-03 00:00:00,1455.0,0.31,1d
ICICIBANK,1d,EMA10/EMA20,2025-03-17 00:00:00,1269.0,,,2025-06-05 00:00:00,1430.9,1459.0,1427.3,1454.8,,,At/Below Slow EMA,53,1238.47,1236.28,1445.65,1439.14,1427.3,Yes,2025-06-10 00:00:00,1466.8,0.82,3d
ICICIBANK,1d,EMA10/EMA20,2025-03-17 00:00:00,1269.0,,,2025-06-06 00:00:00,1448.6,1461.4,1442.1,1459.7,,,Between Slow & Fast EMA,54,1238.47,1236.28,1448.21,1441.1,1442.1,Yes,2025-06-09 00:00:00,1466.8,0.49,1d
ICICIBANK,1d,EMA10/EMA20,2025-06-27 00:00:00,1462.2,,,2025-07-04 00:00:00,1427.0,1444.4,1421.1,1442.8,,,At/Below Slow EMA,5,1433.41,1431.89,1434.19,1432.99,1421.1,Yes,2025-07-11 00:00:00,1445.0,0.15,5d
ICICIBANK,1d,EMA10/EMA20,2025-06-27 00:00:00,1462.2,,,2025-07-08 00:00:00,1432.0,1445.0,1430.0,1442.0,,,At/Below Slow EMA,7,1433.41,1431.89,1435.83,1434.08,1430.0,Yes,2025-07-09 00:00:00,1438.7,-0.23,1d
ICICIBANK,1d,EMA10/EMA20,2025-07-21 00:00:00,1465.8,,,2025-07-31 00:00:00,1469.9,1494.5,1464.0,1481.4,,,Between Slow & Fast EMA,8,1434.07,1432.6,1473.15,1460.29,1464.0,Yes,2025-08-04 00:00:00,1485.1,0.25,2d
ICICIBANK,1d,EMA10/EMA20,2025-11-19 00:00:00,1383.1,,,2025-11-26 00:00:00,1360.0,1377.0,1359.9,1375.0,,,At/Below Slow EMA,5,1369.48,1368.41,1369.72,1369.13,1359.9,Yes,2025-12-10 00:00:00,1400.0,1.82,10d
ICICIBANK,1d,EMA10/EMA20,2025-11-19 00:00:00,1383.1,,,2025-12-03 00:00:00,1367.0,1394.2,1367.0,1391.5,,,At/Below Slow EMA,10,1369.48,1368.41,1380.38,1376.09,1367.0,Yes,2025-12-10 00:00:00,1395.3,0.27,5d
ICICIBANK,1d,EMA10/EMA20,2025-11-19 00:00:00,1383.1,,,2025-12-05 00:00:00,1381.0,1395.3,1381.0,1392.5,,,Between Slow & Fast EMA,12,1369.48,1368.41,1383.52,1378.57,1381.0,Yes,2025-12-09 00:00:00,1394.9,0.17,2d
ICICIBANK,1d,EMA10/EMA20,2025-11-19 00:00:00,1383.1,,,2025-12-08 00:00:00,1387.0,1394.9,1383.3,1389.6,,,Between Slow & Fast EMA,13,1369.48,1368.41,1384.63,1379.62,1383.3,Yes,2025-12-09 00:00:00,1384.3,-0.38,1d
ICICIBANK,1d,EMA10/EMA20,2026-01-06 00:00:00,1411.2,,,2026-01-12 00:00:00,1399.9,1424.3,1391.7,1413.1,,,Between Slow & Fast EMA,4,1365.07,1363.75,1394.39,1382.01,1391.7,Yes,2026-01-19 00:00:00,1443.9,2.18,4d
ICICIBANK,1d,EMA10/EMA20,2026-02-05 00:00:00,1396.5,,,2026-02-16 00:00:00,1404.0,1414.0,1400.5,1411.6,,,Between Slow & Fast EMA,7,1378.22,1376.59,1403.81,1394.03,1400.5,Yes,2026-02-17 00:00:00,1413.6,0.14,1d
ICICIBANK,1d,EMA10/EMA20,2026-02-05 00:00:00,1396.5,,,2026-02-17 00:00:00,1406.2,1413.6,1393.6,1407.5,,,At/Below Slow EMA,8,1378.22,1376.59,1404.48,1395.32,1393.6,Yes,2026-02-19 00:00:00,1412.3,0.34,2d
ICICIBANK,1d,EMA10/EMA20,2026-02-05 00:00:00,1396.5,,,2026-02-25 00:00:00,1391.8,1407.4,1388.2,1400.5,,,At/Below Slow EMA,14,1378.22,1376.59,1398.19,1395.49,1388.2,Yes,2026-02-27 00:00:00,1410.0,0.68,2d
INFY,1d,EMA10/EMA20,2024-01-12 00:00:00,1612.75,,,2024-01-31 00:00:00,1648.25,1667.25,1638.1,1660.9,,,Between Slow & Fast EMA,12,1536.16,1532.83,1645.58,1618.04,1638.1,Yes,2024-02-14 00:00:00,1733.0,4.34,10d
INFY,1d,EMA10/EMA20,2024-01-12 00:00:00,1612.75,,,2024-02-06 00:00:00,1686.75,1733.0,1673.95,1729.45,,,Between Slow & Fast EMA,16,1536.16,1532.83,1673.98,1643.23,1673.95,Yes,2024-02-09 00:00:00,1729.0,-0.03,3d
INFY,1d,EMA10/EMA20,2024-01-12 00:00:00,1612.75,,,2024-02-12 00:00:00,1670.35,1692.95,1670.35,1680.1,,,Between Slow & Fast EMA,20,1536.16,1532.83,1678.58,1656.37,1670.35,Yes,2024-02-13 00:00:00,1689.1,0.54,1d
INFY,1d,EMA10/EMA20,2024-01-12 00:00:00,1612.75,,,2024-02-13 00:00:00,1683.0,1689.1,1663.5,1684.55,,,Between Slow & Fast EMA,21,1536.16,1532.83,1679.66,1659.05,1663.5,Yes,2024-02-14 00:00:00,1669.45,-0.9,1d
INFY,1d,EMA10/EMA20,2024-01-12 00:00:00,1612.75,,,2024-02-20 00:00:00,1685.0,1694.25,1668.75,1685.25,,,At/Below Slow EMA,26,1536.16,1532.83,1684.92,1670.05,1668.75,Yes,2024-02-21 00:00:00,1674.0,-0.67,1d
INFY,1d,EMA10/EMA20,2024-01-12 00:00:00,1612.75,,,2024-02-22 00:00:00,1665.0,1684.6,1644.4,1681.35,,,At/Below Slow EMA,28,1536.16,1532.83,1679.9,1669.88,1644.4,Yes,2024-03-04 00:00:00,1698.45,1.02,8d
INFY,1d,EMA10/EMA20,2024-01-12 00:00:00,1612.75,,,2024-02-29 00:00:00,1665.0,1682.25,1653.3,1673.9,,,At/Below Slow EMA,33,1536.16,1532.83,1673.32,1669.65,1653.3,Yes,2024-03-01 00:00:00,1671.95,-0.12,1d
INFY,1d,EMA10/EMA20,2024-06-07 00:00:00,1533.6,,,2024-08-12 00:00:00,1773.05,1803.5,1768.1,1797.4,,,At/Below Slow EMA,44,1453.92,1448.23,1789.35,1773.24,1768.1,Yes,2024-10-31 00:00:00,1991.45,10.8,56d
INFY,1d,EMA10/EMA20,2024-06-07 00:00:00,1533.6,,,2024-09-04 00:00:00,1921.1,1927.2,1900.05,1922.45,,,Between Slow & Fast EMA,60,1453.92,1448.23,1916.14,1881.24,1900.05,Yes,2024-09-06 00:00:00,1940.0,0.91,2d
INFY,1d,EMA10/EMA20,2024-06-07 00:00:00,1533.6,,,2024-09-05 00:00:00,1926.25,1940.0,1909.6,1933.15,,,Between Slow & Fast EMA,61,1453.92,1448.23,1919.23,1886.18,1909.6,Yes,2024-09-06 00:00:00,1936.5,0.17,1d
INFY,1d,EMA10/EMA20,2024-06-07 00:00:00,1533.6,,,2024-09-10 00:00:00,1904.9,1935.0,1896.0,1912.3,,,Between Slow & Fast EMA,64,1453.92,1448.23,1912.2,1890.62,1896.0,Yes,2024-09-18 00:00:00,1958.6,2.42,6d
INFY,1d,EMA10/EMA20,2024-06-07 00:00:00,1533.6,,,2024-09-12 00:00:00,1925.0,1956.4,1910.8,1950.45,,,Between Slow & Fast EMA,66,1453.92,1448.23,1918.85,1898.0,1910.8,Yes,2024-09-18 00:00:00,1958.6,0.42,4d
INFY,1d,EMA10/EMA20,2024-10-04 00:00:00,1918.15,,,2024-10-08 00:00:00,1937.9,1957.95,1906.35,1948.55,,,At/Below Slow EMA,2,1903.35,1902.93,1916.17,1909.98,1906.35,Yes,2024-10-18 00:00:00,1991.45,2.2,8d
INFY,1d,EMA10/EMA20,2024-10-04 00:00:00,1918.15,,,2024-10-11 00:00:00,1918.0,1947.0,1910.1,1935.1,,,At/Below Slow EMA,5,1903.35,1902.93,1924.49,1916.48,1910.1,Yes,2024-10-18 00:00:00,1991.45,2.91,5d
INFY,1d,EMA10/EMA20,2024-10-04 00:00:00,1918.15,,,2024-10-17 00:00:00,1935.2,1978.0,1930.15,1968.1,,,Between Slow & Fast EMA,9,1903.35,1902.93,1939.43,1928.04,1930.15,Yes,2024-10-18 00:00:00,1936.85,-1.59,1d
INFY,1d,EMA10/EMA20,2024-11-22 00:00:00,1902.25,,,2024-12-02 00:00:00,1859.0,1882.8,1835.2,1879.8,,,At/Below Slow EMA,6,1846.35,1845.89,1872.41,1864.06,1835.2,Yes,2025-01-17 00:00:00,2006.45,6.74,33d
INFY,1d,EMA10/EMA20,2024-11-22 00:00:00,1902.25,,,2024-12-03 00:00:00,1887.0,1899.75,1871.15,1892.1,,,Between Slow & Fast EMA,7,1846.35,1845.89,1875.99,1866.73,1871.15,Yes,2024-12-24 00:00:00,2006.45,6.04,15d
INFY,1d,EMA10/EMA20,2024-11-22 00:00:00,1902.25,,,2024-12-04 00:00:00,1884.0,1913.95,1875.0,1889.25,,,Between Slow & Fast EMA,8,1846.35,1845.89,1878.4,1868.88,1875.0,Yes,2024-12-24 00:00:00,2006.45,6.2,14d
INFY,1d,EMA10/EMA20,2025-01-03 00:00:00,1938.75,,,2025-01-08 00:00:00,1930.0,1938.6,1888.75,1933.15,,,At/Below Slow EMA,3,1923.24,1922.14,1927.95,1925.17,1888.75,Yes,2025-01-17 00:00:00,1982.8,2.57,7d
INFY,1d,EMA10/EMA20,2025-01-03 00:00:00,1938.75,,,2025-01-10 00:00:00,1937.0,1977.8,1932.25,1966.95,,,Between Slow & Fast EMA,5,1923.24,1922.14,1933.46,1928.47,1932.25,Yes,2025-01-14 00:00:00,1982.8,0.81,2d
INFY,1d,EMA10/EMA20,2025-01-03 00:00:00,1938.75,,,2025-01-15 00:00:00,1947.0,1958.05,1937.1,1949.65,,,Between Slow & Fast EMA,8,1923.24,1922.14,1940.88,1934.11,1937.1,Yes,2025-01-16 00:00:00,1966.95,0.89,1d
INFY,1d,EMA10/EMA20,2025-05-09 00:00:00,1507.6,,,2025-05-21 00:00:00,1567.9,1571.0,1552.1,1568.5,,,Between Slow & Fast EMA,8,1498.77,1498.57,1562.22,1544.23,1552.1,Yes,2025-05-22 00:00:00,1560.8,-0.49,1d
INFY,1d,EMA10/EMA20,2025-05-09 00:00:00,1507.6,,,2025-05-23 00:00:00,1550.0,1587.2,1550.0,1564.8,,,Between Slow & Fast EMA,10,1498.77,1498.57,1560.5,1546.47,1550.0,Yes,2025-06-02 00:00:00,1608.9,2.82,6d
INFY,1d,EMA10/EMA20,2025-05-09 00:00:00,1507.6,,,2025-05-26 00:00:00,1566.6,1583.8,1562.7,1580.5,,,Between Slow & Fast EMA,11,1498.77,1498.57,1564.14,1549.71,1562.7,Yes,2025-05-27 00:00:00,1582.9,0.15,1d
INFY,1d,EMA10/EMA20,2025-05-09 00:00:00,1507.6,,,2025-06-06 00:00:00,1554.7,1568.9,1543.1,1563.8,,,At/Below Slow EMA,20,1498.77,1498.57,1559.73,1555.89,1543.1,Yes,2025-07-25 00:00:00,1649.0,5.45,35d
INFY,1d,EMA10/EMA20,2025-05-09 00:00:00,1507.6,,,2025-06-13 00:00:00,1576.0,1609.0,1570.2,1602.0,,,At/Below Slow EMA,25,1498.77,1498.57,1588.06,1574.6,1570.2,Yes,2025-07-11 00:00:00,1649.0,2.93,20d
INFY,1d,EMA10/EMA20,2025-05-09 00:00:00,1507.6,,,2025-06-20 00:00:00,1619.0,1630.7,1608.9,1622.9,,,Between Slow & Fast EMA,30,1498.77,1498.57,1612.44,1595.27,1608.9,Yes,2025-06-23 00:00:00,1601.0,-1.35,1d
INFY,1d,EMA10/EMA20,2025-05-09 00:00:00,1507.6,,,2025-06-25 00:00:00,1590.0,1619.9,1585.1,1614.9,,,At/Below Slow EMA,33,1498.77,1498.57,1604.84,1595.08,1585.1,Yes,2025-07-11 00:00:00,1649.0,2.11,12d
INFY,1d,EMA10/EMA20,2025-05-09 00:00:00,1507.6,,,2025-06-26 00:00:00,1608.8,1624.0,1606.6,1616.0,,,Between Slow & Fast EMA,34,1498.77,1498.57,1606.87,1597.07,1606.6,Yes,2025-06-27 00:00:00,1629.6,0.84,1d
INFY,1d,EMA10/EMA20,2025-05-09 00:00:00,1507.6,,,2025-07-04 00:00:00,1625.0,1643.4,1612.3,1640.7,,,Between Slow & Fast EMA,40,1498.77,1498.57,1614.88,1605.76,1612.3,Yes,2025-07-10 00:00:00,1646.2,0.34,4d
INFY,1d,EMA10/EMA20,2025-10-23 00:00:00,1528.5,,,2025-10-28 00:00:00,1499.7,1506.5,1490.5,1500.2,,,Between Slow & Fast EMA,3,1482.58,1482.13,1494.25,1489.15,1490.5,Yes,2025-10-30 00:00:00,1520.2,1.33,2d
INFY,1d,EMA10/EMA20,2025-10-23 00:00:00,1528.5,,,2025-10-29 00:00:00,1500.2,1520.2,1496.9,1510.4,,,Between Slow & Fast EMA,4,1482.58,1482.13,1497.19,1491.18,1496.9,Yes,2025-10-30 00:00:00,1508.2,-0.15,1d
INFY,1d,EMA10/EMA20,2025-11-10 00:00:00,1513.5,,,2025-11-19 00:00:00,1490.5,1543.0,1490.5,1541.1,,,At/Below Slow EMA,7,1488.36,1487.78,1512.3,1504.7,1490.5,Yes,2026-02-06 00:00:00,1728.0,12.13,55d
INFY,1d,EMA10/EMA20,2025-11-10 00:00:00,1513.5,,,2025-11-26 00:00:00,1532.1,1560.3,1532.1,1557.9,,,Between Slow & Fast EMA,12,1488.36,1487.78,1532.89,1520.25,1532.1,Yes,2026-02-04 00:00:00,1728.0,10.92,48d
INFY,1d,EMA10/EMA20,2025-11-10 00:00:00,1513.5,,,2025-12-03 00:00:00,1555.1,1586.0,1554.1,1578.7,,,Between Slow & Fast EMA,17,1488.36,1487.78,1554.63,1538.49,1554.1,Yes,2026-02-04 00:00:00,1728.0,9.46,43d
INFY,1d,EMA10/EMA20,2025-11-10 00:00:00,1513.5,,,2025-12-15 00:00:00,1585.0,1610.8,1585.0,1606.8,,,Between Slow & Fast EMA,25,1488.36,1487.78,1591.51,1572.94,1585.0,Yes,2026-01-05 00:00:00,1693.2,5.38,14d
INFY,1d,EMA10/EMA20,2025-11-10 00:00:00,1513.5,,,2025-12-17 00:00:00,1587.2,1606.9,1586.0,1602.0,,,Between Slow & Fast EMA,27,1488.36,1487.78,1593.63,1577.43,1586.0,Yes,2026-01-05 00:00:00,1693.2,5.69,12d
INFY,1d,EMA10/EMA20,2025-11-10 00:00:00,1513.5,,,2026-01-02 00:00:00,1635.9,1643.5,1627.5,1640.4,,,Between Slow & Fast EMA,38,1488.36,1487.78,1634.07,1620.53,1627.5,Yes,2026-01-05 00:00:00,1637.0,-0.21,1d
INFY,1d,EMA10/EMA20,2025-11-10 00:00:00,1513.5,,,2026-01-07 00:00:00,1615.0,1642.0,1615.0,1639.0,,,At/Below Slow EMA,41,1488.36,1487.78,1628.35,1620.47,1615.0,Yes,2026-01-08 00:00:00,1644.3,0.32,1d
INFY,1d,EMA10/EMA20,2026-01-16 00:00:00,1689.8,,,2026-01-21 00:00:00,1651.0,1657.0,1631.2,1654.4,,,At/Below Slow EMA,3,1626.31,1621.06,1642.94,1632.19,1631.2,Yes,2026-01-30 00:00:00,1689.4,2.12,6d
INFY,1d,EMA10/EMA20,2026-01-16 00:00:00,1689.8,,,2026-01-29 00:00:00,1658.0,1666.5,1642.1,1659.5,,,At/Below Slow EMA,8,1626.31,1621.06,1658.75,1646.41,1642.1,Yes,2026-01-30 00:00:00,1655.0,-0.27,1d
INFY,1d,EMA10/EMA20,2026-04-08 00:00:00,1346.2,,,2026-04-21 00:00:00,1310.0,1325.0,1299.3,1313.2,,,At/Below Slow EMA,8,1300.04,1298.45,1308.36,1304.56,1299.3,Yes,2026-04-22 00:00:00,1297.7,-1.18,1d
RELIANCE,1d,EMA10/EMA20,2024-01-11 00:00:00,1359.9,,,2024-01-25 00:00:00,1342.95,1364.15,1335.2,1353.08,,,At/Below Slow EMA,10,1313.98,1309.27,1349.44,1340.2,1335.2,Yes,2024-10-23 00:00:00,1608.8,18.9,184d
RELIANCE,1d,EMA10/EMA20,2024-01-11 00:00:00,1359.9,,,2024-01-29 00:00:00,1364.5,1452.5,1360.17,1448.05,,,Between Slow & Fast EMA,11,1313.98,1309.27,1367.37,1350.47,1360.17,Yes,2024-06-04 00:00:00,1514.5,4.59,86d
RELIANCE,1d,EMA10/EMA20,2024-01-11 00:00:00,1359.9,,,2024-02-19 00:00:00,1462.05,1479.5,1453.53,1474.0,,,Between Slow & Fast EMA,26,1313.98,1309.27,1457.25,1432.9,1453.53,Yes,2024-02-28 00:00:00,1499.95,1.76,7d
RELIANCE,1d,EMA10/EMA20,2024-01-11 00:00:00,1359.9,,,2024-02-22 00:00:00,1468.15,1484.95,1458.0,1481.75,,,Between Slow & Fast EMA,29,1313.98,1309.27,1464.94,1443.52,1458.0,Yes,2024-02-28 00:00:00,1499.95,1.23,4d
RELIANCE,1d,EMA10/EMA20,2024-01-11 00:00:00,1359.9,,,2024-03-01 00:00:00,1463.5,1500.0,1462.5,1492.12,,,Between Slow & Fast EMA,35,1313.98,1309.27,1473.93,1459.24,1462.5,Yes,2024-03-13 00:00:00,1512.45,1.36,8d
RELIANCE,1d,EMA10/EMA20,2024-01-11 00:00:00,1359.9,,,2024-03-06 00:00:00,1493.45,1509.0,1478.5,1503.0,,,Between Slow & Fast EMA,39,1313.98,1309.27,1488.9,1472.94,1478.5,Yes,2024-03-07 00:00:00,1503.1,0.01,1d
RELIANCE,1d,EMA10/EMA20,2024-03-28 00:00:00,1485.85,,,2024-04-08 00:00:00,1462.97,1490.97,1461.0,1485.97,,,At/Below Slow EMA,6,1461.57,1459.7,1470.57,1466.51,1461.0,Yes,2024-04-15 00:00:00,1489.8,0.26,4d
RELIANCE,1d,EMA10/EMA20,2024-03-28 00:00:00,1485.85,,,2024-04-10 00:00:00,1466.35,1487.0,1466.35,1479.58,,,At/Below Slow EMA,8,1461.57,1459.7,1471.18,1467.51,1466.35,Yes,2024-04-12 00:00:00,1486.47,0.47,1d
RELIANCE,1d,EMA10/EMA20,2024-03-28 00:00:00,1485.85,,,2024-04-19 00:00:00,1456.78,1474.0,1443.03,1470.12,,,At/Below Slow EMA,13,1461.57,1459.7,1468.35,1467.14,1443.03,Yes,2024-04-25 00:00:00,1493.5,1.59,4d
RELIANCE,1d,EMA10/EMA20,2024-03-28 00:00:00,1485.85,,,2024-04-22 00:00:00,1472.45,1482.83,1467.8,1479.85,,,At/Below Slow EMA,14,1461.57,1459.7,1470.44,1468.35,1467.8,Yes,2024-04-23 00:00:00,1493.5,0.92,1d
RELIANCE,1d,EMA10/EMA20,2024-06-07 00:00:00,1469.95,,,2024-06-14 00:00:00,1470.0,1479.67,1457.22,1477.55,,,Between Slow & Fast EMA,5,1444.62,1444.17,1459.33,1453.28,1457.22,Yes,2024-06-19 00:00:00,1487.5,0.67,2d
RELIANCE,1d,EMA10/EMA20,2024-06-07 00:00:00,1469.95,,,2024-06-20 00:00:00,1459.0,1482.85,1450.1,1473.7,,,At/Below Slow EMA,8,1444.62,1444.17,1464.48,1457.85,1450.1,Yes,2024-06-21 00:00:00,1474.7,0.07,1d
RELIANCE,1d,EMA10/EMA20,2024-06-07 00:00:00,1469.95,,,2024-06-26 00:00:00,1446.05,1518.97,1445.12,1514.03,,,At/Below Slow EMA,12,1444.62,1444.17,1468.13,1461.35,1445.12,Yes,2024-08-05 00:00:00,1608.8,6.26,27d
RELIANCE,1d,EMA10/EMA20,2024-06-07 00:00:00,1469.95,,,2024-07-18 00:00:00,1576.0,1593.9,1557.83,1586.67,,,Between Slow & Fast EMA,27,1444.62,1444.17,1578.24,1554.02,1557.83,Yes,2024-07-19 00:00:00,1589.97,0.21,1d
RELIANCE,1d,EMA10/EMA20,2024-08-27 00:00:00,1500.45,,,2024-08-29 00:00:00,1503.1,1537.0,1494.0,1520.92,,,At/Below Slow EMA,2,1494.19,1493.97,1499.66,1496.91,1494.0,Yes,2024-09-05 00:00:00,1539.72,1.24,5d
RELIANCE,1d,EMA10/EMA20,2024-08-27 00:00:00,1500.45,,,2024-09-04 00:00:00,1500.7,1517.5,1499.5,1514.55,,,At/Below Slow EMA,6,1494.19,1493.97,1506.79,1502.05,1499.5,Yes,2024-09-05 00:00:00,1525.78,0.74,1d
RELIANCE,1d,EMA10/EMA20,2024-09-26 00:00:00,1497.95,,,2024-09-27 00:00:00,1499.0,1533.47,1492.0,1526.17,,,Between Slow & Fast EMA,1,1485.74,1484.95,1493.09,1488.88,1492.0,Yes,2024-09-30 00:00:00,1524.97,-0.08,1d
RELIANCE,1d,EMA10/EMA20,2025-04-21 00:00:00,1295.5,,,2025-05-21 00:00:00,1423.9,1436.2,1418.1,1429.2,,,Between Slow & Fast EMA,21,1245.39,1241.45,1424.53,1395.15,1418.1,Yes,2025-05-22 00:00:00,1423.8,-0.38,1d
RELIANCE,1d,EMA10/EMA20,2025-04-21 00:00:00,1295.5,,,2025-05-23 00:00:00,1406.6,1433.8,1406.6,1426.8,,,Between Slow & Fast EMA,23,1245.39,1241.45,1422.69,1399.39,1406.6,Yes,2025-06-02 00:00:00,1441.0,1.0,6d
RELIANCE,1d,EMA10/EMA20,2025-04-21 00:00:00,1295.5,,,2025-06-04 00:00:00,1414.7,1425.7,1406.1,1423.5,,,At/Below Slow EMA,31,1245.39,1241.45,1418.47,1409.66,1406.1,Yes,2025-07-24 00:00:00,1551.0,8.96,36d
RELIANCE,1d,EMA10/EMA20,2025-04-21 00:00:00,1295.5,,,2025-06-16 00:00:00,1426.9,1442.4,1424.4,1437.8,,,At/Below Slow EMA,39,1245.39,1241.45,1435.32,1426.59,1424.4,Yes,2025-07-21 00:00:00,1551.0,7.87,25d
RELIANCE,1d,EMA10/EMA20,2025-04-21 00:00:00,1295.5,,,2025-06-20 00:00:00,1431.0,1471.0,1428.1,1466.2,,,At/Below Slow EMA,43,1245.39,1241.45,1439.59,1431.54,1428.1,Yes,2025-07-21 00:00:00,1551.0,5.78,21d
RELIANCE,1d,EMA10/EMA20,2025-04-21 00:00:00,1295.5,,,2025-06-23 00:00:00,1453.0,1463.8,1442.0,1456.8,,,Between Slow & Fast EMA,44,1245.39,1241.45,1442.72,1433.94,1442.0,Yes,2025-07-21 00:00:00,1551.0,6.47,20d
RELIANCE,1d,EMA10/EMA20,2025-10-17 00:00:00,1416.8,,,2025-11-10 00:00:00,1477.9,1501.0,1475.5,1489.3,,,Between Slow & Fast EMA,14,1386.82,1384.15,1478.04,1457.82,1475.5,Yes,2026-01-08 00:00:00,1611.8,8.23,42d
RELIANCE,1d,EMA10/EMA20,2025-10-17 00:00:00,1416.8,,,2025-11-25 00:00:00,1535.9,1559.6,1525.1,1539.7,,,Between Slow & Fast EMA,25,1386.82,1384.15,1525.96,1504.8,1525.1,Yes,2025-12-04 00:00:00,1581.3,2.7,7d
RELIANCE,1d,EMA10/EMA20,2025-10-17 00:00:00,1416.8,,,2025-12-11 00:00:00,1536.9,1550.0,1524.0,1545.0,,,At/Below Slow EMA,37,1386.82,1384.15,1541.11,1532.97,1524.0,Yes,2026-01-06 00:00:00,1611.8,4.32,17d
RELIANCE,1d,EMA10/EMA20,2025-10-17 00:00:00,1416.8,,,2025-12-26 00:00:00,1554.7,1561.0,1554.3,1559.2,,,Between Slow & Fast EMA,47,1386.82,1384.15,1557.37,1549.23,1554.3,Yes,2025-12-29 00:00:00,1558.1,-0.07,1d
RELIANCE,1d,EMA10/EMA20,2025-10-17 00:00:00,1416.8,,,2025-12-31 00:00:00,1541.0,1577.0,1541.0,1570.4,,,At/Below Slow EMA,50,1386.82,1384.15,1555.7,1550.15,1541.0,Yes,2026-01-06 00:00:00,1611.8,2.64,4d
RELIANCE,1d,EMA10/EMA20,2026-04-29 00:00:00,1425.4,,,2026-05-08 00:00:00,1426.0,1442.8,1417.5,1435.2,,,Between Slow & Fast EMA,6,1369.6,1364.86,1420.81,1400.44,1417.5,No,Not Hit,,,0d
TCS,1d,EMA10/EMA20,2024-01-15 00:00:00,3903.8,,,2024-02-01 00:00:00,3820.0,3904.9,3805.05,3854.15,,,At/Below Slow EMA,12,3781.56,3770.81,3831.82,3821.83,3805.05,Yes,2024-04-19 00:00:00,4254.75,10.39,52d
TCS,1d,EMA10/EMA20,2024-01-15 00:00:00,3903.8,,,2024-02-22 00:00:00,3971.0,4094.95,3971.0,4087.1,,,At/Below Slow EMA,27,3781.56,3770.81,4064.66,4024.1,3971.0,Yes,2024-03-06 00:00:00,4154.9,1.66,10d
TCS,1d,EMA10/EMA20,2024-01-15 00:00:00,3903.8,,,2024-02-27 00:00:00,3999.0,4124.0,3999.0,4104.4,,,At/Below Slow EMA,30,3781.56,3770.81,4060.89,4031.94,3999.0,Yes,2024-03-05 00:00:00,4154.9,1.23,6d
TCS,1d,EMA10/EMA20,2024-01-15 00:00:00,3903.8,,,2024-03-07 00:00:00,4065.0,4124.0,4037.7,4108.6,,,At/Below Slow EMA,38,3781.56,3770.81,4076.56,4059.74,4037.7,Yes,2024-03-19 00:00:00,4254.75,3.56,7d
TCS,1d,EMA10/EMA20,2024-01-15 00:00:00,3903.8,,,2024-03-14 00:00:00,4153.45,4225.0,4086.0,4207.6,,,At/Below Slow EMA,42,3781.56,3770.81,4129.8,4096.26,4086.0,Yes,2024-03-19 00:00:00,4254.75,1.12,3d
TCS,1d,EMA10/EMA20,2024-05-09 00:00:00,3960.2,,,2024-05-13 00:00:00,3884.5,3955.0,3870.0,3947.8,,,At/Below Slow EMA,2,3915.27,3911.96,3918.0,3913.82,3870.0,Yes,2024-05-16 00:00:00,3945.8,-0.05,3d
TCS,1d,EMA10/EMA20,2024-06-26 00:00:00,3855.85,,,2024-06-27 00:00:00,3831.0,3942.0,3818.1,3934.15,,,At/Below Slow EMA,1,3826.45,3825.98,3846.03,3836.28,3818.1,Yes,2025-02-19 00:00:00,4592.25,16.73,164d
TCS,1d,EMA10/EMA20,2024-06-26 00:00:00,3855.85,,,2024-07-12 00:00:00,3980.0,4199.95,3971.3,4183.95,,,Between Slow & Fast EMA,12,3826.45,3825.98,3990.12,3944.64,3971.3,Yes,2024-10-31 00:00:00,4592.25,9.76,76d
TCS,1d,EMA10/EMA20,2024-06-26 00:00:00,3855.85,,,2024-08-14 00:00:00,4209.0,4306.2,4188.15,4295.25,,,At/Below Slow EMA,34,3826.45,3825.98,4237.49,4221.09,4188.15,Yes,2024-10-11 00:00:00,4592.25,6.91,40d
TCS,1d,EMA10/EMA20,2024-06-26 00:00:00,3855.85,,,2024-08-29 00:00:00,4460.0,4556.0,4460.0,4511.8,,,Between Slow & Fast EMA,44,3826.45,3825.98,4465.82,4397.0,4460.0,Yes,2024-09-04 00:00:00,4592.25,1.78,4d
TCS,1d,EMA10/EMA20,2024-06-26 00:00:00,3855.85,,,2024-09-10 00:00:00,4442.45,4539.95,4440.45,4507.85,,,At/Below Slow EMA,52,3826.45,3825.98,4482.08,4448.11,4440.45,Yes,2024-09-12 00:00:00,4549.35,0.92,2d
TCS,1d,EMA10/EMA20,2024-06-26 00:00:00,3855.85,,,2024-09-12 00:00:00,4510.25,4532.6,4431.3,4517.7,,,At/Below Slow EMA,54,3826.45,3825.98,4488.15,4457.43,4431.3,Yes,2024-09-18 00:00:00,4547.0,0.65,4d
TCS,1d,EMA10/EMA20,2024-11-12 00:00:00,4197.4,,,2024-11-14 00:00:00,4135.0,4160.0,4116.45,4145.9,,,At/Below Slow EMA,2,4118.62,4116.99,4128.3,4122.62,4116.45,Yes,2024-11-18 00:00:00,4213.0,1.62,1d
TCS,1d,EMA10/EMA20,2024-11-22 00:00:00,4244.6,,,2024-11-29 00:00:00,4220.0,4298.7,4195.65,4270.85,,,Between Slow & Fast EMA,5,4119.56,4116.2,4230.79,4188.26,4195.65,Yes,2024-12-20 00:00:00,4494.9,5.25,15d
TCS,1d,EMA10/EMA20,2024-11-22 00:00:00,4244.6,,,2024-12-02 00:00:00,4270.0,4288.2,4230.05,4276.65,,,Between Slow & Fast EMA,6,4119.56,4116.2,4239.12,4196.68,4230.05,Yes,2024-12-20 00:00:00,4494.9,5.1,14d
TCS,1d,EMA10/EMA20,2024-11-22 00:00:00,4244.6,,,2024-12-13 00:00:00,4434.95,4494.9,4394.4,4473.9,,,Between Slow & Fast EMA,15,4119.56,4116.2,4406.95,4336.59,4394.4,Yes,2024-12-17 00:00:00,4475.0,0.02,2d
TCS,1d,EMA10/EMA20,2025-05-06 00:00:00,3460.0,,,2025-05-07 00:00:00,3420.6,3459.5,3420.6,3445.1,,,At/Below Slow EMA,1,3429.27,3426.57,3432.15,3428.33,3420.6,Yes,2025-05-09 00:00:00,3477.0,0.93,2d
TCS,1d,EMA10/EMA20,2025-05-06 00:00:00,3460.0,,,2025-05-08 00:00:00,3448.0,3477.0,3428.7,3448.9,,,At/Below Slow EMA,2,3429.27,3426.57,3435.2,3430.29,3428.7,Yes,2025-05-09 00:00:00,3446.2,-0.08,1d
TCS,1d,EMA10/EMA20,2025-05-06 00:00:00,3460.0,,,2025-05-09 00:00:00,3399.0,3446.2,3398.1,3440.3,,,At/Below Slow EMA,3,3429.27,3426.57,3436.12,3431.24,3398.1,Yes,2025-06-04 00:00:00,3630.5,5.53,18d
TCS,1d,EMA10/EMA20,2025-05-06 00:00:00,3460.0,,,2025-05-21 00:00:00,3508.0,3537.0,3498.3,3525.8,,,Between Slow & Fast EMA,11,3429.27,3426.57,3515.95,3491.61,3498.3,Yes,2025-05-22 00:00:00,3497.8,-0.79,1d
TCS,1d,EMA10/EMA20,2025-05-06 00:00:00,3460.0,,,2025-05-23 00:00:00,3477.0,3535.0,3465.6,3514.6,,,At/Below Slow EMA,13,3429.27,3426.57,3509.91,3492.54,3465.6,Yes,2025-05-30 00:00:00,3545.0,0.86,5d
TCS,1d,EMA10/EMA20,2025-05-06 00:00:00,3460.0,,,2025-05-26 00:00:00,3521.0,3545.0,3510.1,3537.3,,,Between Slow & Fast EMA,14,3429.27,3426.57,3514.89,3496.8,3510.1,Yes,2025-05-27 00:00:00,3540.0,0.08,1d
TCS,1d,EMA10/EMA20,2025-10-24 00:00:00,3063.2,,,2025-10-31 00:00:00,3035.0,3067.4,3025.1,3058.0,,,At/Below Slow EMA,5,3016.68,3013.26,3041.61,3030.6,3025.1,Yes,2025-11-03 00:00:00,3058.0,0.0,1d
TCS,1d,EMA10/EMA20,2025-11-11 00:00:00,3047.0,,,2025-11-19 00:00:00,3097.0,3155.0,3083.5,3147.7,,,Between Slow & Fast EMA,6,3025.18,3023.91,3087.76,3064.49,3083.5,Yes,2026-01-21 00:00:00,3328.6,5.75,43d
TCS,1d,EMA10/EMA20,2025-11-11 00:00:00,3047.0,,,2025-11-26 00:00:00,3118.8,3178.0,3117.0,3162.9,,,Between Slow & Fast EMA,11,3025.18,3023.91,3123.51,3095.75,3117.0,Yes,2026-01-20 00:00:00,3328.6,5.24,37d
TCS,1d,EMA10/EMA20,2025-11-11 00:00:00,3047.0,,,2025-12-02 00:00:00,3131.0,3144.0,3120.4,3135.7,,,Between Slow & Fast EMA,15,3025.18,3023.91,3130.2,3108.94,3120.4,Yes,2026-01-20 00:00:00,3328.6,6.15,33d
TCS,1d,EMA10/EMA20,2025-11-11 00:00:00,3047.0,,,2025-12-03 00:00:00,3140.0,3211.9,3139.0,3180.0,,,Between Slow & Fast EMA,16,3025.18,3023.91,3139.26,3115.71,3139.0,Yes,2026-01-20 00:00:00,3328.6,4.67,32d
TCS,1d,EMA10/EMA20,2025-11-11 00:00:00,3047.0,,,2025-12-12 00:00:00,3197.7,3223.0,3185.7,3220.5,,,Between Slow & Fast EMA,23,3025.18,3023.91,3194.24,3165.22,3185.7,Yes,2026-01-08 00:00:00,3328.6,3.36,18d
TCS,1d,EMA10/EMA20,2025-11-11 00:00:00,3047.0,,,2025-12-15 00:00:00,3211.1,3238.2,3197.3,3230.2,,,Between Slow & Fast EMA,24,3025.18,3023.91,3200.78,3171.41,3197.3,Yes,2025-12-16 00:00:00,3220.0,-0.32,1d
TCS,1d,EMA10/EMA20,2025-11-11 00:00:00,3047.0,,,2025-12-17 00:00:00,3200.5,3236.9,3200.5,3217.8,,,Between Slow & Fast EMA,26,3025.18,3023.91,3204.52,3178.73,3200.5,Yes,2025-12-31 00:00:00,3328.6,3.44,9d
TCS,1d,EMA10/EMA20,2025-11-11 00:00:00,3047.0,,,2026-01-02 00:00:00,3234.0,3254.3,3219.5,3250.7,,,At/Below Slow EMA,37,3025.18,3023.91,3249.12,3234.57,3219.5,Yes,2026-01-05 00:00:00,3247.0,-0.11,1d
TCS,1d,EMA10/EMA20,2025-11-11 00:00:00,3047.0,,,2026-01-06 00:00:00,3210.0,3263.2,3205.0,3255.8,,,At/Below Slow EMA,39,3025.18,3023.91,3245.42,3235.0,3205.0,Yes,2026-01-08 00:00:00,3300.6,1.38,2d
TCS,1d,EMA10/EMA20,2025-11-11 00:00:00,3047.0,,,2026-01-07 00:00:00,3242.9,3300.6,3223.2,3295.6,,,At/Below Slow EMA,40,3025.18,3023.91,3254.55,3240.77,3223.2,Yes,2026-01-08 00:00:00,3286.9,-0.26,1d
TCS,1d,EMA10/EMA20,2025-11-11 00:00:00,3047.0,,,2026-01-12 00:00:00,3203.0,3252.0,3174.3,3239.6,,,At/Below Slow EMA,43,3025.18,3023.91,3238.71,3234.94,3174.3,Yes,2026-01-16 00:00:00,3280.0,1.25,3d
TCS,1d,EMA10/EMA20,2025-11-11 00:00:00,3047.0,,,2026-01-13 00:00:00,3245.0,3280.0,3210.5,3268.0,,,At/Below Slow EMA,44,3025.18,3023.91,3244.04,3238.09,3210.5,Yes,2026-01-14 00:00:00,3260.0,-0.24,1d
