Stock,Timeframe,EMA Pair,Cross Time,Touch Time,Touch Open,Touch High,Touch Low,Touch Close,EMA21 @ Touch,EMA50 @ Touch,Touch Zone,Candles After Cross,EMA10 @ Touch,EMA20 @ Touch,Entry,SL Price,Target Price,Outcome,SL Hit Time,Target Hit Time,Max High Seen,PnL %,Duration
HDFCBANK,1d,EMA10/EMA20,2024-03-13 00:00:00,2024-03-15 00:00:00,725.0,729.65,721.12,726.33,,,Between Slow & Fast EMA,2,722.7,721.0,726.33,724.15,740.86,SL HIT,2024-03-18 00:00:00,Not Hit,728.0,-0.3,1d
HDFCBANK,1d,EMA10/EMA20,2024-03-28 00:00:00,2024-04-19 00:00:00,743.27,767.48,740.12,765.65,,,At/Below Slow EMA,13,755.62,748.03,765.65,763.35,780.96,SL HIT,2024-04-22 00:00:00,Not Hit,778.7,-0.3,1d
HDFCBANK,1d,EMA10/EMA20,2024-05-27 00:00:00,2024-05-30 00:00:00,749.6,761.8,748.83,757.42,,,Between Slow & Fast EMA,3,750.39,746.78,757.42,755.15,772.57,TARGET HIT,Not Hit,2024-06-03 00:00:00,799.5,2.0,2d
HDFCBANK,1d,EMA10/EMA20,2024-08-26 00:00:00,2024-09-03 00:00:00,817.0,819.98,812.3,818.67,,,At/Below Slow EMA,6,816.93,816.16,818.67,816.21,835.04,SL HIT,2024-09-04 00:00:00,Not Hit,822.4,-0.3,1d
HDFCBANK,1d,EMA10/EMA20,2024-10-21 00:00:00,2024-10-29 00:00:00,863.08,882.0,862.55,875.92,,,Between Slow & Fast EMA,6,862.56,855.2,875.92,873.29,893.44,SL HIT,2024-10-30 00:00:00,Not Hit,877.38,-0.3,1d
HDFCBANK,1d,EMA10/EMA20,2024-11-19 00:00:00,2024-11-22 00:00:00,871.77,877.15,864.77,872.8,,,Between Slow & Fast EMA,2,865.26,863.51,872.8,870.18,890.26,TARGET HIT,Not Hit,2024-11-25 00:00:00,901.77,2.0,1d
HDFCBANK,1d,EMA10/EMA20,2025-02-05 00:00:00,2025-02-17 00:00:00,842.6,860.0,840.62,858.67,,,At/Below Slow EMA,8,853.27,851.34,858.67,856.09,875.84,SL HIT,2025-02-18 00:00:00,Not Hit,865.77,-0.3,1d
HDFCBANK,1d,EMA10/EMA20,2025-02-28 00:00:00,2025-03-04 00:00:00,849.0,857.15,846.62,855.0,,,At/Below Slow EMA,2,852.34,851.62,855.0,852.43,872.1,SL HIT,2025-03-05 00:00:00,Not Hit,855.4,-0.3,1d
HDFCBANK,1d,EMA10/EMA20,2025-03-17 00:00:00,2025-04-02 00:00:00,885.35,899.6,885.35,898.45,,,Between Slow & Fast EMA,11,892.95,881.11,898.45,895.75,916.42,SL HIT,2025-04-03 00:00:00,Not Hit,902.0,-0.3,1d
HDFCBANK,1d,EMA10/EMA20,2025-10-07 00:00:00,2025-10-13 00:00:00,974.3,981.0,972.0,977.0,,,Between Slow & Fast EMA,4,972.45,969.21,977.0,974.07,996.54,SL HIT,2025-10-14 00:00:00,Not Hit,980.45,-0.3,1d
HDFCBANK,1d,EMA21/EMA50,2024-04-10 00:00:00,2024-04-16 00:00:00,743.5,756.45,741.12,754.62,745.39,743.61,At/Below Slow EMA,3,,,754.62,752.36,769.71,SL HIT,2024-04-18 00:00:00,Not Hit,759.42,-0.3,1d
HDFCBANK,1d,EMA21/EMA50,2024-05-28 00:00:00,2024-06-05 00:00:00,747.02,779.8,741.17,775.9,753.15,748.7,At/Below Slow EMA,6,,,775.9,773.57,791.42,SL HIT,2024-06-06 00:00:00,Not Hit,782.73,-0.3,1d
HDFCBANK,1d,EMA21/EMA50,2025-03-20 00:00:00,2025-04-08 00:00:00,882.5,891.0,875.15,884.58,883.81,871.72,Between Slow & Fast EMA,12,,,884.58,881.93,902.27,SL HIT,2025-04-09 00:00:00,Not Hit,887.5,-0.3,1d
HDFCBANK,1d,EMA21/EMA50,2025-10-17 00:00:00,2025-11-03 00:00:00,985.0,994.55,983.3,992.65,990.2,982.76,Between Slow & Fast EMA,10,,,992.65,989.67,1012.5,SL HIT,2025-11-04 00:00:00,Not Hit,997.0,-0.3,1d
HDFCBANK,1h,EMA10/EMA20,2026-01-27 15:15:00,2026-01-28 14:15:00,929.45,933.75,928.45,931.4,,,Between Slow & Fast EMA,6,929.21,925.98,931.4,928.61,950.03,SL HIT,2026-01-29 09:15:00,Not Hit,933.0,-0.3,2h
HDFCBANK,1h,EMA10/EMA20,2026-02-03 09:15:00,2026-02-05 10:15:00,950.9,951.7,949.05,951.65,,,Between Slow & Fast EMA,15,950.64,946.67,951.65,948.8,970.68,SL HIT,2026-02-05 12:15:00,Not Hit,952.85,-0.3,2h
HDFCBANK,1h,EMA10/EMA20,2026-02-16 15:15:00,2026-02-17 09:15:00,923.0,925.8,918.7,925.65,,,At/Below Slow EMA,1,922.98,922.68,925.65,922.87,944.16,SL HIT,2026-02-18 09:15:00,Not Hit,928.0,-0.3,7h
HDFCBANK,1h,EMA10/EMA20,2026-03-16 14:15:00,2026-03-17 11:15:00,840.15,841.05,835.15,840.6,,,Between Slow & Fast EMA,4,835.97,833.43,840.6,838.08,857.41,SL HIT,2026-03-18 09:15:00,Not Hit,848.7,-0.3,5h
HDFCBANK,1h,EMA10/EMA20,2026-04-06 11:15:00,2026-04-07 09:15:00,766.0,767.95,761.0,767.45,,,Between Slow & Fast EMA,5,761.69,756.3,767.45,765.15,782.8,SL HIT,2026-04-07 10:15:00,Not Hit,769.5,-0.3,1h
HDFCBANK,1h,EMA21/EMA50,2026-01-29 11:15:00,2026-01-30 09:15:00,930.0,937.9,930.0,936.6,930.71,928.88,Between Slow & Fast EMA,5,,,936.6,933.79,955.33,SL HIT,2026-01-30 11:15:00,Not Hit,938.85,-0.3,2h
HDFCBANK,1h,EMA21/EMA50,2026-04-08 09:15:00,2026-04-21 09:15:00,795.2,803.5,795.2,802.3,799.41,797.16,At/Below Slow EMA,56,,,802.3,799.89,818.35,SL HIT,2026-04-22 15:15:00,Not Hit,814.5,-0.3,13h
ICICIBANK,1d,EMA10/EMA20,2024-01-03 00:00:00,2024-01-04 00:00:00,986.4,989.15,981.9,987.15,,,At/Below Slow EMA,1,983.41,982.87,987.15,984.19,1006.89,SL HIT,2024-01-05 00:00:00,Not Hit,998.3,-0.3,1d
ICICIBANK,1d,EMA10/EMA20,2024-04-24 00:00:00,2024-04-25 00:00:00,1090.0,1125.65,1089.95,1113.75,,,Between Slow & Fast EMA,1,1089.99,1086.37,1113.75,1110.41,1136.03,SL HIT,2024-04-26 00:00:00,Not Hit,1120.0,-0.3,1d
ICICIBANK,1d,EMA10/EMA20,2024-06-19 00:00:00,2024-07-03 00:00:00,1196.85,1215.85,1179.45,1201.6,,,Between Slow & Fast EMA,10,1188.25,1168.04,1201.6,1198.0,1225.63,TARGET HIT,Not Hit,2024-07-04 00:00:00,1234.95,2.0,1d
ICICIBANK,1d,EMA10/EMA20,2024-08-27 00:00:00,2024-09-09 00:00:00,1202.9,1238.3,1200.45,1235.0,,,At/Below Slow EMA,9,1224.3,1215.13,1235.0,1231.3,1259.7,SL HIT,2024-09-10 00:00:00,Not Hit,1241.35,-0.3,1d
ICICIBANK,1d,EMA10/EMA20,2024-10-28 00:00:00,2024-11-05 00:00:00,1273.0,1301.3,1263.1,1296.7,,,At/Below Slow EMA,6,1285.55,1276.28,1296.7,1292.81,1322.63,SL HIT,2024-11-06 00:00:00,Not Hit,1315.0,-0.3,1d
ICICIBANK,1d,EMA10/EMA20,2024-11-25 00:00:00,2024-11-29 00:00:00,1283.1,1303.25,1283.1,1300.1,,,Between Slow & Fast EMA,4,1285.66,1279.65,1300.1,1296.2,1326.1,SL HIT,2024-12-02 00:00:00,Not Hit,1310.55,-0.3,1d
ICICIBANK,1d,EMA10/EMA20,2025-02-04 00:00:00,2025-02-10 00:00:00,1257.2,1265.0,1249.35,1262.6,,,At/Below Slow EMA,4,1257.18,1253.74,1262.6,1258.81,1287.85,SL HIT,2025-02-11 00:00:00,Not Hit,1261.85,-0.3,1d
ICICIBANK,1d,EMA10/EMA20,2025-03-17 00:00:00,2025-04-02 00:00:00,1322.15,1337.95,1322.15,1331.25,,,Between Slow & Fast EMA,11,1323.55,1301.4,1331.25,1327.26,1357.88,SL HIT,2025-04-03 00:00:00,Not Hit,1333.0,-0.3,1d
ICICIBANK,1d,EMA10/EMA20,2025-06-27 00:00:00,2025-07-04 00:00:00,1427.0,1444.4,1421.1,1442.8,,,At/Below Slow EMA,5,1434.19,1432.99,1442.8,1438.47,1471.66,SL HIT,2025-07-07 00:00:00,Not Hit,1440.9,-0.3,1d
ICICIBANK,1d,EMA10/EMA20,2025-07-21 00:00:00,2025-07-31 00:00:00,1469.9,1494.5,1464.0,1481.4,,,Between Slow & Fast EMA,8,1473.15,1460.29,1481.4,1476.96,1511.03,SL HIT,2025-08-01 00:00:00,Not Hit,1485.1,-0.3,1d
ICICIBANK,1d,EMA10/EMA20,2025-11-19 00:00:00,2025-11-26 00:00:00,1360.0,1377.0,1359.9,1375.0,,,At/Below Slow EMA,5,1369.72,1369.13,1375.0,1370.88,1402.5,SL HIT,2025-12-02 00:00:00,Not Hit,1400.0,-0.3,4d
ICICIBANK,1d,EMA10/EMA20,2026-01-06 00:00:00,2026-01-12 00:00:00,1399.9,1424.3,1391.7,1413.1,,,Between Slow & Fast EMA,4,1394.39,1382.01,1413.1,1408.86,1441.36,TARGET HIT,Not Hit,2026-01-13 00:00:00,1441.8,2.0,1d
ICICIBANK,1d,EMA10/EMA20,2026-02-05 00:00:00,2026-02-16 00:00:00,1404.0,1414.0,1400.5,1411.6,,,Between Slow & Fast EMA,7,1403.81,1394.03,1411.6,1407.37,1439.83,SL HIT,2026-02-17 00:00:00,Not Hit,1413.6,-0.3,1d
ICICIBANK,1d,EMA21/EMA50,2024-01-03 00:00:00,2024-01-04 00:00:00,986.4,989.15,981.9,987.15,982.84,982.51,At/Below Slow EMA,1,,,987.15,984.19,1006.89,SL HIT,2024-01-05 00:00:00,Not Hit,998.3,-0.3,1d
ICICIBANK,1d,EMA21/EMA50,2025-03-20 00:00:00,2025-06-02 00:00:00,1442.0,1460.0,1432.8,1450.5,1436.87,1395.31,Between Slow & Fast EMA,47,,,1450.5,1446.15,1479.51,SL HIT,2025-06-03 00:00:00,Not Hit,1455.0,-0.3,1d
ICICIBANK,1d,EMA21/EMA50,2026-02-05 00:00:00,2026-02-17 00:00:00,1406.2,1413.6,1393.6,1407.5,1394.69,1385.67,Between Slow & Fast EMA,8,,,1407.5,1403.28,1435.65,SL HIT,2026-02-18 00:00:00,Not Hit,1412.3,-0.3,1d
ICICIBANK,1h,EMA10/EMA20,2026-01-02 11:15:00,2026-01-06 09:15:00,1372.0,1410.5,1367.8,1409.7,,,Between Slow & Fast EMA,12,1373.53,1363.68,1409.7,1405.47,1437.89,SL HIT,2026-01-06 10:15:00,Not Hit,1413.4,-0.3,1h
ICICIBANK,1h,EMA10/EMA20,2026-01-12 15:15:00,2026-01-13 09:15:00,1420.0,1424.9,1411.1,1422.7,,,At/Below Slow EMA,1,1415.05,1413.8,1422.7,1418.43,1451.15,SL HIT,2026-01-14 10:15:00,Not Hit,1443.4,-0.3,8h
ICICIBANK,1h,EMA10/EMA20,2026-01-27 15:15:00,2026-01-29 10:15:00,1363.8,1367.7,1362.2,1365.4,,,Between Slow & Fast EMA,9,1364.7,1361.45,1365.4,1361.3,1392.71,SL HIT,2026-01-30 11:15:00,Not Hit,1387.7,-0.3,8h
ICICIBANK,1h,EMA10/EMA20,2026-02-03 09:15:00,2026-02-06 09:15:00,1396.7,1406.8,1396.7,1403.6,,,Between Slow & Fast EMA,21,1401.26,1396.45,1403.6,1399.39,1431.67,SL HIT,2026-02-06 10:15:00,Not Hit,1405.2,-0.3,1h
ICICIBANK,1h,EMA10/EMA20,2026-02-10 10:15:00,2026-02-10 12:15:00,1398.5,1406.9,1396.0,1404.9,,,At/Below Slow EMA,2,1399.16,1398.44,1404.9,1400.69,1433.0,SL HIT,2026-02-10 13:15:00,Not Hit,1405.7,-0.3,1h
ICICIBANK,1h,EMA10/EMA20,2026-02-25 13:15:00,2026-02-26 10:15:00,1401.5,1407.0,1399.0,1405.5,,,Between Slow & Fast EMA,4,1399.65,1398.13,1405.5,1401.28,1433.61,SL HIT,2026-02-26 11:15:00,Not Hit,1409.0,-0.3,1h
ICICIBANK,1h,EMA10/EMA20,2026-03-17 11:15:00,2026-03-18 10:15:00,1272.6,1290.6,1272.0,1289.3,,,At/Below Slow EMA,6,1280.82,1276.55,1289.3,1285.43,1315.09,SL HIT,2026-03-19 09:15:00,Not Hit,1297.0,-0.3,6h
ICICIBANK,1h,EMA10/EMA20,2026-04-06 14:15:00,2026-04-07 11:15:00,1222.1,1229.0,1221.5,1224.9,,,Between Slow & Fast EMA,4,1221.89,1219.81,1224.9,1221.23,1249.4,TARGET HIT,Not Hit,2026-04-07 15:15:00,1250.2,2.0,4h
ICICIBANK,1h,EMA10/EMA20,2026-05-07 09:15:00,2026-05-07 15:15:00,1274.0,1279.8,1273.7,1279.0,,,At/Below Slow EMA,6,1277.49,1273.84,1279.0,1275.16,1304.58,SL HIT,2026-05-08 09:15:00,Not Hit,1279.6,-0.3,1h
ICICIBANK,1h,EMA21/EMA50,2026-01-02 13:15:00,2026-01-12 12:15:00,1407.2,1424.3,1406.0,1420.1,1411.6,1398.35,Between Slow & Fast EMA,41,,,1420.1,1415.84,1448.5,SL HIT,2026-01-12 13:15:00,Not Hit,1420.8,-0.3,1h
ICICIBANK,1h,EMA21/EMA50,2026-02-03 12:15:00,2026-02-06 12:15:00,1395.7,1403.0,1395.0,1401.9,1396.57,1385.18,Between Slow & Fast EMA,21,,,1401.9,1397.69,1429.94,SL HIT,2026-02-09 10:15:00,Not Hit,1413.5,-0.3,5h
ICICIBANK,1h,EMA21/EMA50,2026-04-08 09:15:00,2026-04-13 09:15:00,1304.9,1311.6,1297.2,1310.0,1298.84,1274.67,Between Slow & Fast EMA,21,,,1310.0,1306.07,1336.2,TARGET HIT,Not Hit,2026-04-13 12:15:00,1337.4,2.0,3h
INFY,1d,EMA10/EMA20,2024-01-12 00:00:00,2024-01-31 00:00:00,1648.25,1667.25,1638.1,1660.9,,,Between Slow & Fast EMA,12,1645.58,1618.04,1660.9,1655.92,1694.12,SL HIT,2024-02-01 00:00:00,Not Hit,1677.0,-0.3,1d
INFY,1d,EMA10/EMA20,2024-06-07 00:00:00,2024-08-12 00:00:00,1773.05,1803.5,1768.1,1797.4,,,At/Below Slow EMA,44,1789.35,1773.24,1797.4,1792.01,1833.35,SL HIT,2024-08-13 00:00:00,Not Hit,1810.0,-0.3,1d
INFY,1d,EMA10/EMA20,2024-10-04 00:00:00,2024-10-08 00:00:00,1937.9,1957.95,1906.35,1948.55,,,At/Below Slow EMA,2,1916.17,1909.98,1948.55,1942.7,1987.52,SL HIT,2024-10-10 00:00:00,Not Hit,1977.0,-0.3,2d
INFY,1d,EMA10/EMA20,2024-11-22 00:00:00,2024-12-02 00:00:00,1859.0,1882.8,1835.2,1879.8,,,At/Below Slow EMA,6,1872.41,1864.06,1879.8,1874.16,1917.4,SL HIT,2024-12-03 00:00:00,Not Hit,1899.75,-0.3,1d
INFY,1d,EMA10/EMA20,2025-01-03 00:00:00,2025-01-08 00:00:00,1930.0,1938.6,1888.75,1933.15,,,At/Below Slow EMA,3,1927.95,1925.17,1933.15,1927.35,1971.81,SL HIT,2025-01-09 00:00:00,Not Hit,1951.85,-0.3,1d
INFY,1d,EMA10/EMA20,2025-05-09 00:00:00,2025-05-21 00:00:00,1567.9,1571.0,1552.1,1568.5,,,Between Slow & Fast EMA,8,1562.22,1544.23,1568.5,1563.79,1599.87,SL HIT,2025-05-22 00:00:00,Not Hit,1560.8,-0.3,1d
INFY,1d,EMA10/EMA20,2025-10-23 00:00:00,2025-10-28 00:00:00,1499.7,1506.5,1490.5,1500.2,,,Between Slow & Fast EMA,3,1494.25,1489.15,1500.2,1495.7,1530.2,SL HIT,2025-10-30 00:00:00,Not Hit,1520.2,-0.3,2d
INFY,1d,EMA10/EMA20,2025-11-10 00:00:00,2025-11-19 00:00:00,1490.5,1543.0,1490.5,1541.1,,,At/Below Slow EMA,7,1512.3,1504.7,1541.1,1536.48,1571.92,SL HIT,2025-11-20 00:00:00,Not Hit,1555.0,-0.3,1d
INFY,1d,EMA10/EMA20,2026-01-16 00:00:00,2026-01-21 00:00:00,1651.0,1657.0,1631.2,1654.4,,,At/Below Slow EMA,3,1642.94,1632.19,1654.4,1649.44,1687.49,TARGET HIT,Not Hit,2026-01-27 00:00:00,1689.4,2.0,3d
INFY,1d,EMA10/EMA20,2026-04-08 00:00:00,2026-04-21 00:00:00,1310.0,1325.0,1299.3,1313.2,,,At/Below Slow EMA,8,1308.36,1304.56,1313.2,1309.26,1339.46,SL HIT,2026-04-22 00:00:00,Not Hit,1297.7,-0.3,1d
INFY,1d,EMA21/EMA50,2024-01-15 00:00:00,2024-02-14 00:00:00,1660.2,1669.45,1635.5,1666.2,1657.73,1613.77,Between Slow & Fast EMA,21,,,1666.2,1661.2,1699.52,TARGET HIT,Not Hit,2024-02-16 00:00:00,1709.0,2.0,2d
INFY,1d,EMA21/EMA50,2024-06-21 00:00:00,2024-08-12 00:00:00,1773.05,1803.5,1768.1,1797.4,1770.32,1686.89,Between Slow & Fast EMA,35,,,1797.4,1792.01,1833.35,SL HIT,2024-08-13 00:00:00,Not Hit,1810.0,-0.3,1d
INFY,1d,EMA21/EMA50,2024-11-27 00:00:00,2024-12-02 00:00:00,1859.0,1882.8,1835.2,1879.8,1863.8,1860.4,At/Below Slow EMA,3,,,1879.8,1874.16,1917.4,SL HIT,2024-12-03 00:00:00,Not Hit,1899.75,-0.3,1d
INFY,1d,EMA21/EMA50,2025-06-16 00:00:00,2025-06-25 00:00:00,1590.0,1619.9,1585.1,1614.9,1594.03,1585.86,At/Below Slow EMA,7,,,1614.9,1610.06,1647.2,SL HIT,2025-06-26 00:00:00,Not Hit,1624.0,-0.3,1d
INFY,1d,EMA21/EMA50,2025-11-12 00:00:00,2025-11-17 00:00:00,1496.0,1510.2,1492.5,1507.6,1501.86,1498.34,At/Below Slow EMA,3,,,1507.6,1503.08,1537.75,SL HIT,2025-11-18 00:00:00,Not Hit,1506.0,-0.3,1d
INFY,1h,EMA10/EMA20,2026-01-01 10:15:00,2026-01-01 11:15:00,1626.0,1638.7,1625.0,1635.4,,,Between Slow & Fast EMA,1,1625.33,1623.97,1635.4,1630.49,1668.11,SL HIT,2026-01-01 14:15:00,Not Hit,1639.5,-0.3,3h
INFY,1h,EMA10/EMA20,2026-01-22 14:15:00,2026-01-23 14:15:00,1663.2,1672.1,1662.3,1670.2,,,At/Below Slow EMA,7,1665.49,1662.84,1670.2,1665.19,1703.6,SL HIT,2026-01-27 09:15:00,Not Hit,1685.8,-0.3,2h
INFY,1h,EMA10/EMA20,2026-03-04 11:15:00,2026-03-05 12:15:00,1298.1,1302.0,1295.4,1300.7,,,At/Below Slow EMA,8,1299.67,1299.14,1300.7,1296.8,1326.71,SL HIT,2026-03-05 13:15:00,Not Hit,1303.8,-0.3,1h
INFY,1h,EMA10/EMA20,2026-03-23 09:15:00,2026-03-23 10:15:00,1248.7,1256.6,1245.7,1249.7,,,At/Below Slow EMA,1,1246.67,1246.19,1249.7,1245.95,1274.69,SL HIT,2026-03-23 11:15:00,Not Hit,1255.0,-0.3,1h
INFY,1h,EMA10/EMA20,2026-04-01 10:15:00,2026-04-01 15:15:00,1276.4,1279.1,1276.3,1278.0,,,Between Slow & Fast EMA,5,1277.63,1274.84,1278.0,1274.17,1303.56,SL HIT,2026-04-02 09:15:00,Not Hit,1276.5,-0.3,1h
INFY,1h,EMA10/EMA20,2026-04-02 13:15:00,2026-04-07 09:15:00,1302.0,1322.4,1294.4,1321.0,,,At/Below Slow EMA,10,1306.15,1296.94,1321.0,1317.04,1347.42,TARGET HIT,Not Hit,2026-04-08 09:15:00,1376.6,2.0,7h
INFY,1h,EMA10/EMA20,2026-04-15 15:15:00,2026-04-16 14:15:00,1311.1,1324.2,1309.6,1317.2,,,Between Slow & Fast EMA,6,1310.24,1306.04,1317.2,1313.25,1343.54,SL HIT,2026-04-17 09:15:00,Not Hit,1328.3,-0.3,2h
INFY,1h,EMA10/EMA20,2026-04-30 14:15:00,2026-05-04 10:15:00,1178.5,1180.9,1175.3,1178.8,,,At/Below Slow EMA,3,1177.85,1176.79,1178.8,1175.26,1202.38,SL HIT,2026-05-04 11:15:00,Not Hit,1179.6,-0.3,1h
INFY,1h,EMA21/EMA50,2026-01-16 10:15:00,2026-01-22 11:15:00,1659.0,1662.2,1654.5,1660.4,1657.44,1648.19,Between Slow & Fast EMA,29,,,1660.4,1655.42,1693.61,SL HIT,2026-01-22 12:15:00,Not Hit,1663.5,-0.3,1h
INFY,1h,EMA21/EMA50,2026-03-24 12:15:00,2026-03-25 09:15:00,1270.0,1282.6,1265.1,1281.4,1266.43,1261.35,Between Slow & Fast EMA,4,,,1281.4,1277.56,1307.03,SL HIT,2026-03-25 14:15:00,Not Hit,1290.5,-0.3,5h
INFY,1h,EMA21/EMA50,2026-04-01 09:15:00,2026-04-02 12:15:00,1266.0,1273.7,1263.2,1273.6,1272.57,1269.83,At/Below Slow EMA,10,,,1273.6,1269.78,1299.07,TARGET HIT,Not Hit,2026-04-02 14:15:00,1304.9,2.0,2h
INFY,1h,EMA21/EMA50,2026-04-16 10:15:00,2026-04-17 09:15:00,1313.0,1328.3,1306.9,1315.4,1307.58,1304.29,Between Slow & Fast EMA,6,,,1315.4,1311.45,1341.71,SL HIT,2026-04-17 11:15:00,Not Hit,1321.2,-0.3,2h
RELIANCE,1d,EMA10/EMA20,2024-01-11 00:00:00,2024-01-25 00:00:00,1342.95,1364.15,1335.2,1353.08,,,At/Below Slow EMA,10,1349.44,1340.2,1353.08,1349.02,1380.14,TARGET HIT,Not Hit,2024-01-29 00:00:00,1452.5,2.0,1d
RELIANCE,1d,EMA10/EMA20,2024-03-28 00:00:00,2024-04-08 00:00:00,1462.97,1490.97,1461.0,1485.97,,,At/Below Slow EMA,6,1470.57,1466.51,1485.97,1481.51,1515.69,SL HIT,2024-04-09 00:00:00,Not Hit,1489.8,-0.3,1d
RELIANCE,1d,EMA10/EMA20,2024-06-07 00:00:00,2024-06-14 00:00:00,1470.0,1479.67,1457.22,1477.55,,,Between Slow & Fast EMA,5,1459.33,1453.28,1477.55,1473.12,1507.1,SL HIT,2024-06-18 00:00:00,Not Hit,1487.4,-0.3,1d
RELIANCE,1d,EMA10/EMA20,2024-08-27 00:00:00,2024-08-29 00:00:00,1503.1,1537.0,1494.0,1520.92,,,At/Below Slow EMA,2,1499.66,1496.91,1520.92,1516.36,1551.34,SL HIT,2024-08-30 00:00:00,Not Hit,1539.72,-0.3,1d
RELIANCE,1d,EMA10/EMA20,2024-09-26 00:00:00,2024-09-27 00:00:00,1499.0,1533.47,1492.0,1526.17,,,Between Slow & Fast EMA,1,1493.09,1488.88,1526.17,1521.59,1556.69,SL HIT,2024-09-30 00:00:00,Not Hit,1524.97,-0.3,1d
RELIANCE,1d,EMA10/EMA20,2025-04-21 00:00:00,2025-05-21 00:00:00,1423.9,1436.2,1418.1,1429.2,,,Between Slow & Fast EMA,21,1424.53,1395.15,1429.2,1424.91,1457.78,SL HIT,2025-05-22 00:00:00,Not Hit,1423.8,-0.3,1d
RELIANCE,1d,EMA10/EMA20,2025-10-17 00:00:00,2025-11-10 00:00:00,1477.9,1501.0,1475.5,1489.3,,,Between Slow & Fast EMA,14,1478.04,1457.82,1489.3,1484.83,1519.09,SL HIT,2025-11-11 00:00:00,Not Hit,1498.8,-0.3,1d
RELIANCE,1d,EMA10/EMA20,2026-04-29 00:00:00,2026-05-08 00:00:00,1426.0,1442.8,1417.5,1435.2,,,Between Slow & Fast EMA,6,1420.81,1400.44,1435.2,1430.89,1463.9,OPEN,Not Hit,Not Hit,,0.0,0d
RELIANCE,1d,EMA21/EMA50,2024-01-11 00:00:00,2024-01-24 00:00:00,1335.22,1349.5,1323.92,1343.88,1337.97,1323.4,Between Slow & Fast EMA,9,,,1343.88,1339.85,1370.76,SL HIT,2024-01-25 00:00:00,Not Hit,1364.15,-0.3,1d
RELIANCE,1d,EMA21/EMA50,2024-06-10 00:00:00,2024-06-20 00:00:00,1459.0,1482.85,1450.1,1473.7,1457.41,1451.02,At/Below Slow EMA,7,,,1473.7,1469.28,1503.17,SL HIT,2024-06-21 00:00:00,Not Hit,1474.7,-0.3,1d
RELIANCE,1d,EMA21/EMA50,2024-08-30 00:00:00,2024-09-04 00:00:00,1500.7,1517.5,1499.5,1514.55,1501.93,1499.38,Between Slow & Fast EMA,3,,,1514.55,1510.01,1544.84,SL HIT,2024-09-05 00:00:00,Not Hit,1525.78,-0.3,1d
RELIANCE,1d,EMA21/EMA50,2025-04-22 00:00:00,2025-06-02 00:00:00,1412.1,1417.5,1395.6,1413.7,1406.72,1358.35,Between Slow & Fast EMA,28,,,1413.7,1409.46,1441.97,SL HIT,2025-06-03 00:00:00,Not Hit,1426.5,-0.3,1d
RELIANCE,1d,EMA21/EMA50,2025-10-21 00:00:00,2025-12-05 00:00:00,1530.4,1545.8,1520.6,1540.6,1528.45,1487.79,Between Slow & Fast EMA,31,,,1540.6,1535.98,1571.41,SL HIT,2025-12-08 00:00:00,Not Hit,1551.0,-0.3,1d
RELIANCE,1h,EMA10/EMA20,2026-01-29 12:15:00,2026-01-29 13:15:00,1394.6,1399.9,1392.0,1398.6,,,At/Below Slow EMA,1,1394.72,1394.22,1398.6,1394.4,1426.57,SL HIT,2026-01-29 14:15:00,Not Hit,1401.9,-0.3,1h
RELIANCE,1h,EMA10/EMA20,2026-01-30 15:15:00,2026-02-01 09:15:00,1396.0,1406.0,1388.0,1404.8,,,At/Below Slow EMA,1,1395.1,1393.93,1404.8,1400.59,1432.9,SL HIT,2026-02-01 11:15:00,Not Hit,1411.0,-0.3,2h
RELIANCE,1h,EMA10/EMA20,2026-02-03 09:15:00,2026-02-05 10:15:00,1447.3,1451.8,1443.5,1448.9,,,Between Slow & Fast EMA,15,1448.2,1436.34,1448.9,1444.55,1477.88,SL HIT,2026-02-05 11:15:00,Not Hit,1449.5,-0.3,1h
RELIANCE,1h,EMA10/EMA20,2026-02-24 13:15:00,2026-02-24 14:15:00,1426.7,1430.7,1422.7,1429.3,,,At/Below Slow EMA,1,1424.33,1423.57,1429.3,1425.01,1457.89,SL HIT,2026-02-25 12:15:00,Not Hit,1440.5,-0.3,5h
RELIANCE,1h,EMA10/EMA20,2026-03-05 14:15:00,2026-03-06 15:15:00,1404.8,1409.7,1401.0,1407.0,,,Between Slow & Fast EMA,8,1402.56,1392.84,1407.0,1402.78,1435.14,SL HIT,2026-03-09 09:15:00,Not Hit,1412.9,-0.3,1h
RELIANCE,1h,EMA10/EMA20,2026-03-17 10:15:00,2026-03-17 12:15:00,1393.7,1400.8,1388.2,1400.2,,,At/Below Slow EMA,2,1392.83,1391.77,1400.2,1396.0,1428.2,SL HIT,2026-03-17 14:15:00,Not Hit,1405.9,-0.3,2h
RELIANCE,1h,EMA10/EMA20,2026-03-24 09:15:00,2026-03-24 10:15:00,1413.3,1415.9,1406.7,1413.7,,,At/Below Slow EMA,1,1408.81,1407.84,1413.7,1409.46,1441.97,SL HIT,2026-03-24 12:15:00,Not Hit,1420.1,-0.3,2h
RELIANCE,1h,EMA10/EMA20,2026-04-08 12:15:00,2026-04-09 10:15:00,1336.5,1339.0,1331.5,1336.9,,,At/Below Slow EMA,5,1336.26,1331.83,1336.9,1332.89,1363.64,SL HIT,2026-04-09 13:15:00,Not Hit,1339.7,-0.3,3h
RELIANCE,1h,EMA10/EMA20,2026-04-15 12:15:00,2026-04-16 10:15:00,1334.1,1340.6,1333.5,1338.5,,,At/Below Slow EMA,5,1336.47,1334.71,1338.5,1334.48,1365.27,SL HIT,2026-04-16 12:15:00,Not Hit,1341.5,-0.3,2h
RELIANCE,1h,EMA10/EMA20,2026-04-27 14:15:00,2026-04-30 11:15:00,1400.0,1412.7,1399.7,1411.6,,,Between Slow & Fast EMA,18,1407.92,1396.32,1411.6,1407.37,1439.83,TARGET HIT,Not Hit,2026-05-04 09:15:00,1446.5,2.0,5h
RELIANCE,1h,EMA21/EMA50,2026-02-03 11:15:00,2026-02-06 10:15:00,1437.9,1448.8,1437.5,1448.0,1439.03,1424.55,Between Slow & Fast EMA,20,,,1448.0,1443.66,1476.96,SL HIT,2026-02-06 11:15:00,Not Hit,1448.5,-0.3,1h
RELIANCE,1h,EMA21/EMA50,2026-03-09 09:15:00,2026-03-09 11:15:00,1395.7,1406.0,1391.1,1398.9,1393.92,1393.22,At/Below Slow EMA,2,,,1398.9,1394.7,1426.88,TARGET HIT,Not Hit,2026-03-09 14:15:00,1429.0,2.0,3h
RELIANCE,1h,EMA21/EMA50,2026-03-18 10:15:00,2026-03-19 09:15:00,1388.0,1408.0,1388.0,1406.5,1401.58,1398.35,At/Below Slow EMA,6,,,1406.5,1402.28,1434.63,SL HIT,2026-03-19 11:15:00,Not Hit,1415.7,-0.3,2h
RELIANCE,1h,EMA21/EMA50,2026-04-17 10:15:00,2026-04-22 10:15:00,1355.9,1365.3,1355.9,1363.9,1357.55,1351.64,Between Slow & Fast EMA,21,,,1363.9,1359.81,1391.18,SL HIT,2026-04-22 13:15:00,Not Hit,1364.6,-0.3,3h
RELIANCE,1h,EMA21/EMA50,2026-04-28 09:15:00,2026-04-30 10:15:00,1398.6,1400.3,1393.1,1400.2,1393.61,1374.37,Between Slow & Fast EMA,15,,,1400.2,1396.0,1428.2,TARGET HIT,Not Hit,2026-04-30 13:15:00,1429.6,2.0,3h
TCS,1d,EMA10/EMA20,2024-01-15 00:00:00,2024-02-01 00:00:00,3820.0,3904.9,3805.05,3854.15,,,At/Below Slow EMA,12,3831.82,3821.83,3854.15,3842.59,3931.23,TARGET HIT,Not Hit,2024-02-02 00:00:00,3984.4,2.0,1d
TCS,1d,EMA10/EMA20,2024-05-09 00:00:00,2024-05-13 00:00:00,3884.5,3955.0,3870.0,3947.8,,,At/Below Slow EMA,2,3918.0,3913.82,3947.8,3935.96,4026.76,SL HIT,2024-05-14 00:00:00,Not Hit,3945.8,-0.3,1d
TCS,1d,EMA10/EMA20,2024-06-26 00:00:00,2024-06-27 00:00:00,3831.0,3942.0,3818.1,3934.15,,,At/Below Slow EMA,1,3846.03,3836.28,3934.15,3922.35,4012.83,SL HIT,2024-06-28 00:00:00,Not Hit,3960.0,-0.3,1d
TCS,1d,EMA10/EMA20,2024-11-12 00:00:00,2024-11-14 00:00:00,4135.0,4160.0,4116.45,4145.9,,,At/Below Slow EMA,2,4128.3,4122.62,4145.9,4133.46,4228.82,SL HIT,2024-11-18 00:00:00,Not Hit,4213.0,-0.3,1d
TCS,1d,EMA10/EMA20,2024-11-22 00:00:00,2024-11-29 00:00:00,4220.0,4298.7,4195.65,4270.85,,,Between Slow & Fast EMA,5,4230.79,4188.26,4270.85,4258.04,4356.27,SL HIT,2024-12-02 00:00:00,Not Hit,4288.2,-0.3,1d
TCS,1d,EMA10/EMA20,2025-05-06 00:00:00,2025-05-07 00:00:00,3420.6,3459.5,3420.6,3445.1,,,At/Below Slow EMA,1,3432.15,3428.33,3445.1,3434.76,3514.0,SL HIT,2025-05-08 00:00:00,Not Hit,3477.0,-0.3,1d
TCS,1d,EMA10/EMA20,2025-10-24 00:00:00,2025-10-31 00:00:00,3035.0,3067.4,3025.1,3058.0,,,At/Below Slow EMA,5,3041.61,3030.6,3058.0,3048.83,3119.16,SL HIT,2025-11-03 00:00:00,Not Hit,3058.0,-0.3,1d
TCS,1d,EMA10/EMA20,2025-11-11 00:00:00,2025-11-19 00:00:00,3097.0,3155.0,3083.5,3147.7,,,Between Slow & Fast EMA,6,3087.76,3064.49,3147.7,3138.26,3210.65,SL HIT,2025-11-20 00:00:00,Not Hit,3164.5,-0.3,1d
TCS,1d,EMA21/EMA50,2024-01-16 00:00:00,2024-02-01 00:00:00,3820.0,3904.9,3805.05,3854.15,3820.77,3802.37,Between Slow & Fast EMA,11,,,3854.15,3842.59,3931.23,TARGET HIT,Not Hit,2024-02-02 00:00:00,3984.4,2.0,1d
TCS,1d,EMA21/EMA50,2024-07-03 00:00:00,2024-08-09 00:00:00,4217.0,4253.65,4205.55,4228.75,4212.77,4102.5,Between Slow & Fast EMA,26,,,4228.75,4216.06,4313.32,SL HIT,2024-08-12 00:00:00,Not Hit,4239.0,-0.3,1d
TCS,1d,EMA21/EMA50,2024-12-02 00:00:00,2024-12-18 00:00:00,4311.7,4362.0,4289.6,4347.85,4338.84,4274.1,Between Slow & Fast EMA,12,,,4347.85,4334.81,4434.81,SL HIT,2024-12-19 00:00:00,Not Hit,4364.0,-0.3,1d
TCS,1d,EMA21/EMA50,2025-11-19 00:00:00,2026-01-02 00:00:00,3234.0,3254.3,3219.5,3250.7,3232.43,3179.64,Between Slow & Fast EMA,31,,,3250.7,3240.95,3315.71,SL HIT,2026-01-05 00:00:00,Not Hit,3247.0,-0.3,1d
TCS,1h,EMA10/EMA20,2026-01-01 10:15:00,2026-01-02 09:15:00,3234.0,3239.9,3219.5,3234.7,,,Between Slow & Fast EMA,6,3223.38,3218.65,3234.7,3225.0,3299.39,SL HIT,2026-01-05 09:15:00,Not Hit,3252.9,-0.3,7h
TCS,1h,EMA10/EMA20,2026-01-06 09:15:00,2026-01-07 09:15:00,3242.9,3280.5,3236.7,3276.3,,,At/Below Slow EMA,7,3247.18,3238.82,3276.3,3266.47,3341.83,SL HIT,2026-01-08 09:15:00,Not Hit,3300.6,-0.3,7h
TCS,1h,EMA10/EMA20,2026-02-01 13:15:00,2026-02-02 11:15:00,3145.9,3166.0,3134.1,3165.9,,,At/Below Slow EMA,5,3161.95,3156.25,3165.9,3156.4,3229.22,SL HIT,2026-02-02 12:15:00,Not Hit,3175.4,-0.3,1h
TCS,1h,EMA10/EMA20,2026-02-26 12:15:00,2026-02-26 13:15:00,2641.4,2647.0,2635.8,2646.4,,,At/Below Slow EMA,1,2640.07,2639.39,2646.4,2638.46,2699.33,SL HIT,2026-02-27 12:15:00,Not Hit,2684.9,-0.3,6h
TCS,1h,EMA10/EMA20,2026-03-24 11:15:00,2026-03-24 15:15:00,2397.4,2403.2,2393.6,2400.8,,,At/Below Slow EMA,4,2400.75,2397.49,2400.8,2393.6,2448.82,SL HIT,2026-03-25 09:15:00,Not Hit,2417.4,-0.3,1h
TCS,1h,EMA10/EMA20,2026-03-27 09:15:00,2026-03-27 11:15:00,2413.5,2415.9,2402.5,2415.5,,,Between Slow & Fast EMA,2,2404.27,2401.94,2415.5,2408.25,2463.81,SL HIT,2026-03-27 13:15:00,Not Hit,2422.1,-0.3,2h
TCS,1h,EMA10/EMA20,2026-04-01 10:15:00,2026-04-02 12:15:00,2407.1,2420.4,2403.0,2419.8,,,At/Below Slow EMA,9,2411.83,2408.09,2419.8,2412.54,2468.2,TARGET HIT,Not Hit,2026-04-02 14:15:00,2469.9,2.0,2h
TCS,1h,EMA10/EMA20,2026-04-15 12:15:00,2026-04-17 09:15:00,2570.0,2588.9,2555.9,2580.8,,,Between Slow & Fast EMA,11,2566.05,2552.66,2580.8,2573.06,2632.42,SL HIT,2026-04-17 11:15:00,Not Hit,2583.4,-0.3,2h
TCS,1h,EMA10/EMA20,2026-04-29 12:15:00,2026-04-29 14:15:00,2470.1,2479.1,2467.2,2473.5,,,Between Slow & Fast EMA,2,2467.96,2465.53,2473.5,2466.08,2522.97,SL HIT,2026-04-29 15:15:00,Not Hit,2475.1,-0.3,1h
TCS,1h,EMA10/EMA20,2026-04-30 12:15:00,2026-04-30 13:15:00,2468.4,2488.0,2467.3,2480.3,,,Between Slow & Fast EMA,1,2467.56,2466.0,2480.3,2472.86,2529.91,SL HIT,2026-04-30 14:15:00,Not Hit,2491.0,-0.3,1h
TCS,1h,EMA21/EMA50,2026-01-01 10:15:00,2026-01-05 11:15:00,3223.3,3231.3,3220.0,3228.3,3227.65,3220.6,At/Below Slow EMA,15,,,3228.3,3218.62,3292.87,SL HIT,2026-01-05 14:15:00,Not Hit,3233.8,-0.3,3h
TCS,1h,EMA21/EMA50,2026-04-01 13:15:00,2026-04-01 15:15:00,2410.0,2414.0,2405.3,2411.0,2406.85,2406.31,At/Below Slow EMA,2,,,2411.0,2403.77,2459.22,SL HIT,2026-04-02 09:15:00,Not Hit,2417.0,-0.3,1h
