Symbol,Side,TF,Touch Time,Close
360ONE,BUY,1h,2026-05-14T12:00:00.000,1094.1
APOLLOHOSP,BUY,1h,2026-05-14T09:00:00.000,8112
BALRAMCHIN,BUY,1h,2026-05-14T12:00:00.000,537.45
BHARATFORG,BUY,1h,2026-05-14T11:00:00.000,1963.4
CAPLIPOINT,BUY,1h,2026-05-14T13:00:00.000,1978.3
CONCOR,BUY,1h,2026-05-14T15:00:00.000,523.95
DEVYANI,BUY,1h,2026-05-14T13:00:00.000,118.18
ENDURANCE,BUY,1h,2026-05-14T11:00:00.000,2580
GLAND,BUY,1h,2026-05-14T11:00:00.000,1860
GODREJIND,BUY,1h,2026-05-14T09:00:00.000,1157.1
GRANULES,BUY,1h,2026-05-14T11:00:00.000,738.7
GRAPHITE,BUY,1h,2026-05-14T11:00:00.000,747.15
GRINDWELL,BUY,1h,2026-05-14T09:00:00.000,1785.6
GRINDWELL,BUY,1h,2026-05-14T13:00:00.000,1798.6
HFCL,BUY,1h,2026-05-14T14:00:00.000,149.78
IFCI,BUY,1h,2026-05-14T11:00:00.000,64.69
IIFL,BUY,1h,2026-05-14T15:00:00.000,462.3
JBCHEPHARM,BUY,1h,2026-05-14T12:00:00.000,2135
JKLAKSHMI,BUY,1h,2026-05-14T10:00:00.000,661.85
JKLAKSHMI,BUY,1h,2026-05-14T11:00:00.000,666.8
JKLAKSHMI,BUY,1h,2026-05-14T14:00:00.000,664.15
LLOYDSME,BUY,1h,2026-05-14T13:00:00.000,1760.9
MANAPPURAM,BUY,1h,2026-05-14T11:00:00.000,309.7
MEDANTA,BUY,1h,2026-05-14T09:00:00.000,1209.1
METROBRAND,BUY,1h,2026-05-14T14:00:00.000,1044
METROPOLIS,BUY,1h,2026-05-14T14:00:00.000,549.7
NAVA,BUY,1h,2026-05-14T12:00:00.000,710.8
RADICO,BUY,1h,2026-05-14T09:00:00.000,3487.5
RATNAMANI,BUY,1h,2026-05-14T09:00:00.000,2898.4
ROSSARI,BUY,1h,2026-05-14T11:00:00.000,523.05
RRKABEL,BUY,1h,2026-05-14T11:00:00.000,1962.8
SOLARINDS,BUY,1h,2026-05-14T09:00:00.000,16387
SONACOMS,BUY,1h,2026-05-14T15:00:00.000,590
SRF,BUY,1h,2026-05-14T12:00:00.000,2733.8
TORNTPHARM,BUY,1h,2026-05-14T10:00:00.000,4372.6
UTIAMC,BUY,1h,2026-05-14T13:00:00.000,971.05
UTIAMC,BUY,1h,2026-05-14T14:00:00.000,972
WELSPUNLIV,BUY,1h,2026-05-14T14:00:00.000,134.79
AADHARHFC,SELL,1h,2026-05-14T09:00:00.000,472.35
AAVAS,SELL,1h,2026-05-14T09:00:00.000,1393.2
AAVAS,SELL,1h,2026-05-14T10:00:00.000,1388.5
AAVAS,SELL,1h,2026-05-14T12:00:00.000,1383.1
ABCAPITAL,SELL,1h,2026-05-14T10:00:00.000,346.2
ABCAPITAL,SELL,1h,2026-05-14T14:00:00.000,347.9
ABFRL,SELL,1h,2026-05-14T09:00:00.000,63.3
ABFRL,SELL,1h,2026-05-14T12:00:00.000,63.76
ACC,SELL,1h,2026-05-14T09:00:00.000,1361.3
ACE,SELL,1h,2026-05-14T09:00:00.000,876.1
ACE,SELL,1h,2026-05-14T14:00:00.000,886.85
AFCONS,SELL,1h,2026-05-14T09:00:00.000,328.2
AFCONS,SELL,1h,2026-05-14T14:00:00.000,330.7
AIAENG,SELL,1h,2026-05-14T12:00:00.000,3831.2
AKUMS,SELL,1h,2026-05-14T13:00:00.000,524.8
ALOKINDS,SELL,1h,2026-05-14T09:00:00.000,13.63
ALOKINDS,SELL,1h,2026-05-14T14:00:00.000,13.75
AMBER,SELL,1h,2026-05-14T09:00:00.000,8054.5
AMBUJACEM,SELL,1h,2026-05-14T09:00:00.000,434.9
ANANDRATHI,SELL,1h,2026-05-14T09:00:00.000,3516.7
APLAPOLLO,SELL,1h,2026-05-14T09:00:00.000,1844.6
APLAPOLLO,SELL,1h,2026-05-14T14:00:00.000,1888.9
ARE&M,SELL,1h,2026-05-14T09:00:00.000,837.8
ASTRAL,SELL,1h,2026-05-14T09:00:00.000,1530
ASTRAZEN,SELL,1h,2026-05-14T09:00:00.000,8283
ASTRAZEN,SELL,1h,2026-05-14T15:00:00.000,8325
ATGL,SELL,1h,2026-05-14T09:00:00.000,604.85
ATGL,SELL,1h,2026-05-14T10:00:00.000,604
ATGL,SELL,1h,2026-05-14T13:00:00.000,609.1
AUBANK,SELL,1h,2026-05-14T12:00:00.000,1000.1
AVANTIFEED,SELL,1h,2026-05-14T09:00:00.000,1323.4
AWL,SELL,1h,2026-05-14T09:00:00.000,195.33
AXISBANK,SELL,1h,2026-05-14T13:00:00.000,1259.1
BAJAJELEC,SELL,1h,2026-05-14T13:00:00.000,390.85
BAJAJELEC,SELL,1h,2026-05-14T14:00:00.000,390.95
BAJAJELEC,SELL,1h,2026-05-14T15:00:00.000,390.8
BAJFINANCE,SELL,1h,2026-05-14T13:00:00.000,907.9
BANKINDIA,SELL,1h,2026-05-14T09:00:00.000,140.1
BATAINDIA,SELL,1h,2026-05-14T15:00:00.000,705.45
BAYERCROP,SELL,1h,2026-05-14T09:00:00.000,4410.3
BDL,SELL,1h,2026-05-14T13:00:00.000,1364.4
BDL,SELL,1h,2026-05-14T14:00:00.000,1354.2
BEL,SELL,1h,2026-05-14T09:00:00.000,426.7
BEL,SELL,1h,2026-05-14T10:00:00.000,425.3
BEML,SELL,1h,2026-05-14T09:00:00.000,1832.9
BEML,SELL,1h,2026-05-14T13:00:00.000,1847.8
BIKAJI,SELL,1h,2026-05-14T09:00:00.000,640.5
BPCL,SELL,1h,2026-05-14T09:00:00.000,293
BRITANNIA,SELL,1h,2026-05-14T13:00:00.000,5374.5
CAMS,SELL,1h,2026-05-14T09:00:00.000,783.4
CANBK,SELL,1h,2026-05-14T09:00:00.000,128.7
CASTROLIND,SELL,1h,2026-05-14T15:00:00.000,181.6
CCL,SELL,1h,2026-05-14T09:00:00.000,1109.9
CGCL,SELL,1h,2026-05-14T12:00:00.000,186.95
CHALET,SELL,1h,2026-05-14T15:00:00.000,750
CHENNPETRO,SELL,1h,2026-05-14T09:00:00.000,1022.9
CHOLAFIN,SELL,1h,2026-05-14T14:00:00.000,1569
COALINDIA,SELL,1h,2026-05-14T14:00:00.000,454.6
COCHINSHIP,SELL,1h,2026-05-14T14:00:00.000,1645.7
COLPAL,SELL,1h,2026-05-14T09:00:00.000,2128
COLPAL,SELL,1h,2026-05-14T15:00:00.000,2141
CONCORDBIO,SELL,1h,2026-05-14T13:00:00.000,1141.8
CONCORDBIO,SELL,1h,2026-05-14T15:00:00.000,1131
COROMANDEL,SELL,1h,2026-05-14T09:00:00.000,1840.5
DELHIVERY,SELL,1h,2026-05-14T12:00:00.000,468.45
DMART,SELL,1h,2026-05-14T09:00:00.000,4291.8
DMART,SELL,1h,2026-05-14T14:00:00.000,4348.1
EICHERMOT,SELL,1h,2026-05-14T15:00:00.000,7040.5
EIHOTEL,SELL,1h,2026-05-14T09:00:00.000,315.8
ELGIEQUIP,SELL,1h,2026-05-14T15:00:00.000,524.6
ESCORTS,SELL,1h,2026-05-14T12:00:00.000,2986.3
EXIDEIND,SELL,1h,2026-05-14T09:00:00.000,345.75
FACT,SELL,1h,2026-05-14T09:00:00.000,872.65
FACT,SELL,1h,2026-05-14T13:00:00.000,877
FINPIPE,SELL,1h,2026-05-14T09:00:00.000,168.38
FIRSTCRY,SELL,1h,2026-05-14T09:00:00.000,231.78
FIVESTAR,SELL,1h,2026-05-14T09:00:00.000,456.2
GAIL,SELL,1h,2026-05-14T09:00:00.000,161.39
GAIL,SELL,1h,2026-05-14T14:00:00.000,162.58
GARFIBRES,SELL,1h,2026-05-14T09:00:00.000,621.75
GICRE,SELL,1h,2026-05-14T10:00:00.000,385.5
GILLETTE,SELL,1h,2026-05-14T09:00:00.000,7857
GMRAIRPORT,SELL,1h,2026-05-14T09:00:00.000,95.45
GODREJAGRO,SELL,1h,2026-05-14T12:00:00.000,564.5
GOLDIAM,SELL,1h,2026-05-14T09:00:00.000,379.85
GPIL,SELL,1h,2026-05-14T09:00:00.000,289.3
GPIL,SELL,1h,2026-05-14T15:00:00.000,289.15
GRAVITA,SELL,1h,2026-05-14T09:00:00.000,1694.7
GSFC,SELL,1h,2026-05-14T10:00:00.000,169.1
GVT&D,SELL,1h,2026-05-14T09:00:00.000,4263
HCC,SELL,1h,2026-05-14T09:00:00.000,21.87
HEG,SELL,1h,2026-05-14T09:00:00.000,596.4
HINDPETRO,SELL,1h,2026-05-14T09:00:00.000,371.25
HINDPETRO,SELL,1h,2026-05-14T13:00:00.000,376.8
HONAUT,SELL,1h,2026-05-14T13:00:00.000,28680
IDBI,SELL,1h,2026-05-14T09:00:00.000,70.94
IDBI,SELL,1h,2026-05-14T13:00:00.000,71.6
IDFCFIRSTB,SELL,1h,2026-05-14T09:00:00.000,67.83
IDFCFIRSTB,SELL,1h,2026-05-14T12:00:00.000,68.37
IEX,SELL,1h,2026-05-14T09:00:00.000,127.25
IEX,SELL,1h,2026-05-14T15:00:00.000,128.5
IGL,SELL,1h,2026-05-14T09:00:00.000,157.33
IGL,SELL,1h,2026-05-14T12:00:00.000,159.58
IGL,SELL,1h,2026-05-14T14:00:00.000,157.4
INDIACEM,SELL,1h,2026-05-14T09:00:00.000,394.05
INDIACEM,SELL,1h,2026-05-14T13:00:00.000,393.15
INOXINDIA,SELL,1h,2026-05-14T10:00:00.000,1419.5
INOXINDIA,SELL,1h,2026-05-14T12:00:00.000,1429.8
INOXWIND,SELL,1h,2026-05-14T09:00:00.000,95.87
INOXWIND,SELL,1h,2026-05-14T14:00:00.000,97.53
IOB,SELL,1h,2026-05-14T09:00:00.000,33.49
IOB,SELL,1h,2026-05-14T13:00:00.000,33.87
IOC,SELL,1h,2026-05-14T09:00:00.000,139.31
IOC,SELL,1h,2026-05-14T13:00:00.000,140.48
IRCON,SELL,1h,2026-05-14T09:00:00.000,144.4
IRCTC,SELL,1h,2026-05-14T09:00:00.000,535.5
IREDA,SELL,1h,2026-05-14T09:00:00.000,126.66
IRFC,SELL,1h,2026-05-14T09:00:00.000,100.94
IRFC,SELL,1h,2026-05-14T12:00:00.000,101.86
IRFC,SELL,1h,2026-05-14T14:00:00.000,100.54
ITI,SELL,1h,2026-05-14T09:00:00.000,284.15
J&KBANK,SELL,1h,2026-05-14T09:00:00.000,130.79
J&KBANK,SELL,1h,2026-05-14T14:00:00.000,132.33
JINDALSAW,SELL,1h,2026-05-14T09:00:00.000,233.31
JINDALSAW,SELL,1h,2026-05-14T14:00:00.000,233.13
JMFINANCIL,SELL,1h,2026-05-14T09:00:00.000,136.81
JSWHL,SELL,1h,2026-05-14T15:00:00.000,12507
JUBLINGREA,SELL,1h,2026-05-14T10:00:00.000,715.85
JUSTDIAL,SELL,1h,2026-05-14T09:00:00.000,523.45
JUSTDIAL,SELL,1h,2026-05-14T14:00:00.000,526.95
JWL,SELL,1h,2026-05-14T09:00:00.000,279
JYOTICNC,SELL,1h,2026-05-14T09:00:00.000,712
KAJARIACER,SELL,1h,2026-05-14T14:00:00.000,1068.7
KPIL,SELL,1h,2026-05-14T09:00:00.000,1217
KPIL,SELL,1h,2026-05-14T14:00:00.000,1225.1
KPITTECH,SELL,1h,2026-05-14T14:00:00.000,711.5
KPRMILL,SELL,1h,2026-05-14T09:00:00.000,906
KRBL,SELL,1h,2026-05-14T09:00:00.000,360.55
KRBL,SELL,1h,2026-05-14T10:00:00.000,354
KSB,SELL,1h,2026-05-14T15:00:00.000,847
LATENTVIEW,SELL,1h,2026-05-14T09:00:00.000,278.85
LTF,SELL,1h,2026-05-14T14:00:00.000,282.05
LTFOODS,SELL,1h,2026-05-14T09:00:00.000,412.25
LTFOODS,SELL,1h,2026-05-14T12:00:00.000,413.2
LUPIN,SELL,1h,2026-05-14T12:00:00.000,2258.8
LUPIN,SELL,1h,2026-05-14T14:00:00.000,2255.5
MAHABANK,SELL,1h,2026-05-14T09:00:00.000,77.7
MAHLIFE,SELL,1h,2026-05-14T09:00:00.000,320.5
MAZDOCK,SELL,1h,2026-05-14T09:00:00.000,2476
MFSL,SELL,1h,2026-05-14T12:00:00.000,1628.3
MMTC,SELL,1h,2026-05-14T09:00:00.000,64.36
MMTC,SELL,1h,2026-05-14T14:00:00.000,64.43
MMTC,SELL,1h,2026-05-14T15:00:00.000,64.12
MRF,SELL,1h,2026-05-14T13:00:00.000,126695
MRPL,SELL,1h,2026-05-14T09:00:00.000,152.15
NAUKRI,SELL,1h,2026-05-14T12:00:00.000,938
NBCC,SELL,1h,2026-05-14T09:00:00.000,94.01
NCC,SELL,1h,2026-05-14T12:00:00.000,161.93
NCC,SELL,1h,2026-05-14T14:00:00.000,161.81
NHPC,SELL,1h,2026-05-14T09:00:00.000,77.91
NHPC,SELL,1h,2026-05-14T12:00:00.000,78.22
NTPC,SELL,1h,2026-05-14T10:00:00.000,392.4
OBEROIRLTY,SELL,1h,2026-05-14T09:00:00.000,1606.1
PATANJALI,SELL,1h,2026-05-14T09:00:00.000,446.5
PCBL,SELL,1h,2026-05-14T09:00:00.000,281.1
PETRONET,SELL,1h,2026-05-14T09:00:00.000,270.3
PETRONET,SELL,1h,2026-05-14T13:00:00.000,272.25
PFIZER,SELL,1h,2026-05-14T15:00:00.000,4655
PGHH,SELL,1h,2026-05-14T09:00:00.000,9655
PHOENIXLTD,SELL,1h,2026-05-14T15:00:00.000,1754.5
POLYPLEX,SELL,1h,2026-05-14T09:00:00.000,901.2
POWERGRID,SELL,1h,2026-05-14T09:00:00.000,301.3
POWERINDIA,SELL,1h,2026-05-14T15:00:00.000,32230
POWERMECH,SELL,1h,2026-05-14T12:00:00.000,2456.6
POWERMECH,SELL,1h,2026-05-14T13:00:00.000,2450
POWERMECH,SELL,1h,2026-05-14T15:00:00.000,2440
PREMIERENE,SELL,1h,2026-05-14T13:00:00.000,979.1
PREMIERENE,SELL,1h,2026-05-14T14:00:00.000,978.5
PRINCEPIPE,SELL,1h,2026-05-14T09:00:00.000,244.8
PRINCEPIPE,SELL,1h,2026-05-14T10:00:00.000,244
PVRINOX,SELL,1h,2026-05-14T09:00:00.000,1015
PVRINOX,SELL,1h,2026-05-14T13:00:00.000,1026.8
RAILTEL,SELL,1h,2026-05-14T09:00:00.000,319.7
RAJESHEXPO,SELL,1h,2026-05-14T09:00:00.000,109.7
RAMCOCEM,SELL,1h,2026-05-14T12:00:00.000,936
RCF,SELL,1h,2026-05-14T14:00:00.000,125.27
REDINGTON,SELL,1h,2026-05-14T10:00:00.000,212.33
RELIANCE,SELL,1h,2026-05-14T12:00:00.000,1368.4
RHIM,SELL,1h,2026-05-14T09:00:00.000,388.15
RITES,SELL,1h,2026-05-14T09:00:00.000,212.1
ROUTE,SELL,1h,2026-05-14T09:00:00.000,507.1
RTNINDIA,SELL,1h,2026-05-14T09:00:00.000,34.23
RVNL,SELL,1h,2026-05-14T09:00:00.000,283.7
SAPPHIRE,SELL,1h,2026-05-14T09:00:00.000,174.5
SARDAEN,SELL,1h,2026-05-14T10:00:00.000,568.5
SBICARD,SELL,1h,2026-05-14T09:00:00.000,626.65
SBILIFE,SELL,1h,2026-05-14T09:00:00.000,1829.8
SBIN,SELL,1h,2026-05-14T13:00:00.000,982.4
SBIN,SELL,1h,2026-05-14T14:00:00.000,981.5
SCHAEFFLER,SELL,1h,2026-05-14T09:00:00.000,4086.9
SCHAEFFLER,SELL,1h,2026-05-14T11:00:00.000,4103.1
SCHAEFFLER,SELL,1h,2026-05-14T13:00:00.000,4072.6
SIEMENS,SELL,1h,2026-05-14T11:00:00.000,3594.9
SIGNATURE,SELL,1h,2026-05-14T13:00:00.000,871
SKFINDIA,SELL,1h,2026-05-14T15:00:00.000,1690
SOBHA,SELL,1h,2026-05-14T09:00:00.000,1370.5
STARHEALTH,SELL,1h,2026-05-14T09:00:00.000,507.3
SUNDARMFIN,SELL,1h,2026-05-14T15:00:00.000,4628
SUZLON,SELL,1h,2026-05-14T09:00:00.000,52.8
SUZLON,SELL,1h,2026-05-14T10:00:00.000,52.64
SUZLON,SELL,1h,2026-05-14T12:00:00.000,52.88
SYMPHONY,SELL,1h,2026-05-14T09:00:00.000,765.95
TARC,SELL,1h,2026-05-14T09:00:00.000,129.02
TARIL,SELL,1h,2026-05-14T09:00:00.000,302.95
TATACHEM,SELL,1h,2026-05-14T09:00:00.000,762.45
TBOTEK,SELL,1h,2026-05-14T12:00:00.000,1173.3
TBOTEK,SELL,1h,2026-05-14T15:00:00.000,1170
TITAGARH,SELL,1h,2026-05-14T09:00:00.000,766.8
TTML,SELL,1h,2026-05-14T10:00:00.000,41.74
ULTRACEMCO,SELL,1h,2026-05-14T14:00:00.000,11673
UPL,SELL,1h,2026-05-14T12:00:00.000,637.55
UPL,SELL,1h,2026-05-14T13:00:00.000,637.05
VINATIORGA,SELL,1h,2026-05-14T10:00:00.000,1312.6
VMM,SELL,1h,2026-05-14T09:00:00.000,118.35
WABAG,SELL,1h,2026-05-14T09:00:00.000,1373.8
WABAG,SELL,1h,2026-05-14T12:00:00.000,1390.1
ZEEL,SELL,1h,2026-05-14T10:00:00.000,89.12
