date,dte,atm,expiry,entry_time,spot_move,level,sl,pnl,rupees,outcome,control_1230
2020-01-02,0,12200,2020-01-02,12:30,0.548,65.35,63.75,-1.6,-120.0,SL,-1.7
2020-01-03,6,12250,2020-01-09,12:35,0.249,130.75,128.55,-2.2,-165.0,SL,-2.2
2020-01-07,2,12050,2020-01-09,13:10,0.01,114.0,112.4,-1.6,-120.0,SL,-0.6
2020-01-08,1,11950,2020-01-09,12:45,0.313,122.45,121.45,-1.0,-75.0,SL,-1.2
2020-01-09,0,12150,2020-01-09,12:30,0.445,52.85,48.45,-4.4,-330.0,SL,-2.55
2020-01-10,6,12250,2020-01-16,12:30,0.337,165.8,164.55,-1.25,-94.0,SL,-0.45
2020-01-15,1,12350,2020-01-16,13:45,0.479,91.05,85.2,-5.85,-439.0,SL,0.0
2020-01-21,2,12200,2020-01-23,14:05,0.076,100.4,98.05,-2.35,-176.0,SL,0.0
2020-01-23,0,12100,2020-01-23,12:30,0.224,57.15,52.65,23.4,1755.0,EOD,12.35
2020-01-24,6,12200,2020-01-30,12:30,0.407,142.65,141.5,-1.15,-86.0,SL,-0.6
2020-01-27,3,12200,2020-01-30,13:15,0.104,123.45,122.6,-0.85,-64.0,SL,-0.95
2020-01-28,2,12150,2020-01-30,13:35,0.08,112.3,110.95,-1.35,-101.0,SL,-0.9
2020-01-29,1,12100,2020-01-30,14:00,0.16,102.6,99.1,-3.5,-262.0,SL,-1.9
2020-02-03,3,11650,2020-02-06,13:05,0.443,159.2,156.0,-3.2,-240.0,SL,-0.4
2020-02-05,1,12000,2020-02-06,14:05,0.068,83.6,79.75,22.15,1661.0,EOD,-0.75
2020-02-06,0,12100,2020-02-06,13:20,0.213,57.65,49.5,-8.15,-611.0,SL,-2.7
2020-02-07,6,12150,2020-02-13,13:55,0.343,156.35,154.7,-1.65,-124.0,SL,-3.95
2020-02-11,2,12100,2020-02-13,13:40,0.183,106.3,104.8,-1.5,-112.0,SL,-0.4
2020-02-12,1,12150,2020-02-13,12:40,0.395,83.65,80.7,-2.95,-221.0,SL,0.0
2020-02-13,0,12200,2020-02-13,12:30,0.56,61.45,60.15,-1.3,-98.0,SL,-4.55
2020-02-14,6,12200,2020-02-20,13:20,0.33,141.45,139.7,-1.75,-131.0,SL,-0.75
2020-02-17,3,12150,2020-02-20,12:30,0.482,149.5,146.9,-2.6,-195.0,SL,0.0
2020-02-20,0,12100,2020-02-20,12:35,0.296,56.85,54.35,-2.5,-188.0,SL,-2.5
2020-02-24,3,12000,2020-02-27,12:40,0.217,150.75,147.8,70.6,5295.0,EOD,74.0
2020-02-25,2,11850,2020-02-27,14:05,0.053,142.5,138.85,-3.65,-274.0,SL,-1.4
2020-02-26,1,11750,2020-02-27,14:20,0.141,100.1,91.75,-8.35,-626.0,SL,-0.95
2020-03-02,3,11400,2020-03-05,12:50,0.089,238.15,235.35,-2.8,-210.0,SL,0.0
2020-03-03,2,11200,2020-03-05,13:15,0.139,278.7,275.05,-3.65,-274.0,SL,-1.1
2020-03-17,2,9300,2020-03-19,14:20,0.172,564.45,561.2,-3.25,-244.0,SL,-1.6
2020-03-24,2,7850,2020-03-26,12:40,0.498,693.85,686.6,-7.25,-544.0,SL,-1.95
2020-04-15,1,9200,2020-04-16,13:20,0.327,243.2,241.0,-2.2,-165.0,SL,-0.25
2020-05-11,3,9350,2020-05-14,13:55,0.128,243.55,242.35,-1.2,-90.0,SL,-3.7
2020-05-14,0,9200,2020-05-14,14:10,0.089,52.8,45.6,-7.2,-540.0,SL,0.0
2020-05-19,2,8950,2020-05-21,13:10,0.418,242.2,238.55,-3.65,-274.0,SL,-0.65
2020-05-21,0,9050,2020-05-21,13:00,0.57,84.65,80.25,-4.4,-330.0,SL,-2.4
2020-05-22,6,9050,2020-05-28,12:50,0.466,266.8,265.45,-1.35,-101.0,SL,-0.4
2020-05-26,2,9100,2020-05-28,13:10,0.04,167.25,165.45,3.95,296.0,EOD,-0.25
2020-05-27,1,9100,2020-05-28,13:00,0.58,131.6,127.45,94.65,7099.0,EOD,97.4
2020-05-29,6,9400,2020-06-04,13:40,0.549,269.7,268.0,-0.7,-53.0,EOD,0.0
2020-06-02,2,9850,2020-06-04,12:45,0.525,212.9,206.25,-6.65,-499.0,SL,-2.95
2020-06-03,1,10100,2020-06-04,14:15,0.202,146.6,143.25,-3.35,-251.0,SL,-0.9
2020-06-05,6,10100,2020-06-11,14:05,0.065,287.8,286.3,-1.5,-112.0,SL,-1.8
2020-06-10,1,10050,2020-06-11,12:40,0.084,162.7,161.5,-1.2,-90.0,SL,-3.15
2020-06-23,2,10350,2020-06-25,14:40,0.316,191.65,182.9,6.75,506.0,EOD,0.0
2020-06-24,1,10500,2020-06-25,13:15,0.053,160.05,150.4,62.7,4702.0,EOD,81.55
2020-06-26,6,10400,2020-07-02,12:40,0.274,302.15,299.7,-2.45,-184.0,SL,-2.9
2020-06-30,2,10400,2020-07-02,12:40,0.074,221.65,216.8,-4.85,-364.0,SL,-3.35
2020-07-03,6,10600,2020-07-09,13:15,0.122,248.7,246.3,-2.4,-180.0,SL,-0.4
2020-07-06,3,10700,2020-07-09,12:35,0.525,199.35,197.85,-1.5,-112.0,SL,-1.5
2020-07-08,1,10800,2020-07-09,14:45,0.204,128.9,113.65,12.6,945.0,EOD,0.0
2020-07-09,0,10750,2020-07-09,14:45,0.506,60.8,57.15,-3.65,-274.0,SL,-0.85
2020-07-13,3,10850,2020-07-16,12:45,0.246,189.05,185.1,-3.95,-296.0,SL,-1.95
2020-07-16,0,10700,2020-07-16,13:10,0.358,83.55,80.75,-2.8,-210.0,SL,-3.25
2020-07-20,3,11000,2020-07-23,12:35,0.007,205.85,204.5,-1.35,-101.0,SL,-1.35
2020-07-21,2,11100,2020-07-23,13:05,0.292,166.85,163.6,-3.25,-244.0,SL,-1.05
2020-07-22,1,11200,2020-07-23,13:10,0.407,138.9,126.25,-12.65,-949.0,SL,-2.55
2020-07-24,6,11150,2020-07-30,12:35,0.112,235.95,232.6,-3.35,-251.0,SL,-3.35
2020-07-27,3,11200,2020-07-30,13:25,0.364,203.6,200.05,-3.55,-266.0,SL,0.0
2020-07-29,1,11300,2020-07-30,12:55,0.004,124.85,123.1,-1.75,-131.0,SL,-1.65
2020-07-30,0,11250,2020-07-30,13:00,0.214,75.85,50.85,71.65,5374.0,EOD,0.0
2020-07-31,6,11150,2020-08-06,12:40,0.325,246.75,240.1,-6.65,-499.0,SL,-3.3
2020-08-05,1,11150,2020-08-06,12:30,0.317,128.3,126.1,-2.2,-165.0,SL,0.0
2020-08-06,0,11150,2020-08-06,12:55,0.364,103.15,87.4,-15.75,-1181.0,SL,-1.1
2020-08-07,6,11150,2020-08-13,14:30,0.02,219.85,214.8,-5.05,-379.0,SL,-0.35
2020-08-11,2,11300,2020-08-13,13:35,0.055,140.3,138.6,-1.7,-127.0,SL,-1.0
2020-08-12,1,11250,2020-08-13,12:35,0.279,122.8,119.8,-3.0,-225.0,SL,-2.6
2020-08-13,0,11350,2020-08-13,14:35,0.362,59.15,55.1,-4.05,-304.0,SL,-0.1
2020-08-14,6,11350,2020-08-20,13:15,0.057,178.75,177.5,-1.25,-94.0,SL,0.0
2020-08-17,3,11250,2020-08-20,12:50,0.116,182.05,181.35,-0.7,-52.0,SL,-2.0
2020-08-18,2,11250,2020-08-20,13:05,0.544,150.6,148.45,-2.15,-161.0,SL,0.0
2020-08-24,3,11400,2020-08-27,12:30,0.528,171.0,168.8,-2.2,-165.0,SL,0.0
2020-08-25,2,11500,2020-08-27,14:00,0.22,125.7,123.6,-2.1,-157.0,SL,-2.1
2020-08-26,1,11500,2020-08-27,14:35,0.279,97.0,95.35,-1.65,-124.0,SL,-1.1
2020-08-27,0,11600,2020-08-27,13:45,0.147,51.9,47.1,-4.8,-360.0,SL,-0.55
2020-08-28,6,11600,2020-09-03,12:35,0.397,198.65,197.9,-0.75,-56.0,SL,-0.6
2020-09-01,2,11450,2020-09-03,13:05,0.241,193.75,192.1,-1.65,-124.0,SL,0.0
2020-09-04,6,11350,2020-09-10,13:00,0.446,234.7,230.8,-3.9,-293.0,SL,-3.35
2020-09-07,3,11350,2020-09-10,14:35,0.185,187.8,182.75,-5.05,-379.0,SL,0.0
2020-09-08,2,11350,2020-09-10,12:30,0.589,170.05,168.3,-1.75,-131.0,SL,0.0
2020-09-09,1,11200,2020-09-10,13:20,0.064,124.05,121.75,-2.3,-173.0,SL,-0.85
2020-09-10,0,11350,2020-09-10,12:40,0.473,64.05,59.1,-4.95,-371.0,SL,-2.9
2020-09-11,6,11450,2020-09-17,13:55,0.188,206.35,204.75,-1.6,-120.0,SL,-0.3
2020-09-14,3,11550,2020-09-17,12:30,0.035,154.1,152.6,-1.5,-112.0,SL,-0.25
2020-09-15,2,11500,2020-09-17,13:15,0.213,143.7,140.25,-3.45,-259.0,SL,-1.4
2020-09-16,1,11550,2020-09-17,14:55,0.152,99.65,95.25,-4.4,-330.0,SL,-0.2
2020-09-17,0,11500,2020-09-17,14:25,0.022,52.6,45.8,-6.8,-510.0,SL,-0.2
2020-09-18,6,11550,2020-09-24,12:45,0.069,198.8,198.55,-0.25,-19.0,SL,0.0
2020-09-21,3,11500,2020-09-24,12:35,0.036,169.2,166.95,138.6,10395.0,EOD,138.6
2020-09-29,2,11250,2020-10-01,12:40,0.328,143.05,139.9,-3.15,-236.0,SL,-0.75
2020-10-01,0,11350,2020-10-01,12:40,0.261,72.05,66.8,-5.25,-394.0,SL,-7.15
2020-10-06,2,11600,2020-10-08,14:35,0.035,137.75,134.45,-3.3,-248.0,SL,0.0
2020-10-07,1,11700,2020-10-08,12:45,0.436,113.55,113.2,-0.35,-26.0,SL,0.0
2020-10-08,0,11850,2020-10-08,12:30,0.342,56.35,55.35,-1.0,-75.0,SL,-1.55
2020-10-09,6,11850,2020-10-15,14:20,0.295,234.85,233.5,-1.35,-101.0,SL,-1.45
2020-10-12,3,12000,2020-10-15,13:05,0.418,225.65,223.1,-2.55,-191.0,SL,-0.15
2020-10-14,1,11900,2020-10-15,13:20,0.422,124.9,122.4,-2.5,-188.0,SL,-1.7
2020-10-16,6,11750,2020-10-22,13:20,0.093,237.6,232.35,-5.25,-394.0,SL,0.0
2020-10-21,1,11950,2020-10-22,13:30,0.474,126.55,112.25,-14.3,-1073.0,SL,0.0
2020-10-22,0,11900,2020-10-22,12:40,0.136,83.6,78.9,-4.7,-352.0,SL,-1.45
2020-10-27,2,11800,2020-10-29,12:35,0.083,172.8,170.5,-2.3,-172.0,SL,-2.3
2020-11-03,2,11750,2020-11-05,12:50,0.477,261.15,259.1,-2.05,-154.0,SL,-0.65
2020-11-05,0,12050,2020-11-05,12:40,0.03,75.2,72.7,-2.5,-188.0,SL,-2.7
2020-11-06,6,12150,2020-11-12,12:35,0.405,231.65,229.7,23.2,1740.0,EOD,23.2
2020-11-09,3,12400,2020-11-12,15:20,0.227,185.15,183.15,8.55,641.0,EOD,-0.7
2020-11-10,2,12550,2020-11-12,12:50,0.164,182.3,180.75,-1.55,-116.0,SL,-0.85
2020-11-11,1,12650,2020-11-12,14:05,0.176,137.7,128.3,-9.4,-705.0,SL,-2.4
2020-11-13,6,12650,2020-11-19,14:50,0.015,223.55,215.05,2.9,217.0,EOD,-0.7
2020-11-18,1,12850,2020-11-19,13:50,0.134,107.95,101.85,23.55,1766.0,EOD,0.0
2020-11-20,6,12800,2020-11-26,13:50,0.264,215.95,206.95,-9.0,-675.0,SL,-1.15
2020-11-24,2,13000,2020-11-26,13:10,0.123,165.2,163.45,-1.75,-131.0,SL,-1.05
2020-12-01,2,13050,2020-12-03,13:10,0.091,197.6,196.45,-1.15,-86.0,SL,-1.8
2020-12-02,1,13100,2020-12-03,13:20,0.169,149.35,146.1,-3.25,-244.0,SL,-3.8
2020-12-07,3,13250,2020-12-10,12:40,0.358,188.35,186.45,-1.9,-143.0,SL,-0.8
2020-12-09,1,13450,2020-12-10,14:00,0.124,131.15,128.2,-2.95,-221.0,SL,0.0
2020-12-10,0,13500,2020-12-10,13:40,0.416,99.55,93.6,-5.95,-446.0,SL,0.0
2020-12-11,6,13500,2020-12-17,12:30,0.306,221.45,220.0,-1.45,-109.0,SL,-0.8
2020-12-14,3,13550,2020-12-17,12:40,0.36,202.5,201.25,-1.25,-94.0,SL,-0.75
2020-12-17,0,13700,2020-12-17,13:30,0.281,61.65,60.1,-1.55,-116.0,SL,0.0
2020-12-21,3,13750,2020-12-24,12:35,0.062,180.1,177.75,315.9,23692.0,EOD,316.2
2020-12-23,1,13500,2020-12-24,15:05,0.525,130.35,126.35,11.1,832.0,EOD,-0.25
2020-12-24,0,13650,2020-12-24,12:45,0.38,76.3,74.2,-2.1,-157.0,SL,-0.05
2020-12-28,3,13800,2020-12-31,12:40,0.199,202.45,201.35,-1.1,-82.0,SL,-1.95
2020-12-30,1,14000,2020-12-31,12:40,0.48,155.45,142.15,-13.3,-998.0,SL,-1.55
2021-01-01,6,14000,2021-01-07,15:10,0.255,216.05,215.05,-1.0,-75.0,SL,-0.95
2021-01-04,3,14100,2021-01-07,15:15,0.301,169.8,168.5,4.4,330.0,EOD,0.0
2021-01-05,2,14100,2021-01-07,12:35,0.421,168.05,166.95,-1.1,-82.0,SL,0.0
2021-01-06,1,14250,2021-01-07,13:10,0.285,128.2,121.05,15.2,1140.0,EOD,-1.4
2021-01-07,0,14250,2021-01-07,13:35,0.375,65.7,56.55,-9.15,-686.0,SL,-0.1
2021-01-08,6,14250,2021-01-14,12:35,0.231,237.15,235.35,-1.8,-135.0,SL,-1.25
2021-01-11,3,14450,2021-01-14,15:25,0.168,197.9,196.0,0.0,0.0,EOD,-0.75
2021-01-12,2,14500,2021-01-14,13:05,0.258,173.75,171.85,-1.9,-142.0,SL,0.0
2021-01-13,1,14650,2021-01-14,13:15,0.571,147.05,139.1,-7.95,-596.0,SL,-2.2
2021-01-14,0,14550,2021-01-14,13:50,0.297,59.6,53.75,-5.85,-439.0,SL,-0.9
2021-01-15,6,14600,2021-01-21,13:55,0.514,294.45,272.6,3.45,259.0,EOD,0.0
2021-01-20,1,14550,2021-01-21,13:45,0.154,128.05,125.0,-3.05,-229.0,SL,-1.4
2021-01-21,0,14750,2021-01-21,14:40,0.036,46.65,39.2,111.65,8374.0,EOD,-0.15
2021-01-28,0,13850,2021-01-28,12:40,0.201,109.55,97.85,-11.7,-878.0,SL,0.0
2021-02-05,6,14950,2021-02-11,13:35,0.119,334.85,323.65,-11.2,-840.0,SL,0.0
2021-02-08,3,15050,2021-02-11,14:05,0.069,254.5,253.3,-1.2,-90.0,SL,-2.5
2021-02-09,2,15150,2021-02-11,12:40,0.344,217.0,216.2,-0.8,-60.0,SL,-0.7
2021-02-10,1,15150,2021-02-11,13:30,0.159,175.9,170.15,-5.75,-431.0,SL,-2.95
2021-02-11,0,15100,2021-02-11,14:25,0.52,86.2,67.5,-18.7,-1403.0,SL,-1.15
2021-02-12,6,15200,2021-02-18,13:55,0.138,254.25,250.95,-3.3,-247.0,SL,-1.7
2021-02-15,3,15250,2021-02-18,12:35,0.39,207.8,205.35,-2.45,-184.0,SL,-2.45
2021-02-16,2,15400,2021-02-18,12:40,0.144,184.8,175.65,-9.15,-686.0,SL,-0.35
2021-02-17,1,15300,2021-02-18,13:00,0.082,137.15,131.55,-5.6,-420.0,SL,-1.6
2021-02-19,6,15100,2021-02-25,13:30,0.141,266.9,264.55,-2.35,-176.0,SL,-2.7
2021-02-23,2,14800,2021-02-25,12:40,0.308,213.4,209.15,-4.25,-319.0,SL,-2.6
2021-02-25,0,15100,2021-02-25,13:40,0.088,71.7,66.3,-5.4,-405.0,SL,-0.85
2021-03-02,2,14850,2021-03-04,15:15,0.119,222.95,212.7,-3.75,-281.0,EOD,-1.35
2021-03-03,1,15050,2021-03-04,12:35,0.215,163.05,161.3,69.15,5186.0,EOD,69.15
2021-03-05,5,15000,2021-03-10,14:05,0.284,396.7,393.3,-3.4,-255.0,SL,0.0
2021-03-08,2,15000,2021-03-10,13:40,0.01,278.35,272.95,-5.4,-405.0,SL,-2.1
2021-03-09,1,15050,2021-03-10,12:35,0.219,187.5,183.5,-4.0,-300.0,SL,-4.0
2021-03-12,6,15350,2021-03-18,12:35,0.58,301.55,298.65,107.75,8081.0,EOD,107.75
2021-03-16,2,15000,2021-03-18,13:10,0.172,220.85,215.3,-5.55,-416.0,SL,-1.65
2021-03-18,0,14850,2021-03-18,12:55,0.171,86.8,80.05,204.45,15334.0,EOD,210.9
2021-03-19,6,14500,2021-03-25,13:20,0.408,397.95,392.65,-5.3,-398.0,SL,-0.6
2021-03-23,2,14750,2021-03-25,14:20,0.186,233.25,225.05,-8.2,-615.0,SL,-0.7
2021-03-24,1,14700,2021-03-25,14:50,0.519,195.4,170.4,-14.2,-1065.0,EOD,0.0
2021-03-31,1,14800,2021-04-01,13:20,0.566,185.35,176.9,-8.45,-634.0,SL,0.0
2021-04-06,2,14750,2021-04-08,12:45,0.186,239.35,221.6,-17.75,-1331.0,SL,-5.85
2021-04-08,0,14900,2021-04-08,13:35,0.389,78.1,75.35,-2.75,-206.0,SL,-2.7
2021-04-09,6,14900,2021-04-15,13:45,0.082,280.95,277.95,-3.0,-225.0,SL,-0.45
2021-04-13,2,14350,2021-04-15,13:50,0.068,186.1,174.05,50.4,3780.0,EOD,0.0
2021-04-16,6,14600,2021-04-22,14:25,0.269,294.0,285.05,-8.95,-671.0,SL,-1.8
2021-04-19,3,14300,2021-04-22,14:00,0.226,272.9,265.2,-7.7,-577.0,SL,-0.45
2021-04-22,0,14250,2021-04-22,12:50,0.49,121.1,116.25,-4.85,-364.0,SL,-8.15
2021-04-26,3,14450,2021-04-29,15:10,0.2,273.2,270.05,-3.15,-236.0,SL,0.0
2021-04-29,0,15000,2021-04-29,14:00,0.547,121.15,96.15,-25.0,-1875.0,SL,0.0
2021-04-30,6,14800,2021-05-06,14:05,0.172,341.8,327.65,-14.15,-1061.0,SL,-0.5
2021-05-03,3,14500,2021-05-06,13:00,0.415,285.5,282.9,-2.6,-195.0,SL,-0.1
2021-05-04,2,14700,2021-05-06,13:10,0.226,229.35,225.3,-4.05,-304.0,SL,37.5
2021-05-06,0,14650,2021-05-06,12:30,0.134,86.3,81.75,-4.55,-341.0,SL,-5.65
2021-05-07,5,14800,2021-05-12,14:50,0.228,257.8,256.8,-1.0,-75.0,SL,0.0
2021-05-10,2,14950,2021-05-12,12:55,0.088,192.8,192.15,-0.65,-49.0,SL,-1.05
2021-05-12,0,14800,2021-05-12,14:40,0.391,80.15,64.3,23.15,1736.0,EOD,-1.0
2021-05-17,3,14750,2021-05-20,12:30,0.534,229.5,227.55,-1.95,-146.0,SL,-5.3
2021-05-18,2,15100,2021-05-20,13:45,0.219,164.95,161.5,-3.45,-259.0,SL,-0.05
2021-05-20,0,15050,2021-05-20,13:30,0.439,84.1,81.25,-2.85,-214.0,SL,0.0
2021-05-24,3,15200,2021-05-27,14:45,0.066,196.95,194.5,-2.45,-184.0,SL,0.0
2021-05-25,2,15300,2021-05-27,13:00,0.281,154.9,151.35,-3.55,-266.0,SL,0.0
2021-05-26,1,15250,2021-05-27,12:30,0.325,134.25,130.05,-4.2,-315.0,SL,-0.95
2021-05-27,0,15350,2021-05-27,14:15,0.033,61.45,54.15,-7.3,-547.0,SL,-2.0
2021-05-28,6,15400,2021-06-03,13:50,0.025,229.3,226.05,-3.25,-244.0,SL,-1.1
2021-06-02,1,15550,2021-06-03,13:05,0.296,125.25,119.75,-5.5,-412.0,SL,0.0
2021-06-03,0,15650,2021-06-03,13:25,0.105,60.8,48.75,-12.05,-904.0,SL,-0.25
2021-06-04,6,15700,2021-06-10,13:35,0.2,214.6,212.1,-2.5,-188.0,SL,-0.15
2021-06-07,3,15750,2021-06-10,12:50,0.001,166.0,164.1,-1.9,-142.0,SL,-0.1
2021-06-09,1,15750,2021-06-10,13:15,0.137,131.15,106.15,-3.45,-259.0,EOD,0.0
2021-06-16,1,15850,2021-06-17,12:40,0.408,127.9,119.25,-8.65,-649.0,SL,-0.6
2021-06-17,0,15650,2021-06-17,12:55,0.263,86.35,84.1,-2.25,-169.0,SL,-4.85
2021-06-21,3,15550,2021-06-24,12:35,0.589,216.25,211.25,42.75,3206.0,EOD,42.75
2021-06-22,2,15850,2021-06-24,14:00,0.11,135.8,132.6,-3.2,-240.0,SL,-0.9
2021-06-24,0,15750,2021-06-24,12:40,0.114,76.05,74.55,-1.5,-112.0,SL,-2.55
2021-06-28,3,15900,2021-07-01,12:30,0.538,174.6,171.95,-2.65,-199.0,SL,-2.75
2021-06-29,2,15800,2021-07-01,14:50,0.367,138.4,134.1,-4.3,-322.0,SL,0.0
2021-06-30,1,15800,2021-07-01,14:55,0.338,96.55,94.25,9.1,682.0,EOD,0.0
2021-07-01,0,15750,2021-07-01,12:30,0.355,72.25,70.55,-1.7,-128.0,SL,-4.6
2021-07-05,3,15800,2021-07-08,14:10,0.074,124.9,124.5,-0.4,-30.0,SL,-1.15
2021-07-06,2,15800,2021-07-08,12:50,0.463,139.6,136.2,-3.4,-255.0,SL,0.0
2021-07-07,1,15800,2021-07-08,12:30,0.109,98.15,96.75,-1.4,-105.0,SL,-0.45
2021-07-08,0,15850,2021-07-08,12:30,0.481,77.9,70.6,44.15,3311.0,EOD,38.6
2021-07-12,3,15750,2021-07-15,13:15,0.034,160.35,143.5,-16.85,-1264.0,SL,-0.45
2021-07-13,2,15800,2021-07-15,12:35,0.025,116.55,114.6,-1.95,-146.0,SL,-1.95
2021-07-14,1,15800,2021-07-15,12:30,0.187,102.0,100.4,-1.6,-120.0,SL,-0.8
2021-07-16,6,15950,2021-07-22,14:00,0.272,162.0,160.55,-1.45,-109.0,SL,-1.95
2021-07-19,3,15750,2021-07-22,13:05,0.307,150.3,145.2,-5.1,-383.0,SL,-0.95
2021-07-22,0,15750,2021-07-22,12:30,0.438,72.35,69.9,-2.45,-184.0,SL,0.0
2021-07-23,6,15850,2021-07-29,13:55,0.05,155.5,154.5,-1.0,-75.0,SL,0.0
2021-07-27,2,15850,2021-07-29,12:30,0.386,132.45,129.15,17.6,1320.0,EOD,11.8
2021-07-30,6,15800,2021-08-05,13:50,0.069,168.15,164.9,-3.25,-244.0,SL,-0.3
2021-08-02,3,15900,2021-08-05,13:55,0.013,135.6,134.2,-1.4,-105.0,SL,-0.9
2021-08-03,2,15950,2021-08-05,12:45,0.43,153.6,151.35,-2.25,-169.0,SL,-0.6
2021-08-04,1,16200,2021-08-05,14:20,0.257,116.7,110.4,-6.3,-473.0,SL,-2.35
2021-08-05,0,16300,2021-08-05,14:10,0.069,53.65,44.1,-9.55,-716.0,SL,-0.1
2021-08-06,6,16300,2021-08-12,15:05,0.265,176.8,175.05,-1.75,-131.0,SL,-1.5
2021-08-09,3,16300,2021-08-12,12:55,0.151,151.3,149.5,-1.8,-135.0,SL,-1.2
2021-08-10,2,16300,2021-08-12,14:10,0.383,130.15,124.05,-6.1,-457.0,SL,-2.75
2021-08-12,0,16300,2021-08-12,12:30,0.238,64.15,58.65,-5.5,-412.0,SL,0.0
2021-08-13,5,16400,2021-08-18,12:35,0.6,193.05,190.1,-2.95,-221.0,SL,-2.95
2021-08-16,2,16500,2021-08-18,14:40,0.181,148.95,145.85,-3.1,-232.0,SL,0.0
2021-08-17,1,16550,2021-08-18,15:05,0.017,99.5,92.9,4.5,338.0,EOD,-2.35
2021-08-18,0,16650,2021-08-18,12:50,0.075,60.0,49.3,21.25,1594.0,EOD,38.05
2021-08-20,6,16400,2021-08-26,14:30,0.432,211.9,209.9,-2.0,-150.0,SL,-1.95
2021-08-23,3,16600,2021-08-26,12:45,0.501,193.65,182.15,-11.5,-862.0,SL,-0.65
2021-08-24,2,16550,2021-08-26,13:50,0.043,130.4,128.1,-2.3,-172.0,SL,0.0
2021-08-26,0,16650,2021-08-26,12:50,0.068,54.2,49.8,-4.4,-330.0,SL,-2.05
2021-08-27,6,16650,2021-09-02,12:35,0.24,191.15,190.3,-0.85,-64.0,SL,-0.8
2021-08-30,3,16800,2021-09-02,12:55,0.494,165.95,165.35,-0.6,-45.0,SL,0.0
2021-08-31,2,16950,2021-09-02,12:30,0.35,151.85,144.95,61.75,4631.0,EOD,-7.15
2021-09-01,1,17150,2021-09-02,15:30,0.4,109.35,102.75,0.0,0.0,EOD,-1.5
2021-09-02,0,17100,2021-09-02,12:35,0.414,88.75,86.6,-2.15,-161.0,SL,-2.0
2021-09-03,6,17250,2021-09-09,13:35,0.1,214.3,213.45,-0.85,-64.0,SL,0.0
2021-09-06,3,17400,2021-09-09,14:00,0.204,186.85,184.95,-1.9,-143.0,SL,0.0
2021-09-08,1,17400,2021-09-09,12:30,0.363,128.0,123.15,-4.85,-364.0,SL,-1.6
2021-09-09,0,17300,2021-09-09,13:45,0.063,62.8,58.55,-4.25,-319.0,SL,-2.5
2021-09-14,2,17450,2021-09-16,12:55,0.04,132.4,128.55,-3.85,-289.0,SL,-1.45
2021-09-15,1,17400,2021-09-16,12:30,0.439,114.7,113.25,-1.45,-109.0,SL,-3.5
2021-09-16,0,17550,2021-09-16,13:45,0.133,49.9,47.05,29.25,2194.0,EOD,-1.15
2021-09-17,6,17700,2021-09-23,12:40,0.337,238.7,225.7,-13.0,-975.0,SL,-2.95
2021-09-20,3,17450,2021-09-23,14:25,0.466,214.3,212.0,-2.3,-173.0,SL,-0.15
2021-09-22,1,17600,2021-09-23,15:15,0.029,126.75,125.55,-1.2,-90.0,SL,-1.65
2021-09-23,0,17700,2021-09-23,12:30,0.5,83.6,80.05,-3.55,-266.0,SL,-5.65
2021-09-24,6,17900,2021-09-30,12:35,0.124,255.65,252.25,-3.4,-255.0,SL,-3.4
2021-09-27,3,17950,2021-09-30,14:40,0.443,212.7,208.85,-0.5,-38.0,EOD,-0.0
2021-09-29,1,17650,2021-09-30,14:15,0.037,156.7,148.4,-8.3,-623.0,SL,-0.75
2021-09-30,0,17750,2021-09-30,12:35,0.151,104.5,79.5,28.3,2123.0,EOD,28.3
2021-10-01,6,17550,2021-10-07,12:40,0.322,295.75,293.6,-2.15,-161.0,SL,-6.95
2021-10-04,3,17600,2021-10-07,13:30,0.191,224.1,221.65,-2.45,-184.0,SL,3.45
2021-10-05,2,17650,2021-10-07,12:45,0.162,189.1,177.85,39.8,2985.0,EOD,53.5
2021-10-06,1,17850,2021-10-07,12:50,0.005,127.25,123.5,-3.75,-281.0,SL,123.55
2021-10-07,0,17800,2021-10-07,12:30,0.165,76.1,74.6,-1.5,-112.0,SL,-2.3
2021-10-08,6,17900,2021-10-14,14:25,0.207,224.4,222.9,-1.5,-112.0,SL,0.0
2021-10-12,2,17950,2021-10-14,15:30,0.215,167.9,166.15,0.0,0.0,EOD,-0.1
2021-10-13,1,18100,2021-10-14,12:50,0.28,135.75,134.0,-1.75,-131.0,SL,0.0
2021-10-14,0,18300,2021-10-14,15:10,0.042,36.4,32.85,2.3,173.0,EOD,-0.4
2021-10-18,3,18500,2021-10-21,15:20,0.066,205.0,204.8,-0.2,-15.0,SL,-1.05
2021-10-19,2,18600,2021-10-21,14:00,0.158,176.0,170.0,49.5,3712.0,EOD,0.0
2021-10-22,6,18250,2021-10-28,12:40,0.457,292.85,287.8,-5.05,-379.0,SL,0.0
2021-10-25,3,18250,2021-10-28,14:15,0.566,270.6,251.55,-19.05,-1429.0,SL,-0.05
2021-10-26,2,18150,2021-10-28,13:40,0.067,220.0,215.05,-4.95,-371.0,SL,-0.65
2021-10-27,1,18300,2021-10-28,14:35,0.025,159.3,151.35,-7.95,-596.0,SL,-0.5
2021-10-29,5,17850,2021-11-03,14:05,0.154,285.85,283.65,-2.2,-165.0,SL,-4.3
2021-11-01,2,17800,2021-11-03,13:35,0.021,232.6,224.65,20.8,1560.0,EOD,-0.55
2021-11-02,1,17950,2021-11-03,12:55,0.381,163.1,157.25,-5.85,-439.0,SL,0.0
2021-11-03,0,17950,2021-11-03,12:30,0.477,99.55,87.05,-12.5,-938.0,SL,0.0
2021-11-08,3,18000,2021-11-11,13:05,0.197,226.9,218.75,-8.15,-611.0,SL,13.85
2021-11-09,2,18100,2021-11-11,12:30,0.301,192.0,188.65,-3.35,-251.0,SL,-3.1
2021-11-10,1,17950,2021-11-11,13:35,0.037,155.85,149.4,-6.45,-484.0,SL,-0.05
2021-11-12,6,18000,2021-11-18,13:20,0.059,237.55,233.35,17.75,1331.0,EOD,-1.25
2021-11-15,3,18150,2021-11-18,15:25,0.259,199.35,195.45,1.4,105.0,EOD,0.0
2021-11-16,2,18150,2021-11-18,14:15,0.293,179.3,175.55,37.95,2846.0,EOD,-0.9
2021-11-17,1,17950,2021-11-18,13:30,0.019,141.2,136.2,-5.0,-375.0,SL,-0.8
2021-11-24,1,17550,2021-11-25,14:45,0.106,132.05,122.3,66.95,5021.0,EOD,-1.15
2021-11-25,0,17400,2021-11-25,13:15,0.513,136.2,128.6,-7.6,-570.0,SL,-7.2
2021-12-03,6,17450,2021-12-09,12:45,0.448,286.0,279.9,33.25,2494.0,EOD,0.0
2021-12-08,1,17300,2021-12-09,13:10,0.592,179.95,172.9,23.6,1770.0,EOD,-4.6
2021-12-09,0,17550,2021-12-09,14:20,0.315,81.8,71.9,-9.9,-743.0,SL,0.0
2021-12-10,6,17500,2021-12-16,15:15,0.378,252.55,245.2,-4.0,-300.0,EOD,0.0
2021-12-14,2,17300,2021-12-16,13:05,0.064,209.05,204.65,-4.4,-330.0,SL,-3.85
2021-12-15,1,17350,2021-12-16,12:35,0.584,182.95,178.6,-4.35,-326.0,SL,-4.35
2021-12-22,1,16850,2021-12-23,13:05,0.039,160.1,155.8,-4.3,-323.0,SL,-0.25
2021-12-23,0,17050,2021-12-23,13:20,0.113,78.35,66.9,-11.45,-859.0,SL,-1.9
2021-12-27,3,16950,2021-12-30,12:30,0.59,257.0,254.05,-2.95,-221.0,SL,-0.35
2021-12-29,1,17200,2021-12-30,14:55,0.085,128.0,126.2,-1.8,-135.0,SL,0.0
2022-01-04,2,17700,2022-01-06,14:45,0.215,167.7,166.4,18.5,1388.0,EOD,-0.15
2022-01-05,1,17800,2022-01-06,12:30,0.277,141.25,137.95,-1.2,-90.0,EOD,-5.8
2022-01-07,6,17800,2022-01-13,12:45,0.108,290.75,279.2,-11.55,-866.0,SL,-1.35
2022-01-10,3,17900,2022-01-13,12:45,0.162,235.65,232.9,-2.75,-206.0,SL,-0.55
2022-01-12,1,18150,2022-01-13,14:55,0.093,132.35,130.05,-2.3,-173.0,SL,-0.85
2022-01-13,0,18250,2022-01-13,13:20,0.13,63.45,60.0,-3.45,-259.0,SL,-1.05
2022-01-14,6,18200,2022-01-20,14:50,0.026,259.3,255.25,-4.05,-304.0,SL,-0.4
2022-01-17,3,18250,2022-01-20,14:35,0.259,217.3,216.2,-1.1,-83.0,SL,-0.8
2022-01-18,2,18350,2022-01-20,13:50,0.481,183.1,178.8,-4.3,-323.0,SL,-3.0
2022-01-21,6,17650,2022-01-27,14:20,0.117,305.8,304.4,-1.4,-105.0,SL,-0.2
2022-01-25,2,17000,2022-01-27,13:20,0.477,288.95,281.95,-7.0,-525.0,SL,-1.3
2022-01-31,3,17300,2022-02-03,12:35,0.411,490.25,485.4,-4.85,-364.0,SL,-2.3
2022-02-02,1,17700,2022-02-03,14:15,0.246,151.7,141.35,-10.35,-776.0,SL,-0.8
2022-02-04,6,17600,2022-02-10,12:50,0.498,312.05,305.55,-6.5,-488.0,SL,0.0
2022-02-08,2,17300,2022-02-10,13:05,0.29,242.6,226.75,-15.85,-1189.0,SL,-1.8
2022-02-09,1,17350,2022-02-10,14:00,0.295,146.0,143.75,-2.25,-169.0,SL,0.0
2022-02-10,0,17550,2022-02-10,13:00,0.294,83.4,81.05,-2.35,-176.0,SL,-0.1
2022-02-11,6,17450,2022-02-17,14:10,0.498,299.8,295.3,-4.5,-338.0,SL,-3.55
2022-02-14,3,17100,2022-02-17,12:40,0.475,340.5,338.4,-2.1,-157.0,SL,-8.3
2022-02-15,2,16950,2022-02-17,12:35,0.565,307.95,299.75,153.25,11494.0,EOD,153.25
2022-02-16,1,17400,2022-02-17,14:50,0.246,174.55,155.1,-2.25,-169.0,EOD,-4.6
2022-02-17,0,17400,2022-02-17,14:15,0.036,85.6,67.25,-18.35,-1376.0,SL,-0.55
2022-02-18,6,17250,2022-02-24,12:50,0.505,412.75,404.5,-8.25,-619.0,SL,-1.1
2022-02-21,3,17200,2022-02-24,12:35,0.392,339.7,334.35,-5.35,-401.0,SL,-5.35
2022-02-22,2,16900,2022-02-24,14:05,0.297,308.3,304.35,3.7,278.0,EOD,-0.35
2022-02-23,1,17200,2022-02-24,14:00,0.189,184.75,171.35,-13.4,-1005.0,SL,-0.05
2022-02-24,0,16600,2022-02-24,12:45,0.352,146.45,129.55,-16.9,-1267.0,SL,-1.8
2022-03-07,3,15850,2022-03-10,12:40,0.337,470.95,468.7,-2.25,-169.0,SL,0.0
2022-03-08,2,15750,2022-03-10,14:05,0.02,406.45,399.3,-7.15,-536.0,SL,-5.05
2022-03-10,0,16750,2022-03-10,12:35,0.397,121.95,112.3,-9.65,-724.0,SL,-9.65
2022-03-14,3,16650,2022-03-17,12:35,0.582,433.95,433.1,41.05,3079.0,EOD,41.05
2022-03-15,2,16900,2022-03-17,12:35,0.288,364.0,359.5,27.2,2040.0,EOD,27.2
2022-03-16,1,16850,2022-03-17,12:30,0.26,262.6,259.35,-3.25,-244.0,SL,-1.95
2022-03-22,2,17150,2022-03-24,13:15,0.549,332.95,317.2,-15.75,-1181.0,SL,0.0
2022-03-24,0,17100,2022-03-24,14:05,0.277,120.95,104.2,1.3,97.0,EOD,-5.05
2022-03-30,1,17450,2022-03-31,14:55,0.22,149.75,148.5,-1.25,-94.0,SL,-1.15
2022-03-31,0,17500,2022-03-31,14:40,0.149,60.8,49.35,-11.45,-859.0,SL,0.0
2022-04-01,6,17450,2022-04-07,12:30,0.583,325.5,323.9,-1.6,-120.0,SL,-0.8
2022-04-05,2,18100,2022-04-07,12:40,0.475,216.55,210.45,-6.1,-458.0,SL,-0.15
2022-04-07,0,17750,2022-04-07,13:45,0.104,58.95,50.55,51.95,3896.0,EOD,-0.35
2022-04-08,5,17700,2022-04-13,13:45,0.123,276.95,274.1,-2.85,-214.0,SL,-0.65
2022-04-12,1,17600,2022-04-13,12:30,0.541,162.35,160.5,-1.85,-139.0,SL,-5.1
2022-04-18,3,17200,2022-04-21,12:30,0.45,270.3,267.85,-2.45,-184.0,SL,0.0
2022-04-19,2,17250,2022-04-21,13:10,0.19,196.0,191.2,-4.8,-360.0,SL,0.0
2022-04-20,1,17050,2022-04-21,12:35,0.386,170.0,165.6,-4.4,-330.0,SL,-4.4
2022-04-21,0,17250,2022-04-21,12:30,0.53,108.3,101.25,33.75,2531.0,EOD,32.3
2022-04-22,6,17250,2022-04-28,13:40,0.113,293.2,288.6,-4.6,-345.0,SL,-1.9
2022-04-25,3,17000,2022-04-28,12:30,0.376,303.75,296.55,-7.2,-540.0,SL,-12.3
2022-04-26,2,17150,2022-04-28,12:55,0.117,220.3,218.1,-2.2,-165.0,SL,-0.4
2022-04-27,1,17100,2022-04-28,12:30,0.264,183.85,182.05,-1.8,-135.0,SL,-3.5
2022-04-28,0,17150,2022-04-28,12:35,0.176,81.8,75.65,12.95,971.0,EOD,12.95
2022-04-29,6,17350,2022-05-05,14:15,0.076,290.7,285.3,58.1,4357.0,EOD,-0.95
2022-05-02,3,16950,2022-05-05,12:35,0.511,289.75,287.3,-2.45,-184.0,SL,-2.45
2022-05-05,0,16850,2022-05-05,13:55,0.037,89.55,73.75,77.1,5783.0,EOD,-3.45
2022-05-06,6,16450,2022-05-12,12:30,0.398,379.15,373.85,-5.3,-398.0,SL,-1.15
2022-05-09,3,16250,2022-05-12,12:30,0.528,328.75,326.9,-1.85,-139.0,SL,-4.6
2022-05-13,6,16000,2022-05-19,12:30,0.179,374.15,371.3,-2.85,-214.0,SL,-0.9
2022-05-18,1,16350,2022-05-19,12:30,0.36,206.85,195.15,-11.7,-878.0,SL,-16.25
2022-05-19,0,15950,2022-05-19,12:45,0.501,123.0,117.85,-5.15,-386.0,SL,-2.6
2022-05-20,6,16050,2022-05-26,13:05,0.562,390.35,387.25,25.95,1946.0,EOD,-2.6
2022-05-23,3,16300,2022-05-26,13:35,0.534,324.45,314.55,-9.9,-743.0,SL,-1.2
2022-05-24,2,16250,2022-05-26,13:10,0.037,280.15,262.9,-17.25,-1294.0,SL,0.0
2022-05-31,2,16600,2022-06-02,12:30,0.383,248.4,246.55,-1.85,-139.0,SL,-1.45
2022-06-01,1,16600,2022-06-02,13:15,0.155,189.4,185.45,-3.95,-296.0,SL,-0.15
2022-06-02,0,16500,2022-06-02,12:30,0.463,123.95,118.3,-5.65,-424.0,SL,-12.65
2022-06-03,6,16750,2022-06-09,12:50,0.211,316.9,315.05,-1.85,-139.0,SL,-1.9
2022-06-06,3,16550,2022-06-09,13:30,0.037,272.8,271.45,-1.35,-101.0,SL,-0.5
2022-06-08,1,16500,2022-06-09,13:15,0.063,173.0,159.75,18.05,1354.0,EOD,-1.15
2022-06-10,6,16300,2022-06-16,12:30,0.412,312.75,311.45,-1.3,-97.0,SL,-1.9
2022-06-14,2,15700,2022-06-16,15:25,0.539,257.55,254.1,-0.55,-41.0,EOD,0.0
2022-06-15,1,15750,2022-06-16,14:00,0.054,209.45,206.9,-2.55,-191.0,SL,-2.55
2022-06-17,6,15300,2022-06-23,12:55,0.036,404.15,399.55,-4.6,-345.0,SL,-5.0
2022-06-23,14,15450,2022-07-07,13:10,0.027,510.95,501.65,-9.3,-697.0,SL,-1.55
2022-06-24,13,15650,2022-07-07,12:55,0.19,486.9,485.65,-1.25,-94.0,SL,-0.85
2022-06-27,10,15900,2022-07-07,15:00,0.306,433.9,432.65,-1.25,-94.0,SL,-1.75
2022-06-28,9,15750,2022-07-07,12:40,0.116,424.9,422.3,-2.6,-195.0,SL,-1.9
2022-06-29,8,15700,2022-07-07,12:35,0.41,411.3,405.7,-5.6,-420.0,SL,-5.6
2022-06-30,7,15800,2022-07-07,12:30,0.303,380.9,378.85,-2.05,-154.0,SL,-0.45
2022-07-01,6,15700,2022-07-07,15:25,0.461,317.7,313.5,1.3,97.0,EOD,-1.8
2022-07-04,3,15750,2022-07-07,15:20,0.255,258.65,257.25,-1.4,-105.0,SL,-1.05
2022-07-06,1,15850,2022-07-07,12:30,0.536,169.2,166.1,-3.1,-233.0,SL,-8.95
2022-07-08,6,16300,2022-07-14,14:00,0.437,283.05,277.35,-5.7,-427.0,SL,-1.1
2022-07-11,3,16150,2022-07-14,13:50,0.201,232.15,229.1,-3.05,-229.0,SL,0.0
2022-07-12,2,16150,2022-07-14,12:30,0.307,213.05,210.5,-2.55,-191.0,SL,-2.0
2022-07-13,1,16150,2022-07-14,12:30,0.352,168.0,163.35,40.85,3064.0,EOD,40.25
2022-07-14,0,16000,2022-07-14,13:25,0.352,93.9,82.35,-11.55,-866.0,SL,-3.0
2022-07-15,6,16000,2022-07-21,15:10,0.299,251.25,247.35,-1.9,-142.0,EOD,0.0
2022-07-18,3,16150,2022-07-21,12:40,0.4,216.75,215.15,-1.6,-120.0,SL,0.0
2022-07-20,1,16550,2022-07-21,15:20,0.023,116.55,115.4,2.85,214.0,EOD,0.0
2022-07-21,0,16500,2022-07-21,12:55,0.28,94.0,88.85,-5.15,-386.0,SL,0.0
2022-07-22,6,16650,2022-07-28,12:55,0.138,251.1,250.0,-1.1,-83.0,SL,-0.15
2022-07-26,2,16650,2022-07-28,13:50,0.539,203.15,195.2,-7.95,-596.0,SL,-1.35
2022-07-27,1,16500,2022-07-28,12:35,0.429,173.35,170.45,43.15,3236.0,EOD,43.15
2022-07-29,6,17050,2022-08-04,15:00,0.241,259.55,254.5,15.7,1178.0,EOD,0.0
2022-08-01,3,17250,2022-08-04,13:40,0.244,223.95,220.1,-0.65,-49.0,EOD,-0.4
2022-08-02,2,17300,2022-08-04,14:40,0.027,198.0,193.35,-4.65,-349.0,SL,0.0
2022-08-11,0,17700,2022-08-11,13:25,0.204,75.55,68.6,-6.95,-521.0,SL,-2.65
2022-08-12,6,17650,2022-08-18,13:00,0.196,230.6,226.9,-3.7,-278.0,SL,0.0
2022-08-16,2,17800,2022-08-18,13:20,0.043,164.4,162.9,-1.5,-112.0,SL,0.0
2022-08-17,1,17850,2022-08-18,12:30,0.384,150.3,149.6,-0.7,-52.0,SL,0.0
2022-08-18,0,17900,2022-08-18,14:45,0.199,51.85,39.95,4.45,334.0,EOD,-1.0
2022-08-23,2,17350,2022-08-25,12:35,0.501,224.35,213.6,87.9,6592.0,EOD,87.9
2022-08-24,1,17550,2022-08-25,15:25,0.184,137.6,132.2,-4.6,-345.0,EOD,-1.7
2022-08-25,0,17650,2022-08-25,12:50,0.138,92.5,81.8,-10.7,-802.0,SL,-3.5
2022-08-26,6,17650,2022-09-01,13:10,0.051,273.7,270.8,-2.9,-218.0,SL,-1.25
2022-09-02,6,17600,2022-09-08,14:45,0.228,312.3,308.0,-4.3,-322.0,SL,-1.55
2022-09-06,2,17700,2022-09-08,15:20,0.09,214.3,212.7,-1.6,-120.0,SL,-0.25
2022-09-07,1,17550,2022-09-08,12:35,0.415,185.1,180.05,-5.05,-379.0,SL,-5.05
2022-09-09,6,17900,2022-09-15,13:00,0.452,272.25,271.35,-0.9,-67.0,SL,0.0
2022-09-12,3,17900,2022-09-15,13:00,0.352,244.7,244.1,-0.6,-45.0,SL,0.0
2022-09-13,2,18050,2022-09-15,12:30,0.187,199.55,198.65,-0.9,-68.0,SL,0.0
2022-09-19,3,17550,2022-09-22,13:50,0.545,303.25,299.45,-3.8,-285.0,SL,-0.45
2022-09-21,1,17750,2022-09-22,12:35,0.534,262.05,258.3,-3.75,-281.0,SL,-2.75
2022-09-22,0,17650,2022-09-22,12:30,0.439,120.75,114.1,-6.65,-499.0,SL,0.0
2022-09-27,16,17100,2022-10-13,14:40,0.452,617.4,614.9,-2.5,-188.0,SL,-0.05
2022-09-29,14,17000,2022-10-13,12:35,0.598,568.55,562.15,-6.4,-480.0,SL,-6.4
2022-10-03,10,17050,2022-10-13,13:50,0.447,453.7,448.3,-1.7,-128.0,EOD,-3.3
2022-10-12,1,17050,2022-10-13,14:25,0.337,185.1,179.55,-2.65,-199.0,EOD,0.0
2022-10-14,6,17300,2022-10-20,14:00,0.199,291.5,285.3,-6.2,-465.0,SL,-0.25
2022-10-18,2,17450,2022-10-20,15:05,0.236,190.1,187.95,-2.15,-161.0,SL,-0.8
2022-10-19,1,17600,2022-10-20,12:35,0.197,139.05,135.5,-3.55,-266.0,SL,-3.55
2022-10-20,0,17450,2022-10-20,12:50,0.359,79.8,75.95,-3.85,-289.0,SL,-1.25
2022-10-21,6,17600,2022-10-27,13:00,0.106,231.3,229.85,-1.45,-109.0,SL,-0.9
2022-10-27,0,17800,2022-10-27,12:30,0.484,112.1,107.9,-4.2,-315.0,SL,-0.75
2022-10-31,3,17900,2022-11-03,13:20,0.438,219.95,217.9,-2.05,-154.0,SL,-0.15
2022-11-01,2,18100,2022-11-03,14:45,0.205,186.5,185.7,-0.8,-60.0,SL,-2.35
2022-11-02,1,18200,2022-11-03,12:30,0.517,176.3,173.3,-3.0,-225.0,SL,-0.05
2022-11-03,0,17950,2022-11-03,13:40,0.391,100.95,89.3,-11.65,-874.0,SL,0.0
2022-11-04,6,18050,2022-11-10,14:55,0.054,238.15,237.05,16.7,1253.0,EOD,-2.1
2022-11-07,3,18200,2022-11-10,12:35,0.378,188.5,183.7,-4.8,-360.0,SL,-4.8
2022-11-10,0,18050,2022-11-10,12:40,0.419,65.95,62.4,-3.55,-266.0,SL,0.0
2022-11-11,6,18300,2022-11-17,12:30,0.29,229.55,228.1,-1.45,-109.0,SL,-1.35
2022-11-14,3,18400,2022-11-17,14:50,0.206,176.1,172.95,10.9,817.0,EOD,-0.65
2022-11-15,2,18350,2022-11-17,15:05,0.256,147.2,143.6,9.65,724.0,EOD,-0.4
2022-11-16,1,18400,2022-11-17,13:40,0.017,125.45,122.6,-2.85,-214.0,SL,-1.9
2022-11-17,0,18350,2022-11-17,12:35,0.101,63.4,60.65,-2.75,-206.0,SL,-2.25
2022-11-21,10,18250,2022-12-01,12:40,0.574,305.6,303.45,-2.15,-161.0,SL,-1.3
2022-11-22,9,18200,2022-12-01,15:25,0.169,273.85,272.95,0.65,49.0,EOD,-0.8
2022-11-24,7,18350,2022-12-01,12:45,0.295,221.95,220.7,-1.25,-94.0,SL,-3.2
2022-11-29,2,18550,2022-12-01,12:30,0.55,174.35,172.5,-1.85,-139.0,SL,-2.25
2022-11-30,1,18650,2022-12-01,14:30,0.073,106.25,98.1,42.65,3199.0,EOD,-0.3
2022-12-01,0,18850,2022-12-01,13:30,0.143,68.3,55.85,-12.45,-934.0,SL,0.0
2022-12-05,3,18750,2022-12-08,13:40,0.084,192.5,185.8,-6.7,-502.0,SL,0.0
2022-12-06,2,18650,2022-12-08,12:45,0.093,169.5,168.5,-1.0,-75.0,SL,-1.3
2022-12-07,1,18650,2022-12-08,14:05,0.276,130.05,127.7,-2.35,-176.0,SL,-1.2
2022-12-09,6,18650,2022-12-15,12:35,0.577,222.15,199.2,7.2,540.0,EOD,7.2
2022-12-12,3,18400,2022-12-15,15:05,0.475,198.15,190.7,4.3,323.0,EOD,-3.0
2022-12-13,2,18550,2022-12-15,12:40,0.233,165.15,164.15,-1.0,-75.0,SL,-0.95
2022-12-14,1,18650,2022-12-15,14:55,0.041,119.4,118.7,-0.7,-52.0,SL,0.0
2022-12-15,0,18600,2022-12-15,12:30,0.453,66.75,63.0,118.2,8865.0,EOD,105.75
2022-12-16,13,18350,2022-12-29,12:30,0.268,337.4,335.25,-2.15,-161.0,SL,0.0
2022-12-19,10,18300,2022-12-29,13:50,0.51,335.5,333.8,-1.7,-128.0,SL,0.0
2022-12-23,6,18000,2022-12-29,13:50,0.411,261.0,258.6,-2.4,-180.0,SL,-0.05
2022-12-27,2,18100,2022-12-29,12:50,0.168,178.65,173.9,-4.75,-356.0,SL,-3.05
2022-12-28,1,18100,2022-12-29,13:50,0.198,135.8,130.55,-5.25,-394.0,SL,-0.4
2022-12-29,0,18050,2022-12-29,14:05,0.234,63.05,57.5,-5.55,-416.0,SL,-0.1
2022-12-30,13,18250,2023-01-12,12:30,0.317,342.15,341.15,-1.0,-75.0,SL,0.0
2023-01-02,10,18150,2023-01-12,13:20,0.216,326.7,324.25,-2.45,-184.0,SL,-0.25
2023-01-03,9,18200,2023-01-12,14:45,0.081,292.0,290.35,-1.65,-124.0,SL,-2.2
2023-01-11,1,17950,2023-01-12,13:55,0.162,149.0,143.45,-5.55,-416.0,SL,-1.2
2023-01-12,0,17950,2023-01-12,13:25,0.597,145.3,129.45,-15.85,-1189.0,SL,-2.95
2023-01-13,6,17850,2023-01-19,12:30,0.144,248.25,244.45,-3.8,-285.0,SL,-2.55
2023-01-17,2,17900,2023-01-19,14:15,0.441,172.6,166.55,32.75,2456.0,EOD,-1.45
2023-01-18,1,18050,2023-01-19,12:30,0.555,170.0,168.6,-1.4,-105.0,SL,0.0
2023-01-20,5,18100,2023-01-25,13:55,0.06,186.25,183.35,-2.9,-217.0,SL,0.0
2023-01-24,1,18200,2023-01-25,12:35,0.345,115.25,113.55,-1.7,-127.0,SL,-1.55
2023-01-30,3,17600,2023-02-02,13:50,0.132,355.1,339.95,-15.15,-1136.0,SL,-5.9
2023-02-01,1,17800,2023-02-02,14:20,0.373,220.2,195.2,22.3,1673.0,EOD,-13.85
2023-02-03,6,17700,2023-02-09,14:25,0.2,259.9,254.15,-0.1,-7.0,EOD,0.0
2023-02-06,17,17800,2023-02-23,15:20,0.533,415.45,413.2,-2.25,-169.0,SL,-1.0
2023-02-07,16,17800,2023-02-23,12:30,0.489,402.6,400.7,-1.9,-142.0,SL,-1.05
2023-02-08,15,17750,2023-02-23,13:25,0.42,393.35,389.9,-3.45,-259.0,SL,-2.35
2023-02-09,14,17900,2023-02-23,14:00,0.295,328.25,325.5,-2.75,-206.0,SL,-1.1
2023-02-10,13,17850,2023-02-23,15:00,0.054,299.2,297.1,-2.1,-158.0,SL,-0.05
2023-02-14,9,17850,2023-02-23,12:30,0.377,284.75,283.75,-1.0,-75.0,SL,0.8
2023-02-15,8,17900,2023-02-23,13:55,0.141,244.8,242.9,20.4,1530.0,EOD,-1.35
2023-02-16,7,18100,2023-02-23,12:40,0.083,214.2,211.55,-2.65,-199.0,SL,-1.65
2023-02-17,6,18000,2023-02-23,12:30,0.168,195.9,194.9,-1.0,-75.0,SL,0.0
2023-02-20,3,17950,2023-02-23,12:30,0.287,172.3,171.7,12.9,967.0,EOD,12.0
2023-02-21,2,17900,2023-02-23,12:30,0.444,157.7,151.55,-6.15,-461.0,SL,-2.6
2023-02-23,0,17600,2023-02-23,12:35,0.187,80.9,72.8,-8.1,-607.0,SL,-5.9
2023-02-28,16,17400,2023-03-16,13:25,0.045,356.55,354.1,-2.45,-184.0,SL,0.0
2023-03-01,15,17350,2023-03-16,13:50,0.348,348.9,348.9,0.0,0.0,SL,0.0
2023-03-02,14,17450,2023-03-16,13:35,0.3,307.75,297.0,-10.75,-806.0,SL,0.0
2023-03-08,8,17650,2023-03-16,13:35,0.025,242.25,239.55,8.15,611.0,EOD,-0.6
2023-03-09,7,17750,2023-03-16,12:30,0.559,221.55,217.6,-3.95,-296.0,SL,-0.85
2023-03-10,6,17450,2023-03-16,12:35,0.382,209.95,209.0,-0.95,-71.0,SL,-0.5
2023-03-14,2,17200,2023-03-16,13:00,0.027,218.65,205.55,-13.1,-982.0,SL,-0.3
2023-03-15,1,17200,2023-03-16,12:30,0.557,160.9,152.0,-8.9,-667.0,SL,0.0
2023-03-16,0,17000,2023-03-16,12:30,0.444,101.75,91.85,-9.9,-743.0,SL,-1.1
2023-03-21,2,17050,2023-03-23,14:00,0.041,194.7,191.55,-3.15,-236.0,SL,-0.55
2023-03-22,1,17200,2023-03-23,13:15,0.183,154.25,150.95,-3.3,-248.0,SL,-1.7
2023-03-23,0,17100,2023-03-23,12:35,0.389,99.3,86.9,-12.4,-930.0,SL,-12.4
2023-03-24,5,17100,2023-03-29,12:45,0.066,219.8,218.25,-1.55,-116.0,SL,-0.85
2023-03-27,2,17000,2023-03-29,12:30,0.368,197.05,195.25,-1.8,-135.0,SL,0.0
2023-03-28,1,17050,2023-03-29,13:25,0.479,140.95,134.9,-6.05,-454.0,SL,0.0
2023-03-29,0,17000,2023-03-29,14:15,0.22,62.2,58.65,-3.55,-266.0,SL,-0.6
2023-03-31,6,17200,2023-04-06,12:30,0.434,223.2,219.55,25.85,1939.0,EOD,17.3
2023-04-03,3,17450,2023-04-06,13:00,0.425,180.75,178.8,-1.95,-146.0,SL,0.0
2023-04-05,1,17450,2023-04-06,12:40,0.471,128.25,125.35,-2.9,-218.0,SL,0.0
2023-04-06,0,17550,2023-04-06,12:35,0.453,74.7,71.4,-3.3,-247.0,SL,-2.4
2023-04-10,3,17650,2023-04-13,12:50,0.236,148.45,147.5,-0.95,-71.0,SL,-1.4
2023-04-12,1,17750,2023-04-13,13:10,0.145,98.35,95.5,-2.85,-214.0,SL,0.0
2023-04-13,0,17800,2023-04-13,12:30,0.401,72.3,69.1,-3.2,-240.0,SL,-6.75
2023-04-17,3,17750,2023-04-20,13:20,0.329,161.4,159.9,-1.5,-112.0,SL,0.0
2023-04-18,2,17750,2023-04-20,13:25,0.325,130.3,127.6,-2.7,-202.0,SL,0.0
2023-04-19,1,17650,2023-04-20,13:45,0.013,105.35,96.25,-9.1,-682.0,SL,-1.6
2023-04-20,0,17650,2023-04-20,12:45,0.172,61.95,59.55,-2.4,-180.0,SL,-1.9
2023-04-21,6,17650,2023-04-27,12:30,0.389,173.3,168.75,-4.55,-341.0,SL,-1.85
2023-04-24,17,17700,2023-05-11,13:20,0.33,320.6,319.0,-1.6,-120.0,SL,-2.1
2023-04-25,16,17750,2023-05-11,13:30,0.003,305.55,305.45,-0.1,-7.0,SL,0.0
2023-04-26,15,17800,2023-05-11,12:30,0.111,290.05,289.0,-1.05,-79.0,SL,0.0
2023-04-27,14,17850,2023-05-11,13:20,0.131,282.35,281.85,-0.5,-37.0,SL,-0.85
2023-04-28,13,17950,2023-05-11,14:40,0.098,247.75,246.75,-1.0,-75.0,SL,-0.3
2023-05-02,9,18150,2023-05-11,12:35,0.113,234.1,233.6,-0.5,-38.0,SL,-0.05
2023-05-03,8,18100,2023-05-11,14:10,0.115,220.5,219.15,-1.35,-101.0,SL,0.0
2023-05-04,7,18100,2023-05-11,12:30,0.391,208.25,206.65,-1.6,-120.0,SL,-0.15
2023-05-05,6,18150,2023-05-11,13:50,0.046,176.7,173.8,-2.9,-218.0,SL,-1.3
2023-05-09,2,18300,2023-05-11,13:55,0.065,125.55,124.35,-1.2,-90.0,SL,-0.15
2023-05-10,1,18300,2023-05-11,13:25,0.184,108.4,105.6,-2.8,-210.0,SL,-0.85
2023-05-11,0,18400,2023-05-11,12:45,0.356,96.55,82.15,-14.4,-1080.0,SL,-2.25
2023-05-12,6,18300,2023-05-18,13:10,0.088,181.7,181.1,-0.6,-45.0,SL,-1.05
2023-05-15,3,18300,2023-05-18,12:35,0.553,192.3,190.05,-2.25,-169.0,SL,0.0
2023-05-16,2,18400,2023-05-18,14:15,0.254,133.5,128.1,-5.4,-405.0,SL,-2.45
2023-05-18,0,18250,2023-05-18,12:35,0.318,59.3,56.0,-3.3,-248.0,SL,-1.5
2023-05-19,6,18200,2023-05-25,12:35,0.26,188.4,182.55,-5.85,-439.0,SL,-5.85
2023-05-22,3,18200,2023-05-25,13:15,0.477,184.8,179.2,-5.6,-420.0,SL,-2.5
2023-05-23,2,18350,2023-05-25,13:00,0.216,137.25,135.15,-2.1,-158.0,SL,-0.55
2023-05-25,0,18250,2023-05-25,13:40,0.127,54.35,51.8,-2.55,-191.0,SL,-0.2
2023-05-26,6,18350,2023-06-01,12:30,0.299,205.0,202.3,-2.7,-202.0,SL,0.0
2023-05-30,2,18600,2023-06-01,14:35,0.05,127.8,124.75,-3.05,-229.0,SL,-0.7
2023-05-31,1,18600,2023-06-01,12:30,0.518,137.5,133.35,-4.15,-311.0,SL,-4.4
2023-06-01,0,18600,2023-06-01,13:05,0.157,68.75,64.5,-4.25,-319.0,SL,0.0
2023-06-02,6,18550,2023-06-08,13:45,0.153,179.75,178.3,-1.45,-109.0,SL,0.0
2023-06-07,1,18650,2023-06-08,12:45,0.039,89.55,88.35,20.0,1500.0,EOD,-0.9
2023-06-08,0,18750,2023-06-08,12:30,0.152,66.45,63.15,-3.3,-248.0,SL,-6.75
2023-06-09,6,18650,2023-06-15,12:45,0.189,170.3,167.9,-2.4,-180.0,SL,2.95
2023-06-13,2,18650,2023-06-15,13:15,0.314,134.5,131.65,-2.85,-214.0,SL,0.0
2023-06-15,0,18800,2023-06-15,12:30,0.221,80.3,74.75,-5.55,-416.0,SL,-4.35
2023-06-16,6,18750,2023-06-22,14:00,0.168,165.05,164.2,19.65,1474.0,EOD,-1.0
2023-06-19,3,18900,2023-06-22,12:40,0.484,158.1,157.3,-0.8,-60.0,SL,-0.85
2023-06-20,2,18750,2023-06-22,13:30,0.184,121.85,118.0,-3.85,-289.0,SL,0.0
2023-06-22,0,18850,2023-06-22,12:45,0.193,65.3,62.3,-3.0,-225.0,SL,0.0
2023-06-26,2,18700,2023-06-28,13:10,0.03,143.8,141.2,-2.6,-195.0,SL,-0.15
2023-06-27,1,18750,2023-06-28,14:55,0.021,94.5,89.45,-0.5,-38.0,EOD,0.0
2023-06-28,0,18900,2023-06-28,12:50,0.433,88.55,82.35,-6.2,-465.0,SL,-0.1
2023-06-30,6,19050,2023-07-06,12:30,0.349,192.35,191.45,23.65,1774.0,EOD,24.15
2023-07-03,3,19250,2023-07-06,12:30,0.262,171.15,170.2,-0.95,-71.0,SL,-2.95
2023-07-04,2,19400,2023-07-06,13:40,0.117,135.85,135.5,-0.35,-26.0,SL,-1.0
2023-07-05,1,19400,2023-07-06,14:40,0.035,107.75,101.15,-6.6,-495.0,SL,-0.1
2023-07-06,0,19400,2023-07-06,14:20,0.312,92.9,73.45,-19.45,-1459.0,SL,0.0
2023-07-07,6,19450,2023-07-13,12:30,0.395,201.7,199.1,-2.6,-195.0,SL,-3.2
2023-07-10,3,19400,2023-07-13,14:45,0.191,151.15,149.1,-2.05,-154.0,SL,-0.05
2023-07-12,1,19500,2023-07-13,15:00,0.48,105.05,100.85,20.1,1507.0,EOD,-1.7
2023-07-13,0,19450,2023-07-13,15:00,0.301,61.4,54.45,-6.95,-521.0,SL,-6.1
2023-07-14,6,19500,2023-07-20,13:15,0.094,175.85,172.2,-3.65,-274.0,SL,0.0
2023-07-17,3,19600,2023-07-20,12:30,0.286,165.6,163.85,-1.75,-131.0,SL,-0.3
2023-07-18,2,19800,2023-07-20,13:05,0.296,165.0,161.25,-3.75,-281.0,SL,0.0
2023-07-20,0,19850,2023-07-20,12:55,0.182,82.35,73.55,46.95,3521.0,EOD,57.85
2023-07-21,6,19800,2023-07-27,15:00,0.226,220.15,216.95,-3.2,-240.0,SL,0.0
2023-07-24,3,19750,2023-07-27,15:00,0.165,184.0,179.3,-0.4,-30.0,EOD,0.0
2023-07-25,2,19700,2023-07-27,13:25,0.116,155.7,153.3,-2.4,-180.0,SL,0.0
2023-07-28,6,19700,2023-08-03,13:40,0.485,214.9,213.05,-1.85,-139.0,SL,-3.8
2023-07-31,3,19650,2023-08-03,13:30,0.075,177.6,174.6,-3.0,-225.0,SL,-0.9
2023-08-01,2,19800,2023-08-03,12:35,0.357,148.15,146.75,-1.4,-105.0,SL,-0.8
2023-08-03,0,19450,2023-08-03,12:40,0.32,87.05,81.3,-5.75,-431.0,SL,-3.65
2023-08-04,6,19450,2023-08-10,14:40,0.275,193.4,188.9,-4.5,-338.0,SL,-0.05
2023-08-07,3,19550,2023-08-10,12:50,0.026,159.9,158.15,-1.75,-131.0,SL,-0.15
2023-08-08,2,19650,2023-08-10,12:40,0.326,153.25,148.0,-5.25,-394.0,SL,-0.65
2023-08-10,0,19600,2023-08-10,13:30,0.302,78.5,72.2,-6.3,-473.0,SL,-6.65
2023-08-11,6,19550,2023-08-17,14:50,0.575,176.6,173.55,-3.05,-229.0,SL,0.0
2023-08-14,3,19400,2023-08-17,14:55,0.083,146.4,145.75,-0.65,-49.0,SL,-1.35
2023-08-16,1,19400,2023-08-17,15:05,0.013,110.5,101.6,-8.9,-668.0,SL,-0.75
2023-08-17,0,19450,2023-08-17,12:35,0.532,102.3,97.25,-5.05,-379.0,SL,-5.05
2023-08-18,6,19300,2023-08-24,13:10,0.091,178.65,177.05,-1.6,-120.0,SL,-0.8
2023-08-21,3,19300,2023-08-24,12:40,0.346,161.75,159.0,-2.75,-206.0,SL,-1.0
2023-08-22,2,19400,2023-08-24,14:30,0.033,116.5,115.8,-0.7,-52.0,SL,-0.3
2023-08-24,0,19550,2023-08-24,12:45,0.491,98.25,96.05,64.7,4852.0,EOD,0.0
2023-08-25,6,19300,2023-08-31,14:15,0.094,184.55,180.25,-4.3,-322.0,SL,0.0
2023-08-29,2,19400,2023-08-31,14:15,0.103,126.6,121.2,-5.4,-405.0,SL,-0.8
2023-08-30,1,19450,2023-08-31,12:50,0.043,88.6,87.15,-1.45,-109.0,SL,-0.2
2023-08-31,0,19400,2023-08-31,12:35,0.388,128.05,122.1,-5.95,-446.0,SL,-5.95
2023-09-01,6,19250,2023-09-07,12:30,0.367,203.6,201.75,43.95,3296.0,EOD,41.95
2023-09-06,1,19600,2023-09-07,12:35,0.244,98.45,96.75,-1.7,-128.0,SL,-1.4
2023-09-07,0,19600,2023-09-07,13:15,0.022,44.55,42.2,82.6,6195.0,EOD,88.05
2023-09-08,6,19800,2023-09-14,12:30,0.162,182.8,182.2,-0.6,-45.0,SL,-0.7
2023-09-11,3,19900,2023-09-14,12:30,0.28,173.6,170.05,-3.55,-266.0,SL,0.0
2023-09-13,1,20000,2023-09-14,12:45,0.311,130.65,126.85,-3.8,-285.0,SL,-0.5
2023-09-14,0,20150,2023-09-14,12:30,0.351,115.6,112.6,-3.0,-225.0,SL,-3.0
2023-09-15,6,20150,2023-09-21,14:15,0.082,189.85,188.35,-1.5,-112.0,SL,0.0
2023-09-20,1,20000,2023-09-21,13:40,0.25,120.35,119.35,-1.0,-75.0,SL,-0.45
2023-09-21,0,19850,2023-09-21,13:00,0.563,127.3,115.1,-12.2,-915.0,SL,-2.25
2023-09-22,6,19750,2023-09-28,12:35,0.095,195.55,193.0,-2.55,-191.0,SL,-2.3
2023-09-25,3,19700,2023-09-28,12:40,0.012,165.55,164.5,-1.05,-79.0,SL,-9.4
2023-09-26,2,19700,2023-09-28,12:40,0.068,136.95,134.7,-2.25,-169.0,SL,-2.1
2023-09-27,1,19650,2023-09-28,14:50,0.034,115.5,113.2,-2.3,-173.0,SL,-0.35
2023-09-29,6,19600,2023-10-05,12:35,0.462,201.7,198.55,-3.15,-236.0,SL,-2.2
2023-10-03,2,19600,2023-10-05,14:10,0.474,145.65,138.85,-6.8,-510.0,SL,-3.15
2023-10-04,1,19450,2023-10-05,12:30,0.518,132.1,129.6,-2.5,-188.0,SL,0.0
2023-10-06,6,19600,2023-10-12,13:10,0.039,181.15,179.0,-2.15,-161.0,SL,-0.9
2023-10-09,3,19550,2023-10-12,14:20,0.083,173.25,169.5,-3.75,-281.0,SL,0.0
2023-10-10,2,19600,2023-10-12,12:35,0.422,169.0,165.2,-3.8,-285.0,SL,0.0
2023-10-11,1,19750,2023-10-12,14:35,0.166,121.35,119.0,-2.35,-176.0,SL,-2.15
2023-10-12,0,19850,2023-10-12,15:05,0.066,57.2,51.55,-5.65,-424.0,SL,0.0
2023-10-13,6,19700,2023-10-19,12:30,0.144,189.1,187.25,0.1,7.0,EOD,-0.25
2023-10-16,3,19750,2023-10-19,14:50,0.126,165.3,163.95,0.25,19.0,EOD,-1.75
2023-10-17,2,19850,2023-10-19,12:50,0.123,133.1,132.05,-1.05,-79.0,SL,0.0
2023-10-19,0,19550,2023-10-19,12:30,0.418,109.15,103.8,-5.35,-401.0,SL,-1.2
2023-10-20,6,19550,2023-10-26,12:40,0.104,195.65,192.05,-3.6,-270.0,SL,-0.45
2023-10-23,3,19550,2023-10-26,12:30,0.378,184.55,182.4,119.9,8993.0,EOD,0.0
2023-10-25,1,19300,2023-10-26,12:30,0.592,155.75,146.5,31.45,2359.0,EOD,16.25
2023-10-27,6,18950,2023-11-02,13:35,0.424,247.05,245.55,-1.5,-112.0,SL,-2.65
2023-10-30,3,19050,2023-11-02,12:45,0.215,201.65,198.35,-3.3,-247.0,SL,-3.6
2023-11-01,1,19100,2023-11-02,12:45,0.192,129.0,126.9,-2.1,-157.0,SL,22.25
2023-11-02,0,19150,2023-11-02,12:35,0.218,73.3,72.45,-0.85,-64.0,SL,0.0
2023-11-03,6,19250,2023-11-09,14:50,0.012,184.05,181.75,-2.3,-173.0,SL,-0.1
2023-11-06,3,19350,2023-11-09,13:40,0.021,144.35,143.9,-0.45,-34.0,SL,-0.3
2023-11-07,2,19400,2023-11-09,12:30,0.29,130.1,129.0,-1.1,-83.0,SL,0.0
2023-11-09,0,19450,2023-11-09,13:45,0.12,40.7,30.4,-10.3,-773.0,SL,-0.05
2023-11-10,6,19350,2023-11-16,12:40,0.142,174.55,173.05,-1.5,-113.0,SL,-0.2
2023-11-13,3,19500,2023-11-16,15:15,0.24,126.1,124.35,2.2,165.0,EOD,-2.2
2023-11-15,1,19650,2023-11-16,13:15,0.098,89.6,85.45,-0.45,-34.0,EOD,-0.05
2023-11-17,6,19700,2023-11-23,12:45,0.399,215.25,214.3,-0.95,-71.0,SL,-2.45
2023-11-20,3,19750,2023-11-23,15:20,0.278,167.65,165.5,-2.15,-161.0,SL,-0.55
2023-11-21,2,19800,2023-11-23,12:50,0.214,135.75,134.6,-1.15,-86.0,SL,0.0
2023-11-22,1,19800,2023-11-23,12:45,0.377,115.5,114.05,-1.45,-109.0,SL,-0.7
2023-11-23,0,19850,2023-11-23,14:50,0.104,51.25,45.8,-5.45,-409.0,SL,-9.4
2023-11-28,2,19850,2023-11-30,14:20,0.066,123.45,121.1,26.85,2014.0,EOD,-0.15
2023-11-29,1,20000,2023-11-30,12:40,0.273,115.15,112.55,48.75,3656.0,EOD,52.45
2023-11-30,0,20150,2023-11-30,12:30,0.381,97.95,95.75,-2.2,-165.0,SL,0.0
2023-12-01,6,20200,2023-12-07,13:00,0.428,269.95,268.7,-1.25,-94.0,SL,-0.85
2023-12-04,3,20600,2023-12-07,13:15,0.125,181.2,178.95,42.8,3210.0,EOD,46.6
2023-12-05,2,20800,2023-12-07,15:05,0.153,175.1,172.6,-2.5,-188.0,SL,0.0
2023-12-06,1,20950,2023-12-07,12:35,0.041,134.85,127.5,-7.35,-551.0,SL,-7.35
2023-12-07,0,20950,2023-12-07,14:50,0.128,50.95,45.45,-2.05,-154.0,EOD,-7.15
2023-12-08,6,20950,2023-12-14,13:40,0.102,220.35,214.3,-6.05,-454.0,SL,-0.3
2023-12-11,3,21000,2023-12-14,12:30,0.053,187.35,184.55,-2.8,-210.0,SL,-0.85
2023-12-12,2,21000,2023-12-14,12:55,0.085,163.6,160.45,-3.15,-236.0,SL,0.0
2023-12-14,0,21100,2023-12-14,12:40,0.217,67.5,65.35,-2.15,-161.0,SL,-2.65
2023-12-15,6,21300,2023-12-21,12:30,0.14,228.95,226.75,76.65,5749.0,EOD,0.0
2023-12-18,3,21450,2023-12-21,14:30,0.012,210.6,209.15,-1.45,-109.0,SL,-1.95
2023-12-20,1,21550,2023-12-21,12:30,0.206,129.1,125.05,-4.05,-304.0,SL,0.0
2023-12-22,6,21300,2023-12-28,14:40,0.151,296.35,281.35,-15.0,-1125.0,SL,0.0
2023-12-27,1,21500,2023-12-28,14:40,0.106,163.45,151.1,57.75,4331.0,EOD,-0.55
2023-12-28,0,21700,2023-12-28,12:45,0.212,100.15,97.35,-2.8,-210.0,SL,0.0
2024-01-01,10,21750,2024-01-11,14:00,0.083,391.4,385.6,-5.8,-435.0,SL,-0.6
2024-01-02,9,21750,2024-01-11,13:20,0.563,371.85,369.05,-2.8,-210.0,SL,0.0
2024-01-04,7,21600,2024-01-11,12:30,0.25,284.25,281.9,-2.35,-176.0,SL,0.0
2024-01-05,6,21700,2024-01-11,14:05,0.096,233.35,230.75,-2.6,-195.0,SL,0.0
2024-01-09,2,21650,2024-01-11,12:55,0.227,181.35,179.15,-2.2,-165.0,SL,-1.35
2024-01-10,1,21550,2024-01-11,12:45,0.096,149.7,141.6,-8.1,-607.0,SL,-1.5
2024-01-11,0,21700,2024-01-11,13:35,0.118,58.6,53.95,-4.65,-349.0,SL,-1.75
2024-01-12,13,21800,2024-01-25,12:30,0.177,413.8,412.55,-1.25,-94.0,SL,-0.4
2024-01-15,10,22050,2024-01-25,12:45,0.105,395.55,394.8,-0.75,-56.0,SL,0.0
2024-01-16,9,22100,2024-01-25,13:35,0.001,374.6,370.65,-3.95,-296.0,SL,-1.3
2024-01-17,8,21650,2024-01-25,12:30,0.093,416.7,408.2,-8.5,-638.0,SL,-1.4
2024-01-18,7,21450,2024-01-25,12:50,0.393,371.35,362.4,-8.95,-671.0,SL,0.0
2024-01-19,6,21600,2024-01-25,14:15,0.041,301.25,298.75,-2.5,-188.0,SL,0.0
2024-01-24,1,21200,2024-01-25,13:15,0.262,241.15,236.15,-5.0,-375.0,SL,-4.0
2024-01-30,16,21800,2024-02-15,14:10,0.354,624.8,618.2,-6.6,-495.0,SL,-0.9
2024-02-05,10,21900,2024-02-15,14:45,0.047,456.7,442.95,-13.75,-1031.0,SL,-0.7
2024-02-06,9,21850,2024-02-15,12:35,0.228,450.4,442.6,-7.8,-585.0,SL,-7.8
2024-02-13,2,21650,2024-02-15,13:35,0.163,243.65,236.1,-7.55,-566.0,SL,0.0
2024-02-14,1,21600,2024-02-15,12:30,0.365,176.6,168.95,-7.65,-574.0,SL,-2.6
2024-02-15,0,21900,2024-02-15,13:45,0.3,87.4,74.9,-12.5,-938.0,SL,-13.9
2024-02-16,6,22000,2024-02-22,12:55,0.035,327.0,324.4,-2.6,-195.0,SL,-1.0
2024-02-19,3,22100,2024-02-22,12:35,0.167,288.05,285.85,-2.2,-165.0,SL,-1.9
2024-02-20,2,22100,2024-02-22,15:15,0.231,241.9,238.7,0.1,8.0,EOD,-1.3
2024-02-21,1,22250,2024-02-22,13:50,0.07,168.35,151.2,113.65,8524.0,EOD,0.0
2024-02-27,2,22100,2024-02-29,12:50,0.161,248.8,239.2,-9.6,-720.0,SL,0.0
2024-03-06,1,22350,2024-03-07,14:00,0.286,163.0,157.7,38.15,2861.0,EOD,-1.55
2024-03-12,2,22350,2024-03-14,14:05,0.158,215.0,212.65,-2.35,-176.0,SL,-1.6
2024-03-18,3,22000,2024-03-21,13:10,0.381,276.25,272.9,-3.35,-251.0,SL,-1.1
2024-03-19,2,21950,2024-03-21,14:15,0.527,238.75,234.55,-4.2,-315.0,SL,0.0
2024-03-26,2,22000,2024-03-28,12:55,0.278,236.3,231.75,-4.55,-341.0,SL,-0.5
2024-03-27,1,22050,2024-03-28,13:40,0.43,185.85,182.4,-3.45,-259.0,SL,-2.7
2024-04-02,2,22450,2024-04-04,14:05,0.178,177.15,173.5,-3.65,-274.0,SL,-0.8
2024-04-03,1,22400,2024-04-04,12:30,0.348,149.85,147.85,-2.0,-150.0,SL,-1.35
2024-04-08,10,22600,2024-04-18,12:30,0.356,348.45,347.1,-1.35,-101.0,SL,-0.45
2024-04-12,13,22700,2024-04-25,12:40,0.288,370.6,364.9,-5.7,-427.0,SL,13.0
2024-04-16,9,22150,2024-04-25,14:55,0.011,347.3,344.2,-3.1,-232.0,SL,-1.8
2024-04-18,7,22250,2024-04-25,12:40,0.382,301.3,298.55,-2.75,-206.0,SL,0.0
2024-04-22,3,22350,2024-04-25,12:55,0.224,259.25,255.35,-3.9,-293.0,SL,-1.9
2024-04-23,2,22450,2024-04-25,13:10,0.174,186.35,183.9,-2.45,-184.0,SL,-1.0
2024-04-24,1,22450,2024-04-25,14:35,0.119,131.05,124.65,-6.4,-480.0,SL,-0.45
2024-04-25,0,22350,2024-04-25,13:00,0.317,137.65,112.65,84.45,6334.0,EOD,-0.7
2024-04-26,6,22600,2024-05-02,12:40,0.417,268.35,267.2,-1.15,-86.0,SL,0.0
2024-04-29,3,22500,2024-05-02,12:40,0.35,242.1,238.35,15.6,1170.0,EOD,-2.3
2024-04-30,2,22700,2024-05-02,12:30,0.273,181.2,180.15,-1.05,-79.0,SL,-1.8
2024-05-02,0,22600,2024-05-02,12:30,0.495,142.75,129.1,-13.65,-1024.0,SL,0.0
2024-05-06,3,22550,2024-05-09,12:50,0.376,271.1,264.0,-7.1,-533.0,SL,-2.85
2024-05-08,1,22250,2024-05-09,12:45,0.349,200.65,192.8,-7.85,-589.0,SL,0.0
2024-05-09,0,22250,2024-05-09,12:40,0.446,135.0,114.75,158.05,11854.0,EOD,0.0
2024-05-13,3,22050,2024-05-16,14:40,0.068,261.8,261.25,-0.55,-41.0,SL,-1.7
2024-05-14,2,22150,2024-05-16,13:30,0.245,220.0,215.7,-4.3,-323.0,SL,-0.2
2024-05-15,1,22250,2024-05-16,12:50,0.276,174.8,170.2,-4.6,-345.0,SL,-1.0
2024-05-21,2,22450,2024-05-23,12:35,0.387,234.05,229.9,-4.15,-311.0,SL,-4.15
2024-05-24,6,22950,2024-05-30,13:00,0.169,335.2,328.9,-6.3,-473.0,SL,-0.75
2024-05-27,3,23050,2024-05-30,12:30,0.237,299.65,295.85,-3.8,-285.0,SL,0.0
2024-05-28,2,23000,2024-05-30,14:35,0.266,230.45,227.35,-3.1,-232.0,SL,-1.3
2024-05-30,0,22650,2024-05-30,13:30,0.374,117.7,105.6,-12.1,-907.0,SL,0.0
2024-05-31,6,22550,2024-06-06,13:10,0.19,777.8,772.25,77.2,5790.0,EOD,0.0
2024-06-03,3,23350,2024-06-06,13:10,0.439,602.55,597.55,122.35,9176.0,EOD,134.5
2024-06-06,0,22800,2024-06-06,13:05,0.143,189.35,164.35,-25.0,-1875.0,SL,-3.6
2024-06-10,3,23300,2024-06-13,15:25,0.032,349.6,348.2,-1.4,-105.0,SL,-0.15
2024-06-11,2,23300,2024-06-13,13:35,0.164,265.45,254.25,-11.2,-840.0,SL,-0.05
2024-06-13,0,23500,2024-06-13,14:25,0.301,123.5,121.65,-1.85,-139.0,SL,-6.35
2024-06-14,13,23450,2024-06-27,14:50,0.143,374.5,372.95,-1.55,-116.0,SL,-0.4
2024-06-18,9,23550,2024-06-27,15:10,0.211,323.5,320.85,6.9,517.0,EOD,0.0
2024-06-19,8,23650,2024-06-27,13:35,0.328,326.55,321.9,-4.65,-349.0,SL,0.0
2024-06-21,6,23650,2024-06-27,12:30,0.51,271.1,266.7,-4.4,-330.0,SL,-3.0
2024-06-25,2,23600,2024-06-27,12:35,0.213,209.2,200.3,27.8,2085.0,EOD,27.8
2024-06-26,1,23750,2024-06-27,12:45,0.398,202.35,200.3,-2.05,-154.0,SL,-6.0
2024-06-27,0,23900,2024-06-27,12:35,0.412,149.35,141.25,-8.1,-607.0,SL,-8.1
2024-07-01,3,24050,2024-07-04,12:55,0.298,273.05,269.75,-3.3,-247.0,SL,-4.25
2024-07-02,2,24250,2024-07-04,12:40,0.344,236.0,217.55,-18.45,-1384.0,SL,-0.2
2024-07-04,0,24350,2024-07-04,13:50,0.092,50.05,39.8,-10.25,-769.0,SL,-0.3
2024-07-05,6,24200,2024-07-11,13:00,0.275,276.2,272.45,-3.75,-281.0,SL,-2.8
2024-07-09,2,24350,2024-07-11,13:05,0.182,190.2,182.65,-3.25,-244.0,EOD,-0.5
2024-07-12,6,24400,2024-07-18,12:40,0.418,271.25,267.9,-3.35,-251.0,SL,0.0
2024-07-15,3,24600,2024-07-18,13:10,0.075,205.65,204.05,-1.6,-120.0,SL,-0.3
2024-07-18,0,24550,2024-07-18,12:40,0.261,133.35,128.9,-4.45,-334.0,SL,116.35
2024-07-22,3,24450,2024-07-25,14:55,0.15,434.25,431.25,-3.0,-225.0,SL,0.0
2024-07-24,1,24450,2024-07-25,12:30,0.456,245.35,239.9,-5.45,-409.0,SL,-5.6
2024-07-25,0,24250,2024-07-25,12:35,0.549,136.05,133.25,-2.8,-210.0,SL,-0.7
2024-07-29,3,24950,2024-08-01,12:35,0.382,253.75,248.1,-5.65,-424.0,SL,-5.65
2024-07-30,2,24850,2024-08-01,12:35,0.409,226.05,222.65,-3.4,-255.0,SL,0.0
2024-07-31,1,24900,2024-08-01,13:30,0.272,179.85,178.35,-1.5,-112.0,SL,0.0
2024-08-01,0,25050,2024-08-01,12:30,0.224,84.35,76.0,-8.35,-626.0,SL,0.0
2024-08-02,6,24850,2024-08-08,12:30,0.252,309.15,304.3,-4.85,-364.0,SL,-4.35
2024-08-06,2,24200,2024-08-08,13:40,0.024,295.25,274.95,0.35,26.0,EOD,0.0
2024-08-07,1,24300,2024-08-08,12:55,0.149,210.6,204.5,-6.1,-457.0,SL,-1.85
2024-08-08,0,24250,2024-08-08,13:10,0.282,177.2,152.2,-25.0,-1875.0,SL,0.0
2024-08-09,5,24400,2024-08-14,14:50,0.12,293.1,290.35,-2.75,-206.0,SL,-0.9
2024-08-12,2,24300,2024-08-14,13:35,0.265,271.9,270.0,-1.9,-143.0,SL,-5.95
2024-08-13,1,24350,2024-08-14,12:45,0.297,202.85,199.85,-3.0,-225.0,SL,40.75
2024-08-14,0,24200,2024-08-14,14:40,0.154,62.9,52.55,-6.7,-503.0,EOD,-1.8
2024-08-16,6,24350,2024-08-22,12:55,0.345,296.1,292.65,42.95,3221.0,EOD,0.0
2024-08-19,3,24650,2024-08-22,12:30,0.32,242.35,238.9,-3.45,-259.0,SL,-2.55
2024-08-20,2,24650,2024-08-22,13:00,0.233,193.25,190.4,-2.85,-214.0,SL,-0.5
2024-08-22,0,24850,2024-08-22,13:05,0.149,58.0,45.7,-12.3,-922.0,SL,0.0
2024-08-23,6,24850,2024-08-29,14:50,0.06,249.25,244.75,11.1,832.0,EOD,-0.25
2024-08-26,3,24900,2024-08-29,12:35,0.361,249.7,243.4,-6.3,-473.0,SL,-6.3
2024-08-27,2,25050,2024-08-29,14:50,0.053,162.5,158.9,-3.6,-270.0,SL,0.0
2024-08-28,1,25000,2024-08-29,12:30,0.316,170.95,168.05,-2.9,-217.0,SL,0.0
2024-08-29,0,25050,2024-08-29,12:30,0.393,127.4,102.4,-25.0,-1875.0,SL,-12.0
2024-08-30,6,25250,2024-09-05,14:00,0.098,251.55,247.8,-3.75,-281.0,SL,-0.2
2024-09-02,3,25350,2024-09-05,12:45,0.173,224.65,216.7,-7.95,-596.0,SL,-0.35
2024-09-03,2,25300,2024-09-05,15:25,0.187,170.3,168.3,-2.0,-150.0,SL,-0.1
2024-09-04,1,25100,2024-09-05,13:15,0.095,150.8,148.4,-2.4,-180.0,SL,-0.85
2024-09-05,0,25250,2024-09-05,13:25,0.33,94.8,91.1,-3.7,-277.0,SL,-0.9
2024-09-09,3,24850,2024-09-12,13:30,0.106,246.1,239.3,-6.8,-510.0,SL,0.0
2024-09-10,2,25000,2024-09-12,12:55,0.11,187.9,182.9,-5.0,-375.0,SL,-0.75
2024-09-11,1,25050,2024-09-12,13:40,0.224,147.2,144.8,42.15,3161.0,EOD,-1.85
2024-09-12,0,25050,2024-09-12,12:45,0.255,149.8,144.9,-4.9,-368.0,SL,-0.55
2024-09-17,9,25400,2024-09-26,12:40,0.037,383.5,382.95,-0.55,-41.0,SL,-1.35
2024-09-18,8,25400,2024-09-26,12:35,0.296,417.15,414.5,-2.65,-199.0,SL,-1.4
2024-09-23,3,25900,2024-09-26,14:40,0.032,256.1,252.4,-3.7,-277.0,SL,-1.1
2024-09-25,1,25900,2024-09-26,15:10,0.132,156.7,153.15,-3.55,-266.0,SL,0.0
2024-09-26,0,26000,2024-09-26,12:40,0.271,157.8,153.05,-4.75,-356.0,SL,0.0
2024-10-01,2,25850,2024-10-03,12:45,0.151,189.3,184.0,-5.3,-397.0,SL,0.0
2024-10-03,0,25450,2024-10-03,13:20,0.294,124.95,115.9,75.0,5625.0,EOD,-1.6
2024-10-08,2,24850,2024-10-10,13:40,0.245,308.95,300.6,-8.35,-626.0,SL,-0.15
2024-10-10,0,25100,2024-10-10,14:45,0.156,95.6,92.0,5.7,428.0,EOD,-0.8
2024-10-11,6,25000,2024-10-17,15:25,0.124,288.4,285.55,1.65,124.0,EOD,0.0
2024-10-15,2,25200,2024-10-17,13:00,0.538,245.85,237.65,-8.2,-615.0,SL,0.0
2024-10-16,1,25000,2024-10-17,12:40,0.286,175.9,171.95,-3.95,-296.0,SL,-7.85
2024-10-24,0,24450,2024-10-24,14:20,0.167,61.5,55.6,-5.9,-443.0,SL,0.0
2024-10-29,2,24350,2024-10-31,14:15,0.332,217.2,214.7,-2.5,-187.0,SL,-1.35
2024-10-30,1,24400,2024-10-31,14:15,0.164,172.1,160.5,-11.6,-870.0,SL,0.0
2024-10-31,0,24350,2024-10-31,12:40,0.541,147.45,145.7,-1.75,-131.0,SL,-6.5
2024-11-05,2,23950,2024-11-07,14:00,0.252,373.0,370.75,-2.25,-169.0,SL,0.0
2024-11-06,1,24300,2024-11-07,13:30,0.478,216.9,207.15,-9.75,-731.0,SL,-4.5
2024-11-08,6,24200,2024-11-14,15:20,0.408,296.2,291.65,-1.35,-101.0,EOD,0.0
2024-11-12,2,24250,2024-11-14,12:40,0.528,252.4,245.5,164.25,12319.0,EOD,-3.5
2024-11-13,1,23850,2024-11-14,12:45,0.577,233.5,225.65,-7.85,-589.0,SL,0.0
2024-11-14,0,23550,2024-11-14,15:05,0.054,36.1,24.9,-11.2,-840.0,SL,-1.75
2024-11-18,3,23600,2024-11-21,14:25,0.204,261.55,255.95,-5.6,-420.0,SL,-1.25
2024-11-25,3,24250,2024-11-28,12:55,0.087,303.2,290.85,-12.35,-926.0,SL,-0.5
2024-11-27,1,24250,2024-11-28,12:30,0.066,173.55,171.9,-1.65,-124.0,SL,-8.15
2024-12-02,3,24150,2024-12-05,12:30,0.093,340.05,323.15,10.75,806.0,EOD,-3.05
2024-12-03,2,24400,2024-12-05,13:15,0.108,275.6,274.15,-1.45,-109.0,SL,-1.3
2024-12-04,1,24500,2024-12-05,12:45,0.087,252.15,241.7,-10.45,-784.0,SL,0.0
2024-12-05,0,24500,2024-12-05,14:15,0.38,309.4,284.4,-25.0,-1875.0,SL,-10.1
2024-12-09,3,24650,2024-12-12,14:15,0.106,305.65,302.75,-2.9,-217.0,SL,-3.25
2024-12-10,2,24650,2024-12-12,12:30,0.167,260.8,257.2,-3.6,-270.0,SL,-5.8
2024-12-12,0,24600,2024-12-12,12:40,0.201,82.2,76.8,-5.4,-405.0,SL,-0.6
2024-12-13,6,24500,2024-12-19,13:00,0.278,392.5,373.25,-19.25,-1444.0,SL,0.0
2024-12-18,1,24300,2024-12-19,12:45,0.391,205.5,200.4,-5.1,-383.0,SL,-5.4
2024-12-20,6,24000,2024-12-26,12:45,0.543,387.7,370.45,85.35,6401.0,EOD,0.0
2024-12-23,3,23750,2024-12-26,13:00,0.053,224.1,218.0,-6.1,-458.0,SL,-1.05
2024-12-30,3,23800,2025-01-02,12:40,0.142,281.0,280.45,-0.55,-41.0,SL,-0.95
2024-12-31,2,23550,2025-01-02,12:30,0.204,296.8,293.4,-3.4,-255.0,SL,-3.05
2025-01-03,6,24200,2025-01-09,14:00,0.534,343.8,325.5,13.65,1024.0,EOD,0.0
2025-01-09,0,23700,2025-01-09,12:30,0.52,161.75,136.75,11.8,885.0,EOD,0.0
2025-01-10,6,23550,2025-01-16,14:15,0.213,342.1,328.55,-13.55,-1016.0,SL,-1.65
2025-01-13,3,23200,2025-01-16,14:35,0.055,291.65,280.0,-11.65,-874.0,SL,0.0
2025-01-14,2,23150,2025-01-16,14:20,0.004,195.1,193.1,-2.0,-150.0,SL,-0.7
2025-01-15,1,23250,2025-01-16,13:20,0.12,129.6,117.6,-12.0,-900.0,SL,-0.1
2025-01-16,0,23400,2025-01-16,14:30,0.333,107.35,105.3,-2.05,-154.0,SL,0.0
2025-01-17,6,23250,2025-01-23,12:30,0.202,403.55,398.3,-5.25,-394.0,SL,-2.05
2025-01-20,3,23300,2025-01-23,13:15,0.151,302.85,299.4,-3.45,-259.0,SL,-0.15
2025-01-22,1,23100,2025-01-23,13:35,0.389,161.75,155.5,-6.25,-469.0,SL,0.0
2025-01-23,0,23150,2025-01-23,12:30,0.547,119.75,116.85,-2.9,-218.0,SL,-1.65
2025-01-24,6,23200,2025-01-30,14:40,0.32,346.45,336.8,-9.65,-724.0,SL,0.0
2025-01-27,3,22950,2025-01-30,12:55,0.078,338.45,331.85,-6.6,-495.0,SL,0.0
2025-01-28,2,22950,2025-01-30,13:15,0.156,309.35,303.6,-5.75,-431.0,SL,-5.2
2025-01-29,1,23000,2025-01-30,12:35,0.493,337.8,332.95,-4.85,-364.0,SL,-0.75
2025-01-30,0,23150,2025-01-30,12:35,0.468,211.0,199.2,-11.8,-885.0,SL,-9.2
2025-01-31,13,23300,2025-02-13,13:20,0.593,709.5,706.8,-2.7,-203.0,SL,-5.35
2025-02-03,10,23300,2025-02-13,13:05,0.145,451.95,446.4,-5.55,-416.0,SL,0.0
2025-02-04,9,23500,2025-02-13,12:30,0.34,476.05,472.35,-3.7,-277.0,SL,-3.25
2025-02-05,8,23800,2025-02-13,15:00,0.249,383.9,382.6,8.55,641.0,EOD,0.0
2025-02-07,6,23650,2025-02-13,14:05,0.251,321.75,318.55,-3.2,-240.0,SL,-2.8
2025-02-11,2,23350,2025-02-13,12:50,0.557,241.75,232.6,84.7,6352.0,EOD,0.0
2025-02-12,1,23050,2025-02-13,12:30,0.083,230.95,225.85,-5.1,-382.0,SL,-5.95
2025-02-17,10,22850,2025-02-27,12:55,0.029,483.3,479.35,-3.95,-296.0,SL,0.0
2025-02-25,2,22550,2025-02-27,14:35,0.204,123.85,122.8,-1.05,-79.0,SL,-0.45
2025-02-27,0,22600,2025-02-27,12:30,0.251,67.8,65.0,-2.8,-210.0,SL,-2.3
2025-03-03,3,22200,2025-03-06,15:15,0.587,237.25,236.1,-1.15,-86.0,SL,0.0
2025-03-04,2,22000,2025-03-06,14:00,0.394,195.85,191.45,14.15,1061.0,EOD,-2.3
2025-03-07,6,22500,2025-03-13,14:25,0.189,291.7,290.5,-1.2,-90.0,SL,0.0
2025-03-10,3,22550,2025-03-13,14:20,0.202,237.15,230.95,8.6,645.0,EOD,0.0
2025-03-11,2,22350,2025-03-13,12:35,0.457,248.5,246.65,-1.85,-139.0,SL,-1.15
2025-03-13,0,22550,2025-03-13,12:40,0.478,127.75,120.65,-7.1,-532.0,SL,-3.3
2025-03-17,3,22400,2025-03-20,13:55,0.398,251.7,246.65,7.1,532.0,EOD,-0.4
2025-03-18,2,22650,2025-03-20,13:30,0.376,242.35,240.55,-1.8,-135.0,SL,-1.05
2025-03-19,1,22900,2025-03-20,12:55,0.09,171.35,169.25,-2.1,-158.0,SL,-0.2
2025-03-20,0,23050,2025-03-20,13:10,0.189,79.65,66.45,61.35,4601.0,EOD,82.4
2025-03-25,2,23750,2025-03-27,15:15,0.271,216.15,211.3,9.9,742.0,EOD,-2.65
2025-03-26,1,23700,2025-03-27,13:00,0.4,183.55,181.5,46.5,3488.0,EOD,0.0
2025-03-28,6,23600,2025-04-03,14:00,0.342,272.7,266.9,-5.8,-435.0,SL,-13.85
2025-04-01,2,23350,2025-04-03,13:20,0.549,245.5,232.7,-12.8,-960.0,SL,0.0
2025-04-02,1,23200,2025-04-03,13:20,0.318,171.8,166.95,-4.85,-364.0,SL,-2.05
2025-04-07,2,21800,2025-04-09,12:30,0.23,670.5,664.05,-6.45,-484.0,SL,-10.7
2025-04-08,1,22450,2025-04-09,12:30,0.476,393.15,385.65,-7.5,-562.0,SL,-24.6
2025-04-15,2,23350,2025-04-17,15:15,0.038,200.9,192.45,-8.45,-634.0,SL,-0.85
2025-04-16,1,23350,2025-04-17,13:20,0.02,158.3,149.65,-8.65,-649.0,SL,0.0
2025-04-22,2,24200,2025-04-24,15:10,0.027,191.55,185.6,-5.95,-446.0,SL,0.0
2025-04-24,0,24300,2025-04-24,14:55,0.093,64.4,55.75,-8.65,-649.0,SL,-2.9
2025-04-30,0,24300,2025-04-30,14:55,0.075,72.0,53.35,-18.65,-1399.0,SL,-2.45
2025-05-05,3,24400,2025-05-08,14:55,0.184,216.9,211.25,-5.65,-424.0,SL,-0.05
2025-05-06,2,24500,2025-05-08,12:35,0.431,169.0,162.7,-6.3,-473.0,SL,-6.3
2025-05-08,0,24450,2025-05-08,13:15,0.112,66.95,61.65,109.25,8194.0,EOD,0.0
2025-05-14,1,24650,2025-05-15,12:50,0.072,213.3,198.55,-14.75,-1106.0,SL,0.0
2025-05-15,0,24700,2025-05-15,13:10,0.231,240.75,215.75,122.35,9176.0,EOD,-3.15
2025-05-16,6,25050,2025-05-22,14:30,0.312,351.0,348.45,-2.55,-191.0,SL,-1.05
2025-05-19,3,25000,2025-05-22,14:05,0.005,320.75,314.45,-6.3,-472.0,SL,-0.15
2025-05-20,2,25000,2025-05-22,12:30,0.512,276.25,270.8,67.8,5085.0,EOD,68.4
2025-05-21,1,24750,2025-05-22,13:20,0.049,251.75,247.6,-4.15,-311.0,SL,-1.95
2025-05-26,3,24900,2025-05-29,12:45,0.375,443.35,438.75,-4.6,-345.0,SL,-3.0
2025-05-27,2,24950,2025-05-29,12:30,0.502,438.0,434.4,-3.6,-270.0,SL,-2.85
2025-05-28,1,24850,2025-05-29,15:00,0.271,250.05,242.8,-7.25,-544.0,SL,0.0
2025-05-29,0,24850,2025-05-29,12:30,0.383,157.35,151.2,-6.15,-461.0,SL,-4.45
2025-05-30,6,24850,2025-06-05,12:35,0.373,420.65,418.5,-2.15,-161.0,SL,-1.55
2025-06-02,3,24700,2025-06-05,12:30,0.043,455.15,452.45,-2.7,-202.0,SL,-2.5
2025-06-04,1,24550,2025-06-05,13:55,0.066,164.1,160.2,-3.9,-293.0,SL,-1.35
2025-06-10,2,25200,2025-06-12,14:00,0.261,184.85,182.4,-2.45,-184.0,SL,0.0
2025-06-11,1,25100,2025-06-12,12:50,0.32,180.35,176.6,-3.75,-281.0,SL,0.0
2025-06-12,0,25150,2025-06-12,13:00,0.47,139.05,127.65,-11.4,-855.0,SL,0.0
2025-06-17,2,24950,2025-06-19,12:30,0.429,223.8,220.5,-3.3,-248.0,SL,0.0
2025-06-18,1,24800,2025-06-19,14:15,0.01,169.5,165.8,-3.7,-277.0,SL,-1.85
2025-06-19,0,24800,2025-06-19,14:00,0.014,37.65,25.05,-12.6,-945.0,SL,0.0
2025-06-23,3,24950,2025-06-26,13:20,0.059,284.05,277.2,-6.85,-514.0,SL,-1.05
2025-06-24,2,25200,2025-06-26,13:45,0.414,267.1,246.6,-20.5,-1538.0,SL,-0.8
2025-06-25,1,25150,2025-06-26,13:05,0.195,173.6,167.75,-5.85,-439.0,SL,0.0
2025-06-26,0,25250,2025-06-26,12:30,0.542,200.05,193.55,-6.5,-488.0,SL,0.0
2025-06-27,6,25550,2025-07-03,12:40,0.283,312.0,309.85,-2.15,-161.0,SL,0.0
2025-06-30,3,25650,2025-07-03,12:40,0.354,263.7,261.0,-2.7,-203.0,SL,5.3
2025-07-02,1,25600,2025-07-03,13:15,0.407,178.55,169.95,11.15,836.0,EOD,-1.7
2025-07-03,0,25500,2025-07-03,12:50,0.051,74.9,69.8,-5.1,-382.0,SL,-6.0
2025-07-07,3,25450,2025-07-10,14:05,0.005,233.2,227.6,-5.6,-420.0,SL,-0.65
2025-07-08,2,25450,2025-07-10,15:00,0.104,174.15,170.5,18.0,1350.0,EOD,0.0
2025-07-09,1,25500,2025-07-10,12:30,0.154,143.0,141.25,-1.75,-131.0,SL,-0.2
2025-07-10,0,25500,2025-07-10,13:55,0.397,121.6,114.8,-6.8,-510.0,SL,-2.5
2025-07-11,6,25250,2025-07-17,14:30,0.424,255.5,252.2,-3.3,-248.0,SL,0.0
2025-07-14,3,25150,2025-07-17,12:55,0.401,227.9,223.15,-4.75,-356.0,SL,-0.5
2025-07-15,2,25100,2025-07-17,12:35,0.469,204.3,200.15,-4.15,-311.0,SL,-1.0
2025-07-16,1,25200,2025-07-17,14:45,0.104,116.9,113.4,-3.5,-262.0,SL,-2.55
2025-07-17,0,25250,2025-07-17,13:15,0.217,76.9,75.4,-1.5,-112.0,SL,-0.2
2025-07-21,3,25050,2025-07-24,15:05,0.083,196.05,194.05,-2.0,-150.0,SL,-0.15
2025-07-22,2,25150,2025-07-24,14:25,0.259,155.5,148.15,-7.35,-551.0,SL,0.0
2025-07-23,1,25150,2025-07-24,13:55,0.111,117.55,113.8,2.4,180.0,EOD,0.0
2025-07-28,3,24800,2025-07-31,13:00,0.006,221.55,216.45,1.75,131.0,EOD,0.0
2025-07-29,2,24600,2025-07-31,12:40,0.315,211.1,205.6,-5.5,-412.0,SL,-0.5
2025-07-30,1,24850,2025-07-31,14:30,0.042,128.1,123.35,-4.75,-356.0,SL,0.0
2025-08-01,6,24750,2025-08-07,12:30,0.359,305.2,303.55,-1.65,-124.0,SL,22.85
2025-08-04,3,24600,2025-08-07,13:00,0.387,272.35,269.9,-2.45,-184.0,SL,-0.6
2025-08-05,2,24700,2025-08-07,13:40,0.26,202.35,199.1,-3.25,-244.0,SL,0.0
2025-08-06,1,24650,2025-08-07,14:30,0.146,146.85,140.5,13.35,1001.0,EOD,-0.7
2025-08-07,0,24450,2025-08-07,13:15,0.107,70.4,65.8,-4.6,-345.0,SL,-2.5
2025-08-08,6,24550,2025-08-14,14:30,0.477,279.0,273.7,-5.3,-397.0,SL,-2.85
2025-08-11,3,24350,2025-08-14,12:40,0.282,252.2,249.35,29.8,2235.0,EOD,34.45
2025-08-12,2,24550,2025-08-14,12:35,0.256,196.45,191.4,-5.05,-379.0,SL,-1.25
2025-08-13,1,24600,2025-08-14,12:45,0.056,142.95,140.55,-2.4,-180.0,SL,-4.1
2025-08-19,2,24900,2025-08-21,12:30,0.367,203.7,198.45,-5.25,-394.0,SL,-3.15
2025-08-20,1,24950,2025-08-21,12:35,0.255,157.3,155.35,-1.95,-146.0,SL,-0.25
2025-08-21,0,25150,2025-08-21,12:30,0.183,73.0,64.85,-8.15,-611.0,SL,-0.85
2025-08-22,6,25050,2025-08-28,12:40,0.583,242.1,237.25,-4.85,-364.0,SL,0.0
2025-08-25,3,24950,2025-08-28,13:50,0.091,174.7,170.45,-4.25,-319.0,SL,-0.75
2025-08-26,2,24900,2025-08-28,12:35,0.397,170.05,161.95,-8.1,-608.0,SL,-6.45
2025-08-28,0,24700,2025-08-28,12:35,0.435,124.0,116.25,-7.75,-581.0,SL,-4.45
2025-08-29,4,24500,2025-09-02,15:10,0.098,176.05,170.1,-5.95,-446.0,SL,-0.1
2025-09-01,1,24500,2025-09-02,12:35,0.396,143.6,139.25,-4.35,-326.0,SL,-4.35
2025-09-02,0,24700,2025-09-02,12:35,0.21,78.6,72.4,-6.2,-465.0,SL,-3.4
2025-09-03,6,24600,2025-09-09,12:35,0.051,241.55,238.0,-3.55,-266.0,SL,-3.55
2025-09-08,1,24800,2025-09-09,12:35,0.103,127.5,123.95,-3.55,-266.0,SL,-3.55
2025-09-11,5,24950,2025-09-16,12:30,0.253,214.7,211.0,-3.7,-277.0,SL,-3.4
2025-09-15,1,25150,2025-09-16,13:50,0.067,110.55,108.9,-1.65,-124.0,SL,0.0
2025-09-16,0,25100,2025-09-16,12:30,0.444,114.1,108.15,-5.95,-446.0,SL,-7.75
2025-09-17,6,25300,2025-09-23,12:30,0.184,224.1,223.15,-0.95,-71.0,SL,-2.45
2025-09-18,5,25450,2025-09-23,12:40,0.113,173.2,169.2,-4.0,-300.0,SL,-0.7
2025-09-19,4,25400,2025-09-23,12:50,0.497,167.2,163.6,-3.6,-270.0,SL,-3.7
2025-09-22,1,25250,2025-09-23,12:40,0.122,128.75,122.95,-5.8,-435.0,SL,-1.6
2025-09-23,0,25250,2025-09-23,14:55,0.267,67.15,49.9,13.4,1005.0,EOD,0.0
2025-09-24,6,25150,2025-09-30,13:15,0.176,216.85,214.45,-2.4,-180.0,SL,-0.4
2025-09-25,5,25050,2025-09-30,14:10,0.253,192.85,188.25,11.05,829.0,EOD,-0.6
2025-09-26,4,24800,2025-09-30,13:40,0.26,172.2,169.55,39.15,2936.0,EOD,-0.2
2025-09-29,1,24700,2025-09-30,14:20,0.271,136.1,131.5,-4.6,-345.0,SL,0.0
2025-09-30,0,24700,2025-09-30,14:10,0.141,80.3,71.45,-8.85,-664.0,SL,-0.25
2025-10-01,6,24650,2025-10-07,12:40,0.587,273.55,265.0,-8.55,-641.0,SL,-0.4
2025-10-03,4,24800,2025-10-07,14:40,0.173,164.2,155.9,9.65,724.0,EOD,-0.7
2025-10-06,1,24900,2025-10-07,12:35,0.312,161.3,158.25,45.75,3431.0,EOD,45.75
2025-10-07,0,25100,2025-10-07,12:55,0.325,86.25,78.45,-7.8,-585.0,SL,-4.6
2025-10-09,5,25050,2025-10-14,12:35,0.275,227.15,226.1,-1.05,-79.0,SL,-0.75
2025-10-13,1,25200,2025-10-14,14:50,0.014,130.2,128.9,-1.3,-98.0,SL,-1.1
2025-10-15,5,25200,2025-10-20,12:40,0.494,272.9,269.6,-3.3,-247.0,SL,-2.9
2025-10-16,4,25400,2025-10-20,12:30,0.382,227.35,224.2,40.15,3011.0,EOD,30.8
2025-10-20,0,25800,2025-10-20,12:50,0.121,101.2,98.15,-3.05,-229.0,SL,-2.0
2025-10-23,5,26050,2025-10-28,12:30,0.115,259.6,253.8,-5.8,-435.0,SL,-0.5
2025-10-24,4,25950,2025-10-28,12:55,0.388,205.3,201.1,17.95,1346.0,EOD,-0.7
2025-10-27,1,25850,2025-10-28,14:25,0.462,211.1,198.2,-12.9,-968.0,SL,-14.1
2025-10-28,0,25950,2025-10-28,13:55,0.275,91.15,81.25,-9.9,-742.0,SL,0.0
2025-10-30,5,26000,2025-11-04,13:30,0.378,259.1,255.55,-3.55,-266.0,SL,-4.25
2025-10-31,4,25850,2025-11-04,15:00,0.315,206.0,203.45,-2.55,-191.0,SL,-0.8
2025-11-03,1,25700,2025-11-04,14:00,0.059,166.2,160.65,-5.55,-416.0,SL,0.0
2025-11-04,0,25750,2025-11-04,14:05,0.361,108.4,96.9,43.75,3281.0,EOD,-1.1
2025-11-07,4,25450,2025-11-11,13:35,0.093,207.85,203.8,-4.05,-304.0,SL,0.0
2025-11-10,1,25500,2025-11-11,12:30,0.468,188.0,184.85,-3.15,-236.0,SL,-4.1
2025-11-11,0,25600,2025-11-11,13:50,0.146,86.6,61.6,-25.0,-1875.0,SL,0.0
2025-11-12,6,25800,2025-11-18,12:30,0.301,303.35,297.5,-5.85,-439.0,SL,-2.0
2025-11-13,5,25900,2025-11-18,13:00,0.291,270.0,264.25,-5.75,-431.0,SL,0.0
2025-11-14,4,25800,2025-11-18,15:05,0.204,235.7,220.8,-4.8,-360.0,EOD,-0.7
2025-11-17,1,25950,2025-11-18,12:55,0.087,153.8,151.4,-2.4,-180.0,SL,-2.4
2025-11-18,0,26000,2025-11-18,14:50,0.257,58.4,52.55,31.55,2366.0,EOD,-5.15
2025-11-19,6,25950,2025-11-25,12:30,0.32,302.6,300.05,-2.55,-191.0,SL,-4.0
2025-11-20,5,26150,2025-11-25,13:25,0.129,246.8,243.0,1.4,105.0,EOD,-1.9
2025-11-21,4,26100,2025-11-25,12:50,0.105,218.75,216.4,-2.35,-176.0,SL,-0.8
2025-11-24,1,26150,2025-11-25,12:30,0.247,157.45,154.3,-3.15,-236.0,SL,0.0
2025-11-25,0,26000,2025-11-25,14:40,0.142,67.9,50.45,47.0,3525.0,EOD,0.0
2025-11-27,5,26250,2025-12-02,13:15,0.099,233.35,226.0,-7.35,-551.0,SL,0.0
2025-12-01,1,26300,2025-12-02,12:30,0.526,166.0,164.55,-1.45,-109.0,SL,-5.9
2025-12-02,0,26100,2025-12-02,14:55,0.114,88.65,78.05,-10.6,-795.0,SL,0.0
2025-12-04,5,26000,2025-12-09,15:00,0.186,217.15,213.0,-4.15,-311.0,SL,-0.8
2025-12-08,1,26150,2025-12-09,12:30,0.542,148.8,143.25,-5.55,-416.0,SL,-3.05
2025-12-09,0,25900,2025-12-09,14:25,0.123,84.7,69.45,-15.25,-1144.0,SL,0.0
2025-12-10,6,25850,2025-12-16,12:35,0.226,263.75,259.15,-4.6,-345.0,SL,-2.45
2025-12-11,19,25800,2025-12-30,12:30,0.522,495.6,486.75,-8.85,-664.0,SL,0.0
2025-12-12,18,26000,2025-12-30,12:30,0.149,426.05,423.7,-2.35,-176.0,SL,-2.3
2025-12-15,15,25950,2025-12-30,12:30,0.246,415.15,411.05,-4.1,-308.0,SL,-0.8
2025-12-18,12,25750,2025-12-30,12:30,0.446,375.65,373.4,-2.25,-169.0,SL,-1.8
2025-12-19,11,25900,2025-12-30,13:35,0.102,309.0,306.9,3.7,278.0,EOD,-2.25
2025-12-22,8,26050,2025-12-30,13:30,0.336,295.7,294.35,-1.35,-101.0,SL,0.0
2025-12-26,4,26100,2025-12-30,12:35,0.247,139.95,135.8,-4.15,-311.0,SL,-4.15
2025-12-29,1,26050,2025-12-30,12:30,0.361,116.7,114.35,-2.35,-176.0,SL,9.25
2025-12-30,0,25950,2025-12-30,13:05,0.238,70.85,66.9,-3.95,-296.0,SL,-4.1
2025-12-31,6,26000,2026-01-06,12:30,0.456,231.05,229.55,25.15,1886.0,EOD,19.45
2026-01-02,4,26150,2026-01-06,12:30,0.572,204.8,203.1,-1.7,-128.0,SL,-7.9
2026-01-05,1,26350,2026-01-06,13:15,0.01,109.85,106.2,33.4,2505.0,EOD,-0.2
2026-01-06,0,26200,2026-01-06,14:10,0.107,65.1,49.75,-15.35,-1151.0,SL,-1.7
2026-01-07,6,26150,2026-01-13,15:25,0.157,193.05,191.35,-0.4,-30.0,EOD,0.0
2026-01-09,4,25850,2026-01-13,12:30,0.546,196.9,188.9,13.2,990.0,EOD,12.95
2026-01-12,1,25650,2026-01-13,12:45,0.015,197.8,176.4,-21.4,-1605.0,SL,-7.6
2026-01-14,6,25650,2026-01-20,15:15,0.445,252.65,250.15,1.65,124.0,EOD,-2.0
2026-01-19,1,25650,2026-01-20,12:40,0.412,187.0,183.9,-3.1,-232.0,SL,-3.45
2026-01-20,0,25600,2026-01-20,12:35,0.579,176.05,169.95,-6.1,-458.0,SL,-6.1
2026-01-21,6,25150,2026-01-27,12:35,0.031,333.65,324.0,-9.65,-724.0,SL,-9.65
2026-01-22,5,25350,2026-01-27,13:00,0.369,291.35,287.55,-3.8,-285.0,SL,0.0
2026-01-23,4,25350,2026-01-27,13:20,0.525,247.95,231.45,66.35,4976.0,EOD,-0.85
2026-01-28,6,25250,2026-02-03,14:55,0.089,430.05,425.9,-4.15,-311.0,SL,-0.25
2026-01-29,5,25350,2026-02-03,13:35,0.193,383.75,379.5,3.3,247.0,EOD,0.0
2026-01-30,4,25250,2026-02-03,12:30,0.15,408.65,406.0,-2.65,-199.0,SL,0.0
2026-02-02,1,24800,2026-02-03,13:00,0.43,272.65,253.05,-19.6,-1470.0,SL,0.0
2026-02-04,6,25650,2026-02-10,13:35,0.302,334.4,329.8,9.5,712.0,EOD,-0.5
2026-02-05,5,25750,2026-02-10,12:30,0.499,296.2,293.85,-2.35,-176.0,SL,-3.4
2026-02-06,4,25600,2026-02-10,14:40,0.186,212.05,208.85,5.4,405.0,EOD,-2.6
2026-02-09,1,25900,2026-02-10,15:10,0.255,146.5,144.7,-1.8,-135.0,SL,-0.65
2026-02-10,0,25900,2026-02-10,12:50,0.166,94.55,78.35,-16.2,-1215.0,SL,0.0
2026-02-11,6,26000,2026-02-17,12:35,0.226,239.85,235.75,-4.1,-308.0,SL,-4.1
2026-02-12,5,25900,2026-02-17,13:50,0.217,213.05,207.45,11.15,836.0,EOD,-0.85
2026-02-13,4,25600,2026-02-17,13:45,0.009,198.45,194.2,70.05,5254.0,EOD,-1.95
2026-02-17,0,25650,2026-02-17,12:45,0.339,105.75,100.85,-4.9,-368.0,SL,-1.45
2026-02-18,6,25750,2026-02-24,14:15,0.142,259.6,253.45,12.7,952.0,EOD,0.0
2026-02-23,1,25650,2026-02-24,14:35,0.104,185.35,181.55,-3.8,-285.0,SL,0.0
2026-02-25,5,25500,2026-03-02,14:50,0.304,300.8,296.75,-4.05,-304.0,SL,-3.1
2026-02-26,4,25550,2026-03-02,12:50,0.431,262.15,260.15,-2.0,-150.0,SL,-2.3
2026-03-02,0,24700,2026-03-02,14:10,0.019,117.7,104.6,-13.1,-982.0,SL,-0.75
2026-03-04,6,25000,2026-03-10,15:05,0.199,702.95,691.5,-11.45,-859.0,SL,0.0
2026-03-05,5,25000,2026-03-10,13:50,0.189,511.15,501.7,-9.45,-709.0,SL,-8.25
2026-03-06,4,25000,2026-03-10,13:10,0.266,510.95,505.15,-5.8,-435.0,SL,0.0
2026-03-09,1,23600,2026-03-10,12:45,0.111,503.4,490.1,52.65,3949.0,EOD,80.5
2026-03-12,5,24200,2026-03-17,14:10,0.231,602.2,577.35,-24.85,-1864.0,SL,-18.55
2026-03-16,1,23000,2026-03-17,14:20,0.204,382.15,357.15,56.5,4238.0,EOD,0.0
2026-03-17,0,23000,2026-03-17,12:40,0.31,424.15,414.65,157.25,11794.0,EOD,171.65
2026-03-19,5,23100,2026-03-24,14:10,0.21,493.85,489.15,46.05,3454.0,EOD,-1.7
2026-03-20,4,23100,2026-03-24,12:40,0.045,516.45,513.55,-2.9,-218.0,SL,-0.45
2026-03-24,0,23100,2026-03-24,14:40,0.044,219.8,194.8,-25.0,-1875.0,SL,0.0
2026-04-06,1,22800,2026-04-07,14:15,0.293,405.6,395.3,-10.3,-773.0,SL,-12.2
2026-04-07,0,22850,2026-04-07,13:35,0.419,200.0,175.0,-25.0,-1875.0,SL,-0.5
2026-04-08,5,23850,2026-04-13,13:25,0.353,445.8,443.4,3.0,225.0,EOD,-1.95
2026-04-09,4,24000,2026-04-13,13:00,0.141,410.1,408.5,-1.6,-120.0,SL,11.35
2026-04-10,3,24000,2026-04-13,14:45,0.537,290.55,286.7,-3.85,-289.0,SL,-0.85
2026-04-15,6,24150,2026-04-21,14:45,0.21,454.8,448.95,-4.3,-322.0,EOD,-0.65
2026-04-16,5,24300,2026-04-21,12:30,0.016,408.2,404.45,-3.75,-281.0,SL,-8.85
2026-04-17,4,24300,2026-04-21,14:45,0.471,325.65,318.4,-7.25,-544.0,SL,-3.15
2026-04-20,1,24300,2026-04-21,12:30,0.304,305.55,300.1,-5.45,-409.0,SL,-2.25
2026-04-21,0,24350,2026-04-21,12:30,0.356,222.8,215.25,-7.55,-566.0,SL,0.0
2026-04-22,6,24450,2026-04-28,15:00,0.213,441.4,439.25,-2.15,-161.0,SL,0.0
2026-04-23,5,24200,2026-04-28,14:40,0.098,373.45,369.65,-3.8,-285.0,SL,-1.4
2026-04-27,1,23950,2026-04-28,12:35,0.424,234.9,222.8,4.45,334.0,EOD,4.45
2026-04-28,0,24050,2026-04-28,13:35,0.184,81.55,75.4,-6.15,-461.0,SL,0.0
2026-05-04,1,24100,2026-05-05,13:30,0.108,248.95,235.05,-13.9,-1043.0,SL,-0.95
2026-05-06,6,24200,2026-05-12,12:35,0.544,419.05,415.1,-3.95,-296.0,SL,-1.8
2026-05-07,5,24400,2026-05-12,12:40,0.204,370.1,356.25,-13.85,-1039.0,SL,-2.45
2026-05-08,4,24250,2026-05-12,12:45,0.191,323.25,318.95,-4.3,-322.0,SL,-1.95
2026-05-11,1,24000,2026-05-12,14:55,0.209,212.55,208.55,9.6,720.0,EOD,-0.1
2026-05-13,6,23350,2026-05-19,12:30,0.546,488.85,484.55,-4.3,-322.0,SL,-0.85
2026-05-15,4,23750,2026-05-19,14:25,0.103,322.35,320.35,-2.0,-150.0,SL,0.0
2026-05-18,1,23500,2026-05-19,12:30,0.346,263.25,259.8,-3.45,-259.0,SL,-4.5
2026-05-19,0,23700,2026-05-19,14:45,0.219,57.75,33.6,24.05,1804.0,EOD,-0.3
2026-05-20,6,23450,2026-05-26,12:55,0.554,459.9,458.0,-1.9,-142.0,SL,0.0
2026-05-22,4,23700,2026-05-26,12:50,0.387,315.4,307.05,-8.35,-626.0,SL,-1.45
2026-05-25,1,23950,2026-05-26,14:40,0.112,181.6,176.65,37.4,2805.0,EOD,0.0
2026-05-26,0,24000,2026-05-26,14:00,0.093,82.35,76.25,3.55,266.0,EOD,0.0
2026-05-27,6,23900,2026-06-02,14:35,0.036,303.65,302.15,-1.5,-112.0,SL,0.0
2026-05-29,4,23900,2026-06-02,12:55,0.212,271.05,268.1,53.45,4009.0,EOD,-3.0
2026-06-02,0,23250,2026-06-02,12:35,0.071,111.65,86.65,121.25,9094.0,EOD,124.3
2026-06-04,5,23300,2026-06-09,14:30,0.594,343.9,341.65,-2.25,-169.0,SL,-0.85
2026-06-05,4,23500,2026-06-09,12:45,0.215,305.15,296.85,-8.3,-622.0,SL,-3.15
2026-06-08,1,23100,2026-06-09,12:30,0.583,258.3,257.1,-1.2,-90.0,SL,-2.85
2026-06-12,4,23400,2026-06-16,12:45,0.274,268.6,264.5,-4.1,-308.0,SL,-0.25
2026-06-15,1,24000,2026-06-16,12:30,0.363,219.5,213.6,-5.9,-443.0,SL,0.0
2026-06-16,0,23900,2026-06-16,13:25,0.08,74.15,65.75,-8.4,-630.0,SL,0.0
2026-06-18,5,24050,2026-06-23,15:05,0.165,244.6,236.2,13.05,979.0,EOD,-3.15
2026-06-19,4,24000,2026-06-23,12:50,0.089,242.4,240.0,-2.4,-180.0,SL,-1.6
2026-06-23,0,24050,2026-06-23,12:45,0.514,122.75,115.0,-7.75,-581.0,SL,-7.55
2026-06-29,1,24050,2026-06-30,12:30,0.386,181.65,175.8,-5.85,-439.0,SL,-19.5
2026-06-30,0,24050,2026-06-30,14:00,0.408,133.55,121.9,-11.65,-874.0,SL,-8.0
2026-07-01,6,23900,2026-07-07,12:35,0.506,340.25,337.75,-2.5,-188.0,SL,-2.25
2026-07-02,5,24050,2026-07-07,13:10,0.273,253.15,250.7,-2.45,-184.0,SL,-1.85
2026-07-03,4,24400,2026-07-07,13:10,0.05,199.25,194.9,-4.35,-326.0,SL,0.0
2026-07-06,1,24300,2026-07-07,12:30,0.552,190.15,186.5,-3.65,-274.0,SL,-7.05
