timestamp,open,high,low,close,volume,datetime
1767239100,993.5,997.55,993.3,994.1,673628,2026-01-01
1767242700,993.95,994.95,993.0,993.8,1054391,2026-01-01
1767246300,993.7,993.85,989.55,990.0,1844476,2026-01-01
1767249900,989.85,992.4,989.5,992.4,3273954,2026-01-01
1767253500,992.2,993.1,990.0,992.85,4490549,2026-01-01
1767257100,992.6,993.3,990.0,990.6,6633140,2026-01-01
1767260700,990.55,991.5,990.0,991.15,7129948,2026-01-01
1767325500,991.15,1000.85,989.85,996.3,3513663,2026-01-02
1767329100,996.35,997.75,995.65,996.15,5116717,2026-01-02
1767332700,996.0,1000.85,995.95,998.8,6797281,2026-01-02
1767336300,998.75,1000.0,998.0,999.35,7610916,2026-01-02
1767339900,999.4,1000.85,999.0,1000.1,8529133,2026-01-02
1767343500,1000.15,1003.15,998.25,1001.95,10740315,2026-01-02
1767347100,1002.2,1002.5,1000.2,1000.3,11748681,2026-01-02
1767584700,1005.75,1005.75,985.65,990.15,7444790,2026-01-05
1767588300,990.1,990.95,986.5,988.0,10110481,2026-01-05
1767591900,988.05,988.2,981.1,983.85,12873612,2026-01-05
1767595500,983.8,985.25,982.0,982.35,15272305,2026-01-05
1767599100,982.1,983.35,977.55,978.15,18430857,2026-01-05
1767602700,978.1,980.0,976.3,977.2,24262920,2026-01-05
1767606300,977.15,978.5,976.5,978.5,27642347,2026-01-05
1767671100,962.7,965.75,956.2,963.25,11719915,2026-01-06
1767674700,963.2,966.0,962.45,964.3,15444641,2026-01-06
1767678300,964.35,965.1,960.3,964.0,18812830,2026-01-06
1767681900,963.95,966.65,962.1,962.85,21670959,2026-01-06
1767685500,962.9,964.55,962.8,962.95,25054829,2026-01-06
1767689100,963.0,963.5,960.5,962.55,30286967,2026-01-06
1767692700,962.7,963.1,961.8,962.95,31986444,2026-01-06
1767757500,956.0,956.45,948.05,951.5,12820205,2026-01-07
1767761100,951.55,955.15,949.6,951.35,17846312,2026-01-07
1767764700,951.3,953.4,947.1,948.05,35245709,2026-01-07
1767768300,948.1,948.9,946.05,948.6,38791839,2026-01-07
1767771900,948.65,950.95,947.8,949.25,44759722,2026-01-07
1767775500,949.4,949.5,946.9,949.2,50363822,2026-01-07
1767779100,949.15,950.5,949.15,950.5,52883313,2026-01-07
1767843900,944.7,952.8,942.85,945.7,6614700,2026-01-08
1767847500,945.6,949.45,944.7,948.0,8997593,2026-01-08
1767851100,947.75,949.5,945.2,945.3,11703898,2026-01-08
1767854700,945.35,947.4,944.5,946.35,13595506,2026-01-08
1767858300,946.3,949.7,945.6,949.05,15836593,2026-01-08
1767861900,949.1,950.0,946.1,946.25,20037852,2026-01-08
1767865500,946.2,948.05,946.0,947.9,21927656,2026-01-08
1767930300,945.0,950.6,940.6,941.0,21694538,2026-01-09
1767933900,941.2,942.45,939.75,941.25,23500505,2026-01-09
1767937500,941.35,942.85,938.25,939.5,25172318,2026-01-09
1767941100,939.4,939.55,933.5,935.75,27982620,2026-01-09
1767944700,935.7,939.25,935.0,938.2,31361300,2026-01-09
1767948300,938.35,940.1,935.9,939.2,36488735,2026-01-09
1767951900,939.05,940.0,938.0,939.0,38182517,2026-01-09
1768189500,937.5,940.0,934.0,935.55,4472742,2026-01-12
1768193100,935.45,935.45,931.1,931.6,6289303,2026-01-12
1768196700,931.5,933.4,929.6,933.2,8625579,2026-01-12
1768200300,933.4,941.95,933.2,940.35,12824366,2026-01-12
1768203900,940.7,942.0,937.15,937.6,15491106,2026-01-12
1768207500,937.65,939.55,936.2,936.9,19795848,2026-01-12
1768211100,936.95,937.15,935.4,936.55,21070515,2026-01-12
1768275900,947.7,947.7,941.3,942.9,8674326,2026-01-13
1768279500,942.7,946.15,941.55,942.95,14151707,2026-01-13
1768283100,943.0,943.5,940.0,941.65,15345352,2026-01-13
1768286700,941.7,941.95,935.05,935.55,17339528,2026-01-13
1768290300,935.7,937.8,934.6,935.4,20284757,2026-01-13
1768293900,935.5,939.7,934.6,938.4,29220189,2026-01-13
1768297500,938.35,938.8,934.1,934.75,32041583,2026-01-13
1768362300,930.0,940.0,930.0,937.95,8186695,2026-01-14
1768365900,938.1,938.1,932.0,932.85,11470863,2026-01-14
1768369500,932.8,934.4,931.5,931.55,13991385,2026-01-14
1768373100,931.7,933.9,931.0,932.15,16751465,2026-01-14
1768376700,932.05,932.65,926.45,927.0,20544757,2026-01-14
1768380300,926.95,930.0,920.35,924.3,33031299,2026-01-14
1768383900,924.65,926.8,924.0,925.25,36685493,2026-01-14
1768535100,922.0,932.2,919.2,931.9,13142335,2026-01-16
1768538700,931.95,935.95,930.1,930.5,18039899,2026-01-16
1768542300,930.55,935.0,928.2,934.3,21183403,2026-01-16
1768545900,934.35,935.2,930.6,932.15,25174094,2026-01-16
1768549500,932.0,933.35,929.9,931.35,28351986,2026-01-16
1768553100,931.3,934.4,930.0,931.05,33681251,2026-01-16
1768556700,931.0,932.9,929.0,930.55,37776843,2026-01-16
1768794300,935.9,935.9,921.1,922.95,10938073,2026-01-19
1768797900,922.8,925.9,919.6,924.1,14330711,2026-01-19
1768801500,924.15,925.75,921.9,925.05,16858415,2026-01-19
1768805100,925.2,930.0,924.95,927.9,27272445,2026-01-19
1768808700,927.7,929.8,925.6,927.5,31178279,2026-01-19
1768812300,927.45,929.3,927.0,928.35,36609977,2026-01-19
1768815900,928.4,928.7,925.15,925.65,38190751,2026-01-19
1768880700,929.3,929.3,920.0,925.7,5284821,2026-01-20
1768884300,925.65,930.2,925.05,930.1,8399861,2026-01-20
1768887900,930.05,934.15,927.6,931.3,12746576,2026-01-20
1768891500,931.15,933.55,930.95,933.05,19295597,2026-01-20
1768895100,933.0,934.5,930.8,932.5,23235031,2026-01-20
1768898700,932.45,933.9,929.35,930.7,32383968,2026-01-20
1768902300,930.65,933.0,929.4,930.5,36020156,2026-01-20
1768967100,925.0,932.0,924.35,927.95,9632713,2026-01-21
1768970700,927.8,927.85,915.5,923.4,13072505,2026-01-21
1768974300,923.5,928.0,922.5,925.5,15634982,2026-01-21
1768977900,925.4,929.05,922.55,925.1,20115713,2026-01-21
1768981500,925.4,926.15,920.75,922.05,24524684,2026-01-21
1768985100,922.1,923.4,918.65,920.15,30476969,2026-01-21
1768988700,920.1,922.85,919.1,920.75,32765021,2026-01-21
1769053500,928.0,928.0,922.0,922.35,5286518,2026-01-22
1769057100,922.55,922.8,914.0,914.65,8522388,2026-01-22
1769060700,914.7,918.8,913.25,917.05,12514446,2026-01-22
1769064300,917.0,919.3,914.0,914.6,19886976,2026-01-22
1769067900,914.4,918.75,914.0,915.25,28117515,2026-01-22
1769071500,915.2,921.0,914.7,919.1,41079343,2026-01-22
1769075100,919.0,921.85,918.95,921.0,44442615,2026-01-22
1769139900,920.0,925.45,917.35,917.5,5953019,2026-01-23
1769143500,917.55,920.15,915.55,920.0,8328645,2026-01-23
1769147100,920.1,920.15,914.3,915.8,10982769,2026-01-23
1769150700,915.95,919.75,915.7,917.95,16761836,2026-01-23
1769154300,917.85,917.95,909.35,910.05,20942483,2026-01-23
1769157900,910.0,916.95,909.5,916.45,28638275,2026-01-23
1769161500,916.5,917.0,913.0,915.8,30982989,2026-01-23
1769485500,906.0,920.9,905.35,918.6,13981952,2026-01-27
1769489100,918.55,920.25,910.3,912.65,17532084,2026-01-27
1769492700,912.55,919.45,911.7,918.15,21615792,2026-01-27
1769496300,918.3,918.65,914.5,917.95,24775242,2026-01-27
1769499900,918.0,920.45,915.55,918.1,29632639,2026-01-27
1769503500,918.3,927.3,918.0,925.4,40628943,2026-01-27
1769507100,925.3,931.2,925.3,928.0,44738311,2026-01-27
1769571900,932.5,941.2,929.3,936.25,13216074,2026-01-28
1769575500,936.2,940.45,935.8,937.05,18960416,2026-01-28
1769579100,937.0,940.05,935.85,936.0,22349093,2026-01-28
1769582700,936.05,936.3,932.5,932.85,25325078,2026-01-28
1769586300,932.9,934.05,928.85,929.5,28367277,2026-01-28
1769589900,929.45,933.75,928.45,931.4,33523057,2026-01-28
1769593500,931.5,933.0,931.45,932.4,35343154,2026-01-28
1769658300,930.1,931.15,924.5,926.0,7489031,2026-01-29
1769661900,925.9,930.6,925.25,930.2,10314700,2026-01-29
1769665500,930.15,934.4,927.95,933.9,15279405,2026-01-29
1769669100,933.85,937.75,932.95,936.55,18354915,2026-01-29
1769672700,936.5,939.3,935.35,937.9,22512293,2026-01-29
1769676300,937.95,939.0,933.95,934.15,31972690,2026-01-29
1769679900,934.65,937.2,933.6,935.8,37174539,2026-01-29
1769744700,930.0,937.9,930.0,936.6,5061622,2026-01-30
1769748300,936.45,938.85,934.3,934.4,6605314,2026-01-30
1769751900,934.45,935.8,931.9,935.7,9719661,2026-01-30
1769755500,935.6,936.4,931.15,931.6,13102186,2026-01-30
1769759100,931.55,934.7,930.1,934.0,15440987,2026-01-30
1769762700,934.2,934.55,927.8,928.8,24255598,2026-01-30
1769766300,928.6,932.3,928.05,929.0,29690367,2026-01-30
1769917500,932.0,936.8,925.25,935.4,1003124,2026-02-01
1769921100,935.25,936.5,932.4,934.7,1580785,2026-02-01
1769924700,935.0,939.65,932.35,934.65,3016733,2026-02-01
1769928300,934.5,935.95,913.0,931.5,6056867,2026-02-01
1769931900,931.9,931.9,924.3,924.4,7393276,2026-02-01
1769935500,924.9,928.2,921.65,923.55,8915797,2026-02-01
1769939100,923.15,924.5,916.7,917.0,9855158,2026-02-01
1770003900,915.0,929.8,913.0,924.85,8184465,2026-02-02
1770007500,924.8,929.75,920.1,921.65,12568718,2026-02-02
1770011100,921.55,927.6,919.8,926.35,15757232,2026-02-02
1770014700,926.45,927.2,922.5,923.9,17740093,2026-02-02
1770018300,923.85,923.95,920.4,923.1,20509015,2026-02-02
1770021900,923.0,929.6,921.5,927.6,25735497,2026-02-02
1770025500,927.55,929.0,926.05,927.7,28030622,2026-02-02
1770090300,983.75,983.75,945.1,947.6,26289705,2026-02-03
1770093900,947.65,953.0,947.6,950.8,29369044,2026-02-03
1770097500,950.85,954.0,949.9,953.7,32224727,2026-02-03
1770101100,953.85,954.0,949.5,950.5,36227547,2026-02-03
1770104700,950.45,951.5,947.05,949.95,40617097,2026-02-03
1770108300,949.9,950.75,947.4,948.1,47143633,2026-02-03
1770111900,948.5,950.0,947.1,947.65,50335094,2026-02-03
1770176700,952.5,954.7,949.5,953.1,6921821,2026-02-04
1770180300,953.0,953.0,949.85,951.8,9641418,2026-02-04
1770183900,951.95,953.8,950.5,953.7,12074277,2026-02-04
1770187500,953.8,954.65,953.2,953.95,14687271,2026-02-04
1770191100,954.0,954.7,953.2,954.2,17187010,2026-02-04
1770194700,954.45,957.1,953.45,953.5,22099466,2026-02-04
1770198300,953.45,953.9,948.8,949.0,24351037,2026-02-04
1770263100,956.0,956.0,948.1,951.0,6934428,2026-02-05
1770266700,950.9,951.7,949.05,951.65,10281218,2026-02-05
1770270300,951.7,952.85,949.0,949.55,12241841,2026-02-05
1770273900,949.6,951.0,948.5,949.65,14754508,2026-02-05
1770277500,949.75,951.5,948.55,950.1,18528642,2026-02-05
1770281100,950.05,951.15,949.05,949.95,25183143,2026-02-05
1770284700,950.0,951.15,947.1,949.7,28101057,2026-02-05
1770349500,945.0,947.3,940.5,944.15,4817323,2026-02-06
1770353100,944.2,944.8,941.0,942.45,6104868,2026-02-06
1770356700,942.75,943.05,940.0,941.0,7355545,2026-02-06
1770360300,941.05,941.2,937.6,939.9,10871491,2026-02-06
1770363900,939.95,942.7,939.8,941.25,14200919,2026-02-06
1770367500,941.3,942.45,940.65,941.1,16783123,2026-02-06
1770371100,941.05,941.6,940.5,941.0,18119121,2026-02-06
1770608700,945.0,949.95,938.0,938.45,5486577,2026-02-09
1770612300,938.4,940.0,935.35,939.9,7365998,2026-02-09
1770615900,939.55,940.0,937.35,938.0,11304953,2026-02-09
1770619500,937.7,938.4,935.95,936.5,13706723,2026-02-09
1770623100,936.6,938.0,935.65,936.65,16478424,2026-02-09
1770626700,936.6,937.7,935.35,937.1,22058749,2026-02-09
1770630300,937.0,939.5,936.75,938.8,23945944,2026-02-09
1770695100,930.0,938.75,930.0,938.15,8199517,2026-02-10
1770698700,938.1,940.9,936.75,937.0,9666996,2026-02-10
1770702300,936.95,937.6,935.4,937.1,11298774,2026-02-10
1770705900,937.15,938.6,933.6,935.0,15436708,2026-02-10
1770709500,935.1,935.5,932.1,932.9,19370793,2026-02-10
1770713100,932.95,934.4,931.15,932.75,29167278,2026-02-10
1770716700,932.8,933.4,931.2,932.6,31524668,2026-02-10
1770781500,931.25,936.0,927.9,932.75,7947770,2026-02-11
1770785100,932.7,934.15,926.0,927.5,11908174,2026-02-11
1770788700,927.7,928.35,926.0,927.4,13123299,2026-02-11
1770792300,927.35,928.0,925.35,926.0,16712161,2026-02-11
1770795900,926.05,928.25,925.3,925.7,19352321,2026-02-11
1770799500,925.75,928.0,925.3,927.9,23206328,2026-02-11
1770803100,928.0,928.0,926.6,927.0,24865681,2026-02-11
1770867900,927.0,928.5,921.5,926.15,4220054,2026-02-12
1770871500,925.9,926.8,924.5,924.9,7748461,2026-02-12
1770875100,924.8,925.05,921.75,923.45,14243042,2026-02-12
1770878700,923.4,923.7,920.4,921.5,17223240,2026-02-12
1770882300,921.55,922.9,919.7,920.4,22433307,2026-02-12
1770885900,920.5,922.0,918.5,920.9,31421719,2026-02-12
1770889500,920.75,921.55,919.75,919.8,33861172,2026-02-12
1770954300,913.0,925.6,912.5,924.85,8837280,2026-02-13
1770957900,924.9,928.2,917.55,918.95,13794594,2026-02-13
1770961500,919.0,919.0,915.5,916.1,18886702,2026-02-13
1770965100,915.95,917.0,913.3,914.9,23125491,2026-02-13
1770968700,914.85,915.4,909.35,910.35,27789767,2026-02-13
1770972300,910.3,910.9,906.05,906.1,41328348,2026-02-13
1770975900,906.05,908.0,903.05,904.0,50184140,2026-02-13
1771213500,903.9,922.65,902.65,922.55,4898223,2026-02-16
1771217100,922.8,924.3,920.05,923.25,6658039,2026-02-16
1771220700,923.2,926.6,920.0,925.25,10166892,2026-02-16
1771224300,925.35,929.45,924.95,926.7,12103480,2026-02-16
1771227900,926.75,927.05,923.6,924.4,15035491,2026-02-16
1771231500,924.35,927.65,923.75,926.05,17312113,2026-02-16
1771235100,926.15,926.4,923.85,925.25,18800819,2026-02-16
1771299900,923.0,925.8,918.7,925.65,2279010,2026-02-17
1771303500,925.6,927.7,923.0,926.2,4454500,2026-02-17
1771307100,926.15,927.3,924.4,925.0,7083066,2026-02-17
1771310700,924.95,926.15,924.0,924.3,9800080,2026-02-17
1771314300,924.45,928.0,923.2,924.45,14213822,2026-02-17
1771317900,924.35,927.3,923.35,925.7,21361764,2026-02-17
1771321500,925.65,926.65,925.15,926.45,22597465,2026-02-17
1771386300,923.2,925.45,920.9,923.2,3414329,2026-02-18
1771389900,923.1,924.0,920.95,921.95,4223691,2026-02-18
1771393500,921.85,923.25,920.0,923.2,5662867,2026-02-18
1771397100,923.3,923.45,921.75,922.0,6744381,2026-02-18
1771400700,921.95,922.75,919.65,922.5,9291047,2026-02-18
1771404300,922.4,925.2,922.0,925.1,11806342,2026-02-18
1771407900,925.0,925.25,923.5,923.7,12734682,2026-02-18
1771472700,929.0,929.0,921.7,922.55,2880153,2026-02-19
1771476300,922.5,923.05,920.8,920.8,3696497,2026-02-19
1771479900,920.85,921.05,918.0,918.25,5962615,2026-02-19
1771483500,918.3,920.55,917.0,919.1,8176960,2026-02-19
1771487100,919.2,921.65,918.1,918.7,11028124,2026-02-19
1771490700,918.65,920.25,914.05,914.55,19741432,2026-02-19
1771494300,914.6,915.1,912.65,914.3,21207433,2026-02-19
1771559100,911.0,916.6,911.0,914.1,4408565,2026-02-20
1771562700,914.2,917.85,914.05,914.4,6238034,2026-02-20
1771566300,914.45,916.2,913.15,914.35,7892030,2026-02-20
1771569900,914.3,916.8,908.5,909.4,11389165,2026-02-20
1771573500,909.35,915.6,909.05,915.6,14744513,2026-02-20
1771577100,915.65,916.8,911.2,911.9,20327038,2026-02-20
1771580700,911.8,913.35,910.4,913.15,22653867,2026-02-20
1771818300,916.5,925.6,915.7,921.85,4335492,2026-02-23
1771821900,922.05,923.7,920.1,922.5,6152556,2026-02-23
1771825500,922.55,922.8,920.55,921.8,8575629,2026-02-23
1771829100,921.85,922.65,916.4,917.15,13277330,2026-02-23
1771832700,917.2,921.5,916.6,919.7,17059585,2026-02-23
1771836300,919.75,924.15,919.2,924.1,21813209,2026-02-23
1771839900,924.15,924.85,923.7,924.1,23268922,2026-02-23
1771904700,927.95,927.95,920.55,920.8,4205024,2026-02-24
1771908300,920.95,922.35,918.2,920.0,6022725,2026-02-24
1771911900,920.05,921.8,918.85,919.2,8384806,2026-02-24
1771915500,919.15,919.25,913.3,915.35,11456917,2026-02-24
1771919100,915.3,917.2,911.2,916.95,14899076,2026-02-24
1771922700,917.05,917.5,909.2,910.5,27233208,2026-02-24
1771926300,910.6,912.0,909.95,911.5,31312738,2026-02-24
1771991100,910.55,916.0,910.55,912.7,4267024,2026-02-25
1771994700,912.65,915.5,912.5,913.4,6498971,2026-02-25
1771998300,913.3,913.75,909.4,909.8,11233318,2026-02-25
1772001900,909.9,910.3,905.35,906.8,13611618,2026-02-25
1772005500,906.85,908.65,903.55,904.9,18471656,2026-02-25
1772009100,904.7,908.6,903.1,907.4,25843803,2026-02-25
1772012700,907.35,908.45,907.15,907.4,27882339,2026-02-25
1772077500,912.0,912.0,905.4,909.0,3440687,2026-02-26
1772081100,908.95,909.0,904.35,905.45,5306088,2026-02-26
1772084700,905.4,907.15,902.0,903.2,10050572,2026-02-26
1772088300,903.5,903.5,898.45,900.0,20150190,2026-02-26
1772091900,899.9,900.9,898.3,899.85,24979792,2026-02-26
1772095500,900.0,900.55,897.85,899.45,36173366,2026-02-26
1772099100,899.4,899.8,895.6,896.05,41159316,2026-02-26
1772163900,898.6,898.95,892.5,893.05,4715078,2026-02-27
1772167500,893.15,893.2,889.65,890.5,8109992,2026-02-27
1772171100,890.55,890.9,888.3,890.3,10396781,2026-02-27
1772174700,890.5,890.9,887.5,889.3,13340713,2026-02-27
1772178300,889.4,891.65,888.95,890.2,15774216,2026-02-27
1772181900,890.25,891.4,886.3,888.0,27353146,2026-02-27
1772185500,887.95,888.35,885.55,887.45,34616049,2026-02-27
1772423100,876.2,887.75,873.0,883.2,7053846,2026-03-02
1772426700,883.35,883.6,879.9,882.4,9984855,2026-03-02
1772430300,882.6,883.0,876.9,877.9,12960842,2026-03-02
1772433900,877.7,880.1,876.65,877.3,16313236,2026-03-02
1772437500,877.25,879.25,875.55,877.45,21220981,2026-03-02
1772441100,877.5,880.9,874.25,880.65,34639985,2026-03-02
1772444700,880.75,885.1,878.95,882.1,38376749,2026-03-02
1772595900,848.0,871.9,848.0,871.3,16426170,2026-03-04
1772599500,871.2,874.65,870.6,872.0,18954473,2026-03-04
1772603100,872.05,873.8,870.35,872.6,22620970,2026-03-04
1772606700,872.55,879.1,872.55,878.6,25416879,2026-03-04
1772610300,878.65,879.3,871.05,873.4,30991568,2026-03-04
1772613900,873.5,875.15,868.55,868.85,37144142,2026-03-04
1772617500,868.8,869.6,865.0,869.0,39857206,2026-03-04
1772682300,873.85,873.85,863.5,869.55,5228517,2026-03-05
1772685900,869.65,876.0,866.8,875.35,8059369,2026-03-05
1772689500,875.25,875.5,868.6,871.0,12726875,2026-03-05
1772693100,870.95,875.0,869.8,873.95,14226895,2026-03-05
1772696700,874.0,874.1,870.0,872.4,17022014,2026-03-05
1772700300,872.25,881.35,871.2,876.4,28904997,2026-03-05
1772703900,876.45,877.75,873.45,875.1,31319464,2026-03-05
1772768700,868.05,870.9,864.0,866.85,9393421,2026-03-06
1772772300,866.9,867.35,863.8,865.3,12753033,2026-03-06
1772775900,865.35,865.75,861.0,861.0,16132732,2026-03-06
1772779500,861.05,863.5,860.7,861.45,19233115,2026-03-06
1772783100,861.35,862.85,856.3,861.2,25287368,2026-03-06
1772786700,861.25,863.9,855.55,855.8,31730606,2026-03-06
1772790300,855.75,858.85,855.2,857.2,34438011,2026-03-06
1773027900,825.0,835.15,822.65,830.75,14349945,2026-03-09
1773031500,830.7,839.5,829.1,835.65,17941214,2026-03-09
1773035100,835.7,841.0,834.65,835.9,21091365,2026-03-09
1773038700,835.7,839.95,833.6,837.05,25735305,2026-03-09
1773042300,837.25,839.8,834.55,835.05,28950756,2026-03-09
1773045900,835.3,842.45,834.0,842.2,33933045,2026-03-09
1773049500,842.0,842.4,838.4,839.1,35589387,2026-03-09
1773114300,850.05,853.9,842.0,847.9,15435470,2026-03-10
1773117900,847.85,854.7,847.8,852.85,21085455,2026-03-10
1773121500,852.75,856.7,850.1,850.1,26490831,2026-03-10
1773125100,850.0,852.05,847.35,847.85,33539227,2026-03-10
1773128700,848.0,852.5,846.65,851.35,39435310,2026-03-10
1773132300,851.4,851.75,847.6,849.65,49926288,2026-03-10
1773135900,849.75,850.5,847.8,849.0,52846213,2026-03-10
1773200700,845.0,848.45,840.35,840.9,6496792,2026-03-11
1773204300,840.85,840.9,835.0,835.6,10944304,2026-03-11
1773207900,835.7,835.7,830.55,833.0,15154696,2026-03-11
1773211500,832.95,833.0,827.65,829.05,23271318,2026-03-11
1773215100,828.7,834.0,828.7,832.7,29839080,2026-03-11
1773218700,832.8,835.4,831.0,834.95,38262780,2026-03-11
1773222300,835.0,835.0,833.35,834.0,42257149,2026-03-11
1773287100,820.1,835.0,820.1,831.5,10962474,2026-03-12
1773290700,831.3,835.35,830.85,833.1,18034294,2026-03-12
1773294300,833.05,835.6,830.8,834.9,21887837,2026-03-12
1773297900,834.95,835.95,832.45,833.6,25693818,2026-03-12
1773301500,833.75,836.25,832.1,833.8,30217569,2026-03-12
1773305100,833.85,835.35,831.15,831.25,42846743,2026-03-12
1773308700,831.4,833.6,830.25,833.3,46105244,2026-03-12
1773373500,820.0,823.75,812.45,813.35,12548506,2026-03-13
1773377100,813.3,818.5,812.0,817.45,17546464,2026-03-13
1773380700,817.5,819.7,816.2,819.15,21075655,2026-03-13
1773384300,819.05,820.0,815.3,818.2,24641262,2026-03-13
1773387900,818.3,819.8,815.2,817.7,31383013,2026-03-13
1773391500,817.6,820.0,816.0,817.75,39596170,2026-03-13
1773395100,817.65,818.0,815.9,816.7,41693308,2026-03-13
1773632700,817.0,828.5,816.0,824.9,10111717,2026-03-16
1773636300,824.75,827.8,821.35,827.5,14070916,2026-03-16
1773639900,827.7,833.45,827.5,831.45,17952139,2026-03-16
1773643500,831.15,834.5,829.85,831.1,23025736,2026-03-16
1773647100,831.0,833.85,827.3,830.85,29793649,2026-03-16
1773650700,830.8,844.35,830.25,842.9,48769826,2026-03-16
1773654300,842.85,843.0,836.0,838.8,52174959,2026-03-16
1773719100,847.7,847.7,836.0,845.0,7812430,2026-03-17
1773722700,845.05,847.0,840.1,840.1,12433220,2026-03-17
1773726300,840.15,841.05,835.15,840.6,15466789,2026-03-17
1773729900,840.65,845.2,838.65,845.0,19466704,2026-03-17
1773733500,845.05,846.65,842.3,845.65,22926331,2026-03-17
1773737100,845.45,848.7,842.25,847.0,34498361,2026-03-17
1773740700,846.85,847.05,842.55,842.8,38819107,2026-03-17
1773805500,845.35,845.35,831.65,833.1,7541370,2026-03-18
1773809100,833.2,839.4,833.1,838.35,10762763,2026-03-18
1773812700,838.55,842.1,837.75,840.65,13623102,2026-03-18
1773816300,840.7,841.7,838.75,841.2,15687454,2026-03-18
1773819900,841.05,844.45,840.45,844.3,18631843,2026-03-18
1773823500,844.25,846.8,842.6,843.95,22231361,2026-03-18
1773827100,843.8,843.9,841.1,842.0,23502456,2026-03-18
1773891900,770.0,814.4,770.0,799.5,85215899,2026-03-19
1773895500,799.65,809.25,797.5,803.45,107463380,2026-03-19
1773899100,803.65,813.8,800.65,812.85,119880626,2026-03-19
1773902700,812.95,815.55,811.2,811.8,130657364,2026-03-19
1773906300,811.75,812.7,806.3,807.75,141629521,2026-03-19
1773909900,807.7,808.9,794.5,796.75,165032822,2026-03-19
1773913500,796.7,801.0,796.0,800.0,171592586,2026-03-19
1773978300,785.0,793.7,781.1,783.9,39453295,2026-03-20
1773981900,783.8,784.4,780.05,781.15,51859451,2026-03-20
1773985500,781.1,782.4,778.75,781.7,58982340,2026-03-20
1773989100,781.65,789.0,780.0,785.1,69586438,2026-03-20
1773992700,785.35,786.15,782.35,783.2,76816314,2026-03-20
1773996300,783.15,786.45,779.0,779.75,94849300,2026-03-20
1773999900,779.6,781.3,778.2,781.0,103118313,2026-03-20
1774237500,763.15,768.6,753.0,753.4,22107004,2026-03-23
1774241100,753.55,756.3,750.4,753.7,27737074,2026-03-23
1774244700,753.65,754.65,750.35,751.05,32480233,2026-03-23
1774248300,751.0,751.3,745.85,746.55,39706468,2026-03-23
1774251900,746.45,753.35,746.35,752.9,51477008,2026-03-23
1774255500,752.75,753.35,743.55,743.65,67039849,2026-03-23
1774259100,743.6,743.7,741.25,742.3,72327928,2026-03-23
1774323900,755.0,759.2,747.7,752.4,14674152,2026-03-24
1774327500,752.5,758.7,751.85,757.2,20102149,2026-03-24
1774331100,757.5,759.55,755.5,756.7,24480194,2026-03-24
1774334700,756.85,772.45,756.25,771.9,34439365,2026-03-24
1774338300,771.95,772.6,765.7,767.8,40334878,2026-03-24
1774341900,767.75,769.0,763.7,764.2,54770464,2026-03-24
1774345500,764.3,766.7,762.55,765.65,61264274,2026-03-24
1774410300,768.2,788.3,768.2,784.3,17307824,2026-03-25
1774413900,784.35,791.45,781.1,791.3,25048420,2026-03-25
1774417500,791.35,792.8,788.45,792.75,31542830,2026-03-25
1774421100,792.7,794.8,790.3,791.65,36176144,2026-03-25
1774424700,791.6,793.9,788.4,788.6,41300902,2026-03-25
1774428300,788.65,789.15,780.8,781.65,55943541,2026-03-25
1774431900,781.7,782.4,779.1,780.5,59223860,2026-03-25
1774583100,773.2,773.2,762.85,763.55,18306449,2026-03-27
1774586700,763.8,764.5,759.25,761.55,25814979,2026-03-27
1774590300,761.65,762.85,759.3,760.0,30627191,2026-03-27
1774593900,759.85,760.8,758.1,759.5,36180142,2026-03-27
1774597500,759.55,762.9,758.7,762.35,43634055,2026-03-27
1774601100,762.2,762.65,754.6,756.4,57531899,2026-03-27
1774604700,756.25,759.0,755.0,758.5,65470877,2026-03-27
1774842300,745.2,751.0,738.65,743.85,22729380,2026-03-30
1774845900,744.0,747.1,743.55,745.9,31945326,2026-03-30
1774849500,745.85,746.0,740.95,744.15,40118490,2026-03-30
1774853100,744.0,745.95,741.55,742.55,45756485,2026-03-30
1774856700,742.5,742.85,734.25,734.6,56550093,2026-03-30
1774860300,734.35,734.55,727.1,731.55,90012986,2026-03-30
1774863900,731.5,737.0,731.15,735.0,103482307,2026-03-30
1775015100,743.0,755.9,743.0,745.85,26241054,2026-04-01
1775018700,745.8,746.4,739.25,741.2,33955350,2026-04-01
1775022300,741.15,748.1,740.65,746.65,44988546,2026-04-01
1775025900,746.6,749.25,745.0,749.0,51455202,2026-04-01
1775029500,749.1,749.95,745.25,749.75,61242732,2026-04-01
1775033100,749.7,750.3,740.45,740.75,73647574,2026-04-01
1775036700,740.7,744.9,740.7,744.9,78827876,2026-04-01
1775101500,730.0,734.25,726.85,731.9,8589054,2026-04-02
1775105100,731.75,732.0,728.9,731.65,12936347,2026-04-02
1775108700,731.6,736.35,730.45,735.1,17619353,2026-04-02
1775112300,735.25,739.35,734.1,737.85,23362453,2026-04-02
1775115900,737.75,745.9,737.45,745.5,29023097,2026-04-02
1775119500,745.3,753.0,743.15,752.9,42642901,2026-04-02
1775123100,752.95,754.95,748.45,751.5,49305185,2026-04-02
1775447100,759.0,760.0,745.05,748.5,10763056,2026-04-06
1775450700,749.0,754.9,747.75,751.8,17367170,2026-04-06
1775454300,751.7,759.0,751.7,756.6,22437060,2026-04-06
1775457900,756.5,768.05,756.3,767.75,28454384,2026-04-06
1775461500,767.55,770.0,766.15,769.7,33184732,2026-04-06
1775465100,769.85,772.6,767.0,772.4,40956741,2026-04-06
1775468700,772.45,772.7,770.1,770.5,42969010,2026-04-06
1775533500,766.0,767.95,761.0,767.45,7127662,2026-04-07
1775537100,767.5,769.5,761.2,762.75,13078487,2026-04-07
1775540700,762.85,769.35,761.95,765.95,19152901,2026-04-07
1775544300,765.45,766.45,762.65,764.55,24673885,2026-04-07
1775547900,764.5,772.15,764.45,771.0,30456868,2026-04-07
1775551500,771.25,773.45,768.05,770.5,45493056,2026-04-07
1775555100,770.3,773.0,770.3,772.4,51308653,2026-04-07
1775619900,800.0,815.0,798.7,808.65,32719299,2026-04-08
1775623500,808.85,811.9,807.65,810.1,40666404,2026-04-08
1775627100,810.05,811.25,804.7,806.65,46349740,2026-04-08
1775630700,806.6,811.4,805.05,810.7,51522964,2026-04-08
1775634300,810.6,813.5,810.05,811.45,57383255,2026-04-08
1775637900,811.4,817.2,810.65,815.5,66864671,2026-04-08
1775641500,815.4,817.5,815.15,817.2,70247081,2026-04-08
1775706300,815.0,815.0,800.4,802.95,9728108,2026-04-09
1775709900,802.85,804.9,801.0,803.2,13655759,2026-04-09
1775713500,803.15,804.25,801.0,802.8,18300817,2026-04-09
1775717100,802.75,803.3,799.15,799.55,22608097,2026-04-09
1775720700,799.85,800.0,796.45,797.35,27848697,2026-04-09
1775724300,797.2,799.4,793.15,798.85,44386348,2026-04-09
1775727900,798.7,800.55,797.55,798.05,48874956,2026-04-09
1775792700,804.0,811.7,801.05,810.0,10324863,2026-04-10
1775796300,810.15,812.25,809.2,811.8,14262517,2026-04-10
1775799900,811.9,812.1,806.6,809.85,20175538,2026-04-10
1775803500,809.55,811.0,808.6,809.75,23171111,2026-04-10
1775807100,809.7,812.2,809.4,810.85,26295474,2026-04-10
1775810700,810.9,811.9,807.25,810.3,35994764,2026-04-10
1775814300,810.35,811.7,809.75,810.45,38151593,2026-04-10
1776051900,791.5,793.95,787.7,791.2,12118514,2026-04-13
1776055500,791.1,792.9,789.15,790.0,17506469,2026-04-13
1776059100,789.9,791.75,787.35,791.7,22169151,2026-04-13
1776062700,791.65,794.8,790.05,792.0,29044940,2026-04-13
1776066300,791.9,798.4,791.7,794.7,34874050,2026-04-13
1776069900,794.65,798.5,792.8,794.3,45296027,2026-04-13
1776073500,794.25,794.4,792.3,793.0,47530440,2026-04-13
1776224700,804.95,814.4,804.0,813.0,11180760,2026-04-15
1776228300,813.05,814.8,808.15,808.8,15183231,2026-04-15
1776231900,808.75,810.65,806.5,809.75,18693025,2026-04-15
1776235500,809.7,810.4,807.35,810.4,22892117,2026-04-15
1776239100,810.35,812.25,808.5,811.15,28360480,2026-04-15
1776242700,811.2,813.1,808.15,808.4,37483290,2026-04-15
1776246300,808.45,810.25,808.05,809.6,39763867,2026-04-15
1776311100,818.0,820.0,810.2,810.6,10279158,2026-04-16
1776314700,810.5,811.9,808.65,808.95,16398350,2026-04-16
1776318300,808.8,810.4,799.0,800.7,25705400,2026-04-16
1776321900,800.75,801.1,795.5,795.95,34001567,2026-04-16
1776325500,795.85,801.3,795.75,799.05,41282910,2026-04-16
1776329100,799.1,800.4,793.25,794.3,56967787,2026-04-16
1776332700,794.0,794.95,792.4,794.0,62840831,2026-04-16
1776397500,790.1,802.65,788.85,800.85,9667022,2026-04-17
1776401100,800.95,802.5,799.25,800.0,14967649,2026-04-17
1776404700,799.95,803.9,797.5,799.95,21403617,2026-04-17
1776408300,799.8,800.2,799.25,800.0,23641458,2026-04-17
1776411900,799.95,800.3,799.2,799.9,26341402,2026-04-17
1776415500,800.0,801.6,799.1,800.0,34568985,2026-04-17
1776419100,799.95,800.4,799.7,800.0,37265721,2026-04-17
1776656700,797.1,799.5,790.0,796.85,16396208,2026-04-20
1776660300,796.8,802.15,794.85,799.75,23967693,2026-04-20
1776663900,799.8,802.5,798.65,799.4,29757720,2026-04-20
1776667500,799.25,802.45,797.1,798.5,33237484,2026-04-20
1776671100,798.45,799.5,794.6,798.15,39254677,2026-04-20
1776674700,798.05,799.7,794.0,795.25,49184418,2026-04-20
1776678300,795.3,795.4,794.5,795.2,52142412,2026-04-20
1776743100,795.2,803.5,795.2,802.3,7371626,2026-04-21
1776746700,802.4,806.8,802.25,806.75,10868856,2026-04-21
1776750300,806.55,811.5,806.0,810.55,14879094,2026-04-21
1776753900,810.6,810.65,805.95,810.2,21010230,2026-04-21
1776757500,810.25,813.85,810.1,811.35,29599598,2026-04-21
1776761100,811.4,814.5,808.45,811.75,46184644,2026-04-21
1776764700,811.8,813.7,810.55,812.0,49127091,2026-04-21
1776829500,810.0,813.05,803.15,803.6,6437767,2026-04-22
1776833100,803.5,807.4,801.6,804.1,10807253,2026-04-22
1776836700,804.05,805.0,803.35,804.3,13088891,2026-04-22
1776840300,804.25,804.5,802.55,803.8,15134275,2026-04-22
1776843900,803.85,804.0,801.0,801.5,17919223,2026-04-22
1776847500,801.55,802.9,800.0,800.0,21881905,2026-04-22
1776851100,800.05,800.2,798.0,799.4,23863094,2026-04-22
1776915900,792.0,796.65,790.05,794.8,8195971,2026-04-23
1776919500,794.6,795.65,790.5,791.0,12313174,2026-04-23
1776923100,790.95,792.0,786.2,786.3,17495992,2026-04-23
1776926700,786.45,786.8,782.8,785.4,22840021,2026-04-23
1776930300,785.35,787.25,783.4,784.35,26732195,2026-04-23
1776933900,784.25,786.85,783.9,784.0,34590356,2026-04-23
1776937500,783.9,784.65,782.8,783.9,37669980,2026-04-23
1777002300,777.3,784.0,777.0,780.8,8006913,2026-04-24
1777005900,780.85,787.0,779.5,784.5,12815232,2026-04-24
1777009500,784.55,787.55,784.0,786.8,15356843,2026-04-24
1777013100,787.0,787.5,784.15,784.55,18171322,2026-04-24
1777016700,784.6,784.95,781.2,781.9,21217345,2026-04-24
1777020300,782.0,785.55,781.55,784.7,26194706,2026-04-24
1777023900,784.65,786.25,784.65,785.15,27716207,2026-04-24
1777261500,787.5,792.9,786.8,790.65,4936049,2026-04-27
1777265100,790.5,792.2,787.0,788.8,6610212,2026-04-27
1777268700,788.55,789.15,785.25,787.15,9278759,2026-04-27
1777272300,787.0,789.6,786.05,789.5,11050013,2026-04-27
1777275900,789.55,792.0,789.2,791.4,13177213,2026-04-27
1777279500,791.35,792.65,789.2,789.95,16683335,2026-04-27
1777283100,790.0,790.25,789.3,790.0,18112782,2026-04-27
1777347900,785.0,794.45,784.85,793.25,5508722,2026-04-28
1777351500,793.3,793.9,789.25,790.0,9152843,2026-04-28
1777355100,789.95,790.0,785.5,786.95,13279785,2026-04-28
1777358700,787.0,788.25,785.25,786.6,16544073,2026-04-28
1777362300,786.65,787.25,783.5,783.75,22617044,2026-04-28
1777365900,783.85,786.4,781.5,781.7,31993214,2026-04-28
1777369500,781.75,782.9,778.35,782.35,35359642,2026-04-28
1777434300,785.5,787.5,780.25,786.55,4722483,2026-04-29
1777437900,786.75,788.3,784.75,787.4,8174098,2026-04-29
1777441500,787.5,789.25,784.5,784.95,11493399,2026-04-29
1777445100,785.0,787.2,784.65,786.3,13864451,2026-04-29
1777448700,786.4,787.65,783.2,783.95,17913207,2026-04-29
1777452300,783.9,784.35,778.1,778.25,23509141,2026-04-29
1777455900,778.05,778.75,777.45,778.3,25793855,2026-04-29
1777520700,770.0,772.25,763.0,765.0,10631634,2026-04-30
1777524300,764.95,767.75,762.25,765.65,16321772,2026-04-30
1777527900,765.9,770.95,765.0,770.4,21563436,2026-04-30
1777531500,770.7,774.5,769.4,774.05,26229123,2026-04-30
1777535100,773.9,778.75,773.5,776.4,32552879,2026-04-30
1777538700,776.45,777.5,769.55,771.85,44305070,2026-04-30
1777542300,771.55,774.9,770.35,774.5,47997113,2026-04-30
1777866300,772.6,786.45,772.6,779.5,6568520,2026-05-04
1777869900,779.45,785.25,778.5,785.2,9960903,2026-05-04
1777873500,785.25,785.5,778.85,778.85,13607833,2026-05-04
1777877100,779.0,780.5,776.05,776.15,17627945,2026-05-04
1777880700,776.05,776.9,772.6,776.45,20611477,2026-05-04
1777884300,776.7,779.25,773.15,779.1,25511475,2026-05-04
1777887900,779.15,782.3,779.0,779.5,29025630,2026-05-04
1777952700,774.4,774.5,769.45,771.95,6218006,2026-05-05
1777956300,771.7,771.75,766.2,766.8,10322170,2026-05-05
1777959900,766.65,767.95,764.05,765.75,14365442,2026-05-05
1777963500,765.8,774.0,764.65,773.75,20673069,2026-05-05
1777967100,773.8,775.6,770.35,772.85,28560376,2026-05-05
1777970700,773.0,776.7,770.6,773.1,37562501,2026-05-05
1777974300,772.9,773.8,772.2,773.2,38885128,2026-05-05
1778039100,775.15,779.9,774.25,777.0,6928068,2026-05-06
1778042700,776.75,779.35,776.35,778.05,10046779,2026-05-06
1778046300,778.0,779.35,775.35,776.0,12159952,2026-05-06
1778049900,775.85,776.6,773.5,776.55,14327352,2026-05-06
1778053500,776.6,781.9,776.45,781.9,18100779,2026-05-06
1778057100,781.95,798.8,781.9,795.95,32638875,2026-05-06
1778060700,796.0,796.7,795.2,796.0,35523083,2026-05-06
1778125500,794.0,797.7,790.3,790.35,9300316,2026-05-07
1778129100,790.55,793.9,790.0,790.75,13879893,2026-05-07
1778132700,790.8,793.7,788.65,793.2,17283007,2026-05-07
1778136300,793.35,801.55,792.9,795.4,22751354,2026-05-07
1778139900,795.65,797.6,793.5,796.6,26724840,2026-05-07
1778143500,796.65,799.25,793.0,795.25,43542949,2026-05-07
1778147100,795.3,796.4,795.0,795.55,46133200,2026-05-07
1778211900,784.0,788.75,783.05,783.8,8782730,2026-05-08
1778215500,784.0,785.0,781.6,783.35,12563601,2026-05-08
1778219100,783.2,783.3,780.0,780.5,15698033,2026-05-08
1778222700,780.3,780.7,778.6,779.1,18866949,2026-05-08
1778226300,779.05,781.0,778.1,778.25,23744690,2026-05-08
1778229900,778.15,781.7,777.3,781.45,34379759,2026-05-08
1778233500,781.5,782.0,780.3,781.25,38003145,2026-05-08
