Symbol,Side,Method,Param,Preset,Expectancy_IS_OOS_mixed,Total_PnL_IS_OOS_mixed,Trades,Stability,atr_pct_med,avg_price
AAVAS,BUY,R,4.0,Wide,4.622101034717204,171.01773828453648,37,4/6,3.585508907615502,1874.297686464088
AAVAS,SELL,R,4.0,Wide,2.6720533245703253,93.52186635996132,35,5/6,3.585508907615502,1874.297686464088
ABB,BUY,R,4.0,Wide,5.70282575023246,176.78759825720627,31,6/6,3.206281800464279,3572.1146408839777
ABFRL,SELL,R,1.5,Mixed-B,0.8660852949171507,29.446900027183137,34,4/6,3.6910815663949856,224.7252417127072
ACC,SELL,target_pct,8.0,Loose,0.4583710738067652,16.04298758323679,35,4/6,2.694127422520383,2003.8064917127072
ACE,BUY,R,4.0,Wide,3.835949784136744,153.4379913654697,40,5/6,4.608037752723153,581.1201657458563
ADANIENT,BUY,R,4.0,Wide,7.072030255215963,261.66511944299054,37,5/6,3.642798984936364,1981.5098066298344
ADANIPORTS,BUY,R,2.5,Mixed-A,2.1627169542328213,71.36965948968306,33,5/6,3.17646429589554,862.7436809392266
AIAENG,BUY,R,4.0,Wide,2.9436150022194045,144.23713510875086,49,6/6,3.077475145630425,2696.9524154589376
AJANTPHARM,BUY,R,4.0,Wide,8.722888608569564,296.57821269136514,34,6/6,3.301667873224001,1936.7477900552483
ALKEM,BUY,R,4.0,Wide,3.4964451530660607,174.82225765330298,50,6/6,2.709244745434789,3828.207182320442
ALKYLAMINE,SELL,R,2.5,Mixed-A,3.8684712238780863,174.08120507451395,45,4/6,3.4912315542508603,2711.227002762431
ALOKINDS,SELL,ATR,3.0,Loose,2.023666974999883,76.89934504999553,38,4/6,4.518688919906346,21.42884479092842
AMBER,BUY,R,4.0,Wide,10.092523655997638,474.34861183188895,47,5/6,4.089101160568769,3464.042714088398
AMBUJACEM,BUY,target_pct,12.0,Wide,3.1876051621376544,114.75378583695556,36,5/6,2.9357292874987744,422.3350483425414
ANANTRAJ,BUY,R,4.0,Wide,8.069191177857196,314.6984559364306,39,6/6,5.017312074801869,227.3348652384244
APARINDS,BUY,R,4.0,Wide,10.54710904332144,569.543888339358,54,5/6,4.325874000087411,3458.890711325967
APLAPOLLO,BUY,ATR,2.0,Normal,1.1779445376784934,44.761892431782734,38,4/6,3.7668606232835087,1461.0477555248617
APOLLOHOSP,BUY,R,4.0,Wide,4.992265724971551,214.6674261737767,43,5/6,2.613680785117358,4652.516919889504
APOLLOTYRE,BUY,R,3.0,Loose,1.8148958738826613,68.9660432075411,38,6/6,3.098826996357224,316.7327002762431
ASAHIINDIA,BUY,R,2.5,Mixed-A,3.848838564911048,150.10470403153084,39,5/6,3.896040468011841,494.56377762430935
ASHOKLEY,BUY,R,4.0,Wide,2.755714382598205,110.2285753039282,40,5/6,3.097284162885668,147.99222375690607
ASIANPAINT,BUY,R,4.0,Wide,1.5192891589646471,47.09796392790406,31,4/6,2.1307175323446668,2726.949412983425
ASTERDM,BUY,R,3.0,Loose,3.81942581818998,183.33243927311904,48,4/6,3.855965639476965,287.20866712707186
ASTRAL,BUY,R,4.0,Wide,4.574449655360207,146.38238897152655,32,5/6,3.2036824191774365,1733.5304903314916
ASTRAL,SELL,R,3.0,Loose,0.3637732086696146,14.187155138114951,39,4/4,3.2036824191774365,1733.5304903314916
ASTRAZEN,BUY,R,4.0,Wide,7.951026027444428,302.1389890428883,38,5/6,3.154778389031676,4664.211015785861
ATUL,SELL,R,4.0,Wide,0.7523883187152438,24.0764261988878,32,4/4,2.616874050209567,7129.777950310559
AVANTIFEED,BUY,R,3.0,Loose,1.8903035986079704,66.16062595127903,35,4/6,3.801486016448992,529.2074240331492
AXISBANK,BUY,R,4.0,Wide,4.425127234194354,185.8553438361629,42,5/6,2.352301999349436,862.8757596685084
BAJAJELEC,BUY,target_pct,3.0,Tight,1.4714676457804885,45.615497019195146,31,5/6,3.750143869038976,894.8060124395302
BALAMINES,BUY,R,4.0,Wide,3.960640270479302,134.66176919629626,34,5/6,4.083625220944576,2089.9332872928176
BALAMINES,SELL,target_pct,5.0,Mixed-A,1.8242698240127848,71.14652313649859,39,4/5,4.083625220944576,2089.9332872928176
BALKRISIND,BUY,R,4.0,Wide,1.7641435173028597,84.6788888305372,48,4/6,2.887722377426617,2166.0574879227056
BALRAMCHIN,SELL,ATR,2.0,Normal,3.30872241801636,119.11400704858896,36,5/6,3.8162090160475457,367.5097653554175
BANDHANBNK,SELL,R,3.0,Loose,4.78740536053641,205.85843050306573,43,4/6,3.5165830754257783,255.42773636991024
BANKINDIA,SELL,target_pct,8.0,Loose,1.8564247546829933,59.405592149855785,32,4/6,3.723782714463993,80.90507936507936
BASF,BUY,R,4.0,Wide,8.759885637460803,359.15531113589293,41,5/6,3.708785816346356,3147.348172413793
BATAINDIA,SELL,target_pct,12.0,Wide,1.7825551667868238,80.21498250540708,45,4/6,2.595489072673738,1535.9689571823203
BBTC,BUY,R,4.0,Wide,4.926680211226725,152.72708654802855,31,6/6,3.692198180253573,1374.6403726708074
BDL,BUY,R,3.0,Loose,3.5437515446581025,138.20631024166605,39,5/6,4.073973119221129,895.5798826777087
BEL,BUY,R,4.0,Wide,7.908848576601108,237.26545729803323,30,5/6,3.248363504815269,193.81358868184955
BEML,BUY,R,2.0,Normal,4.541901364428519,136.25704093285557,30,5/6,3.956677779652449,2108.19841160221
BERGEPAINT,BUY,R,4.0,Wide,3.6304534422725,145.2181376909,40,4/6,2.503413357576386,613.6808143547274
BHARATFORG,BUY,R,4.0,Wide,3.177120415869008,117.55345538715324,37,5/6,3.2067411520419977,887.5502070393375
BHARTIARTL,BUY,R,4.0,Wide,3.2972721893312875,158.26906508790174,48,4/6,2.390328255326013,964.612215320911
BHEL,BUY,R,4.0,Wide,7.0131264463296255,252.47255206786647,36,6/6,4.025450391165779,120.48437543133196
BIOCON,BUY,target_pct,8.0,Loose,1.496558814107042,52.37955849374647,35,5/6,3.0566377287398123,332.9603519668737
BLUEDART,BUY,R,3.0,Loose,3.784160664099615,136.22978390758618,36,4/6,3.171697910817348,5978.420013802623
BOSCHLTD,BUY,ATR,3.0,Loose,1.992052483175984,73.70594187751144,37,5/6,2.626322210906617,20917.36456176673
BRIGADE,BUY,R,4.0,Wide,7.455145583291422,335.48155124811404,45,5/6,4.386865450419459,614.8743961352657
BSOFT,SELL,R,4.0,Wide,3.8880146312008743,116.64043893602631,30,6/6,3.714805257848105,390.62322291235336
CANBK,BUY,R,4.0,Wide,6.029529288770792,229.1221129732902,38,6/6,3.440999443269848,207.6504623878537
CANFINHOME,BUY,ATR,3.0,Loose,2.9730562248042447,110.00308031775708,37,4/6,3.4342326659529188,620.3985852311939
CARBORUNIV,BUY,R,4.0,Wide,3.857681488392384,127.30348911694875,33,4/6,3.770916941723855,872.6586611456177
CASTROLIND,BUY,target_pct,8.0,Loose,1.3411159582048104,46.93905853716836,35,4/5,2.8819289516639675,152.2372739820566
CCL,BUY,R,4.0,Wide,4.539004394440697,213.3332065387128,47,5/6,3.583503417849089,496.6140786749482
CEATLTD,BUY,target_pct,8.0,Loose,1.5606253969686792,54.62188889390379,35,4/6,3.565983523346819,1882.2436162870945
CENTRALBK,SELL,R,2.0,Normal,1.3532971691472455,54.1318867658898,40,4/6,4.148528510699358,31.56472739820565
CENTURYPLY,BUY,R,4.0,Wide,5.935963811794465,195.88680578921736,33,6/6,3.6796550229340848,538.138283942109
CENTURYTEX,BUY,R,4.0,Wide,5.453539818960135,179.9668140256844,33,6/6,4.094017712954117,895.6110362257791
CESC,BUY,target_pct,12.0,Wide,2.2140706092994824,77.49247132548184,35,4/6,3.3223648963000936,272.822160110421
CGCL,BUY,R,4.0,Wide,6.513206170334568,247.5018344727137,38,5/6,3.715675893009735,439.5095376121464
CGPOWER,BUY,R,4.0,Wide,7.597044858429802,334.26997377091124,44,6/6,4.073340210048434,322.2372325741891
CHALET,BUY,R,4.0,Wide,1.7830581836166912,74.88844371190108,42,5/6,4.238117916874916,466.21656314699794
CHAMBLFERT,BUY,R,3.0,Loose,3.3981554025227,129.1299052958626,38,5/6,3.574653817379726,344.5815734989648
CHOLAFIN,BUY,R,4.0,Wide,4.2582225016178,204.3946800776543,48,6/6,3.436396260095225,862.8791580400275
CHOLAHLDNG,BUY,R,4.0,Wide,4.981179438252124,194.26599809183276,39,6/6,3.840305885895584,926.4296756383714
CIPLA,BUY,R,4.0,Wide,1.9695326854657167,98.47663427328588,50,4/6,2.334043561080988,1090.2814699792962
COALINDIA,BUY,R,4.0,Wide,3.466033823738198,107.44704853588416,31,6/6,2.7540827313564398,261.69185645272603
CONCOR,SELL,target_pct,5.0,Mixed-A,2.970725069382339,92.0924771508525,31,4/6,3.1659090237088927,665.3187715665977
COROMANDEL,BUY,R,4.0,Wide,3.783092327007722,158.88987773432424,42,5/6,3.015428478731924,1141.6273982056591
CREDITACC,BUY,R,4.0,Wide,3.691599584140586,118.13118669249876,32,4/6,3.9515630801442656,980.5774672187716
CREDITACC,SELL,target_pct,12.0,Wide,1.3857821276166633,51.27393872181655,37,6/6,3.9515630801442656,980.5774672187716
CRISIL,BUY,R,2.5,Mixed-A,2.0489528574366784,73.76230286772049,36,6/6,3.293714563612419,3397.338923395445
CRISIL,SELL,target_pct,8.0,Loose,1.170391452999076,44.474875213964914,38,5/5,3.293714563612419,3397.338923395445
CROMPTON,BUY,ATR,3.0,Loose,2.5682478276837,97.59341745198064,38,4/6,3.2806932859490474,345.92570738440304
CUB,BUY,ATR,3.0,Loose,2.451745467060598,78.45585494593914,32,5/6,3.164491286605357,159.70314009661837
CUMMINSIND,BUY,ATR,3.0,Loose,5.337523686576893,229.5135185228064,43,5/6,3.1283202571980686,1755.922394755003
CYIENT,BUY,R,4.0,Wide,9.190384370563866,303.28268422860754,33,6/6,3.8180130017324574,1109.898171152519
DABUR,BUY,target_pct,3.0,Tight,0.5297570064110284,17.48198121156396,33,5/6,2.059662847080417,538.1273291925465
DABUR,SELL,target_pct,5.0,Mixed-A,1.3733160204518462,57.679272858977534,42,5/5,2.059662847080417,538.1273291925465
DALBHARAT,BUY,R,4.0,Wide,7.065415139623891,240.22411474721235,34,6/6,3.2900632477463465,1679.8157694962042
DALBHARAT,SELL,target_pct,5.0,Mixed-A,1.8636924232230956,67.09292723603141,36,5/5,3.2900632477463465,1679.8157694962042
DBREALTY,BUY,R,4.0,Wide,14.630333434996988,453.5403364849066,31,6/6,5.7887079202837,100.44360248447204
DBREALTY,SELL,target_pct,5.0,Mixed-A,2.0999115246937725,86.09637251244467,41,5/5,5.7887079202837,100.44360248447204
DEEPAKFERT,BUY,R,4.0,Wide,10.97529041880062,373.159874239221,34,5/6,4.463687799626131,636.8633540372671
DEEPAKNTR,BUY,R,4.0,Wide,6.373959949622183,203.96671838790985,32,5/6,3.2121075006454336,1852.6523119392689
DIVISLAB,BUY,R,4.0,Wide,2.207306511058576,105.95071253081156,48,4/6,2.560615190011757,4126.271704623878
DIXON,BUY,R,4.0,Wide,6.203392262175551,223.32212143831973,36,4/6,3.535830589194168,7982.203899240856
DRREDDY,BUY,R,4.0,Wide,3.109883940719695,108.84593792518932,35,6/6,2.212649135990679,4254.918771566598
ECLERX,BUY,R,3.0,Loose,2.539274056186948,111.72805847222564,44,6/6,4.092774404899608,1987.482988267771
EICHERMOT,BUY,R,4.0,Wide,1.7090878799782367,63.236251559194734,37,4/5,2.706160097837935,5252.790372670807
EICHERMOT,SELL,target_pct,5.0,Mixed-A,1.5652029469251902,50.08649430160608,32,5/5,2.706160097837935,5252.790372670807
ELECON,BUY,R,4.0,Wide,14.492252378578824,507.2288332502588,35,6/6,5.347442170646463,411.6668737060042
ELGIEQUIP,BUY,R,4.0,Wide,9.40104501493437,357.2397105675061,38,5/6,4.246009361122517,398.6622843340234
EPL,SELL,ATR,3.0,Loose,0.886925012861616,47.89395069452735,54,5/6,3.657039425830337,208.22390712570052
ERIS,BUY,R,4.0,Wide,4.448237472652987,173.4812614334665,39,5/6,3.457230750333135,852.6662413793102
FACT,BUY,R,4.0,Wide,7.038352398841791,302.6491531501971,43,5/6,5.059043046164489,397.7232229123534
FACT,SELL,ATR,2.0,Normal,1.7796088708613589,61.49825946122132,31,5/6,5.059043046164489,397.7232229123534
FEDERALBNK,BUY,R,4.0,Wide,3.7452632199901768,168.53684489955796,45,6/6,2.811698179690984,125.0970186335404
FINCABLES,BUY,R,4.0,Wide,7.593811140789415,280.97101220920825,37,5/6,3.850556855575454,698.0541752933058
FINEORG,BUY,R,4.0,Wide,5.254308120504531,173.3921679766495,33,6/6,3.4095376415890906,4051.0942493112943
FLUOROCHEM,BUY,R,4.0,Wide,5.59515967822612,218.2112274508186,39,6/6,4.1936734261177895,2498.5628019323667
FORTIS,BUY,R,4.0,Wide,4.10717126024054,193.0370492313054,47,4/6,3.3904437700754886,360.83005521049
FSL,BUY,ATR,3.0,Loose,3.1752011344612057,98.43123516829738,31,4/6,4.228741577495705,174.35126984126984
GAIL,BUY,R,4.0,Wide,4.130858503392198,165.2343401356879,40,5/6,3.1721334582291623,143.63978605935128
GESHIP,BUY,R,4.0,Wide,4.237535691598483,190.6891061219317,45,5/6,3.89671080944304,631.3885093167702
GICRE,BUY,R,4.0,Wide,8.791587819755598,325.2887493309571,37,6/6,3.884287243133048,232.21394064872325
GLENMARK,BUY,R,4.0,Wide,4.421423259501784,172.43550712056955,39,5/6,3.0952328478908284,805.7364389233956
GNFC,SELL,target_pct,5.0,Mixed-A,0.9890734789405397,41.54108611550268,42,4/6,3.678657598600733,494.1350931677019
GODFRYPHLP,BUY,R,4.0,Wide,6.838354125236201,225.66568613279463,33,4/6,3.9699963722882328,2652.5738440303658
GODREJCP,BUY,R,2.5,Mixed-A,1.3605099684563755,62.583458548993306,46,6/6,2.754072114744214,965.955900621118
GODREJCP,SELL,R,1.5,Mixed-B,0.4203496596141236,13.030839448037804,31,4/6,2.754072114744214,965.955900621118
GODREJIND,BUY,R,4.0,Wide,6.082031606835285,218.95313784607023,36,6/6,3.453006306368676,647.0739475500344
GOLDIAM,BUY,R,3.0,Loose,6.685991805743893,260.7536804240118,39,5/6,5.17069522275813,293.4990124309392
GPIL,BUY,R,4.0,Wide,10.442625498321668,396.8197689362234,38,5/6,4.710853949286417,483.7935151933702
GPPL,BUY,target_pct,12.0,Wide,1.9340000301041744,87.03000135468788,45,4/6,3.827092425814724,122.44233425414365
GRANULES,SELL,target_pct,3.0,Tight,0.7417554645960107,30.41197404843644,41,5/5,3.46204200329392,369.16073895027625
GRAPHITE,BUY,R,4.0,Wide,3.0612752021062253,101.0220816695054,33,4/6,4.13246197481842,446.94399171270726
GRAPHITE,SELL,target_pct,8.0,Loose,0.5824318734183054,24.462138683568817,42,4/6,4.13246197481842,446.94399171270726
GRASIM,BUY,R,4.0,Wide,5.264958109272853,273.77782168218823,52,5/6,2.485409305926317,1757.0907113259666
GRAVITA,BUY,R,4.0,Wide,11.040541925442945,386.41896739050304,35,5/6,5.194200509550855,733.9147444751381
GRINDWELL,BUY,R,3.0,Loose,4.235837936661131,165.19767952978418,39,5/6,3.5396952100971197,1612.7896896551722
GRSE,BUY,R,4.0,Wide,4.918689191313604,177.07281088728973,36,6/6,4.746593150037191,789.093093922652
GSFC,BUY,R,4.0,Wide,4.985551737928756,174.49431082750647,35,6/6,4.1019917769680045,148.62428867403315
HAL,BUY,R,4.0,Wide,7.908062217065278,300.50636424848057,38,5/6,3.3620580380838025,2503.7422360248447
HCC,BUY,R,2.5,Mixed-A,4.244844474630751,135.83502318818407,32,6/6,5.530876585083472,20.324444444444445
HDFCAMC,BUY,R,3.0,Loose,1.9372029236663384,58.11608770999022,30,4/6,2.7009849697612807,3060.86856452726
HEG,SELL,R,2.5,Mixed-A,1.7866116753444476,67.891243663089,38,4/6,4.395717394584516,1290.7627329192546
HEROMOTOCO,BUY,ATR,4.0,Wide,3.1706361519585227,117.3135376224653,37,6/6,2.5613218941513654,3377.893616287094
HINDPETRO,BUY,target_pct,3.0,Tight,1.5885471067140169,54.01060162827658,34,6/6,3.376862736251491,302.4875431331953
HINDUNILVR,BUY,target_pct,12.0,Wide,0.9269341704747612,38.004300989465214,41,4/6,1.9734408277589657,2409.4135862068965
HINDZINC,BUY,R,4.0,Wide,5.030210161529513,181.0875658150624,36,5/6,3.2361361331669536,340.4962042788129
HSCL,BUY,R,4.0,Wide,6.31542251689701,214.72436557449836,34,6/6,4.461184483893237,201.49233954451347
HUDCO,BUY,target_pct,12.0,Wide,3.624687703949756,112.36531882244245,31,4/6,4.169810516888273,101.71815044858523
ICICIGI,BUY,ATR,1.5,Mixed-A,0.8398822161223056,27.7161131320361,33,5/6,2.7030812410033005,1482.0672877846791
ICICIPRULI,BUY,target_pct,8.0,Loose,1.7135964304604985,51.40789291381493,30,5/6,2.8799039250097334,543.3487232574189
ICICIPRULI,SELL,R,2.5,Mixed-A,2.6303032024189466,107.84243129917682,41,4/6,2.8799039250097334,543.3487232574189
IDBI,BUY,target_pct,8.0,Loose,3.9047415134451606,132.76121145713546,34,5/6,3.9972185785264847,56.99626639061422
IDFCFIRSTB,SELL,R,1.5,Mixed-B,0.9693743208219,43.62184443698551,45,4/6,3.2883182552809798,57.40943409247756
IFCI,BUY,R,4.0,Wide,6.361148795405195,235.36250542999215,37,5/6,5.2104467795307645,25.43947550034507
IIFL,BUY,R,4.0,Wide,7.590957972659456,227.72873917978367,30,5/6,4.58344791436785,353.49375431331947
INDHOTEL,BUY,R,4.0,Wide,4.13470450370617,165.3881801482468,40,5/6,3.2382789027213685,368.6350483425414
INDIACEM,BUY,R,4.0,Wide,5.034632639238657,241.6623666834556,48,6/6,3.9396490420281953,221.70058011049724
INDIGO,BUY,R,4.0,Wide,2.822451387466326,131.8529328654813,45,5/6,2.9460930595196846,2686.21260359116
INDUSINDBK,BUY,R,4.0,Wide,1.455331111028099,49.481257774955374,34,4/6,3.074981898734473,1047.6046270718232
INFIBEAM,BUY,R,4.0,Wide,8.076385692355775,250.36795646302903,31,5/6,4.7182681509407285,34.859771784232365
IOC,SELL,ATR,3.0,Loose,1.3168564637056284,43.45626330228573,33,4/6,2.69126247291424,113.53161602209944
IPCALAB,BUY,R,4.0,Wide,4.179348273633382,125.38044820900149,30,5/6,3.0509110713054293,1412.4198549723756
ITC,BUY,R,3.0,Loose,0.932400854578982,28.904426491948445,31,6/6,2.0483097677292705,329.6981698895028
JINDALSAW,SELL,target_pct,12.0,Wide,1.8822086842872463,63.995095265766416,34,5/6,4.516614873974359,209.89950310559007
JINDALSTEL,BUY,R,3.0,Loose,1.4530708899797924,69.74740271903006,48,5/6,3.620224233146073,567.576984126984
JKCEMENT,BUY,R,4.0,Wide,3.711552640777513,137.32744770876798,37,5/6,3.139009695413084,3303.156211180124
JKLAKSHMI,BUY,R,4.0,Wide,5.786341028351542,179.3765718788978,31,6/6,3.5792319802344577,618.0180124223604
JKLAKSHMI,SELL,target_pct,8.0,Loose,1.3274615890141803,41.15130925943959,31,4/5,3.5792319802344577,618.0180124223604
JKTYRE,BUY,R,4.0,Wide,5.48310394025753,180.94243002849856,33,6/6,3.932939069940395,218.80324361628712
JMFINANCIL,BUY,target_pct,5.0,Mixed-A,1.8798464887020152,62.03493412716651,33,4/6,4.163443617236879,91.4095652173913
JSL,BUY,R,3.0,Loose,5.352200173666317,203.38360659932,38,4/6,4.455000353040539,336.15317460317465
JSWENERGY,BUY,R,4.0,Wide,4.953467637701049,198.138705508042,40,6/6,4.354181862302578,328.97118702553485
JSWHL,BUY,R,4.0,Wide,5.821805908965774,197.94140090483623,34,5/6,4.225936471306348,6850.891494490357
JSWSTEEL,BUY,R,4.0,Wide,4.027139993392048,229.5469796233468,57,4/6,2.792594101791388,691.6784679089028
JUBLFOOD,BUY,R,4.0,Wide,2.098410092695969,73.44435324435892,35,4/6,3.154818766993941,1405.2419599723946
JUBLINGREA,BUY,R,4.0,Wide,4.425041010854352,137.17627133648486,31,6/6,4.299829516130595,561.6131555944056
JYOTHYLAB,BUY,R,4.0,Wide,5.646628520255392,180.69211264817255,32,6/6,3.589652491946653,256.7984472049689
KANSAINER,SELL,target_pct,5.0,Mixed-A,1.0416654045710545,51.04160482398163,49,6/6,2.9581258538781467,408.6598481711526
KEC,BUY,R,4.0,Wide,4.470532771265775,178.82131085063105,40,4/6,3.7369347634107646,556.4144237405106
KEI,BUY,R,4.0,Wide,4.102030575200656,176.3873147336282,43,6/6,3.8928633189435056,1999.5785714285716
KIRLOSBROS,BUY,R,4.0,Wide,6.4477953120254,290.15078904114296,45,6/6,5.189528704991848,792.3372325741892
KIRLOSBROS,SELL,target_pct,8.0,Loose,2.574681432571085,100.41257587027232,39,5/6,5.189528704991848,792.3372325741892
KIRLOSENG,BUY,R,4.0,Wide,10.412307681522908,322.78153812721007,31,4/6,4.459076384105725,468.1126639061421
KNRCON,SELL,target_pct,8.0,Loose,0.9624960888163664,39.46233964147105,41,4/5,3.829554070215081,261.34387163561075
KPITTECH,BUY,R,4.0,Wide,9.34087770451692,336.271597362609,36,5/6,4.206860160341086,794.8966873706005
KPRMILL,BUY,R,4.0,Wide,1.6988939403995524,79.84801519877904,47,6/6,3.945762818618454,810.5139406487234
KRBL,SELL,target_pct,12.0,Wide,0.6684818616755761,33.42409308377882,50,6/6,3.9774734480503193,298.2098688750863
KSB,BUY,R,4.0,Wide,8.570197146707345,377.0886744551231,44,5/6,3.888326954489019,1531.5992758620691
LAURUSLABS,BUY,R,4.0,Wide,8.184618775531051,278.2770383680558,34,4/6,3.3306531010458653,511.4253623188407
LICHSGFIN,BUY,target_pct,12.0,Wide,2.191089133467988,76.68811967137954,35,5/6,3.039501912431108,455.42995169082127
LINDEINDIA,BUY,R,4.0,Wide,8.674706393142296,286.26531097369576,33,5/6,3.8067586479683424,3967.433184011028
LINDEINDIA,SELL,target_pct,5.0,Mixed-A,1.892317625802645,56.76952877407936,30,5/5,3.8067586479683424,3967.433184011028
LODHA,BUY,R,4.0,Wide,3.775310126869215,113.25930380607646,30,5/6,4.639424675249238,1075.8954706927177
LT,BUY,target_pct,8.0,Loose,2.0199838308298137,84.83932089485216,42,4/6,2.266463356845535,2317.376984126984
LTTS,BUY,R,3.0,Loose,4.070933167493808,158.76639353225855,39,4/6,3.0917839469896604,3775.166321601104
M&M,BUY,ATR,3.0,Loose,2.17253777319138,102.10927533999484,47,5/6,2.7940528125737183,1530.4822291235334
MAHLIFE,BUY,R,4.0,Wide,4.03414203568731,166.3053748944199,40,6/6,4.133001378472505,418.4404761904762
MAHLIFE,SELL,R,2.5,Mixed-A,1.7289389836459763,53.59710849302528,31,5/6,4.133001378472505,418.4404761904762
MAHSEAMLES,BUY,R,4.0,Wide,1.539542148715693,53.88397520504925,35,6/6,3.9726556386658194,524.7919599723948
MANAPPURAM,BUY,ATR,3.0,Loose,2.8750144591413465,106.3755349882298,37,4/6,3.6086286078575127,163.87294685990335
MANYAVAR,SELL,R,2.0,Normal,1.457615282213577,48.101304313048,33,5/6,3.67294669820225,1106.4262527233116
MARUTI,BUY,ATR,4.0,Wide,3.5285765053377296,158.78594274019784,45,6/6,2.2590276809542216,9294.43115942029
MAXHEALTH,BUY,R,4.0,Wide,11.923076349022406,488.8461303099185,41,6/6,3.8639067602635127,595.1512412723042
MCX,BUY,ATR,1.5,Mixed-A,1.386377138862665,56.84146269336926,41,4/6,3.5128067193777937,2845.288129744652
METROPOLIS,BUY,R,4.0,Wide,3.429481912975249,188.62150521363864,55,6/6,3.6818428463569655,1880.4589026915116
MGL,BUY,R,4.0,Wide,2.0507385316468536,65.62363301269932,32,6/6,3.1085649276502605,1117.8037267080745
MINDACORP,BUY,R,4.0,Wide,8.088151024552408,363.9667961048584,45,6/6,4.254127001321924,275.6383367839889
MMTC,BUY,R,3.0,Loose,4.107114564005571,135.53478061218385,33,4/6,4.843037528967836,47.81866114561767
MOTILALOFS,BUY,target_pct,5.0,Normal,1.234144209444249,38.258470492771714,31,4/6,3.965721834733965,850.3937888198758
MPHASIS,BUY,R,4.0,Wide,2.908345062625846,95.97538706665291,33,5/6,3.3919062734205183,2222.4784334023466
MRF,BUY,target_pct,5.0,Mixed-A,0.8115896136400471,28.405636477401657,35,5/6,2.178556493426969,97315.0801863354
MRPL,SELL,ATR,4.0,Wide,3.38696914503474,132.09179665635492,39,4/6,4.356144339919673,90.45699102829538
MUTHOOTFIN,BUY,R,4.0,Wide,6.914822353328155,345.7411176664077,50,6/6,2.902206007329432,1469.7635610766044
NATCOPHARM,BUY,R,4.0,Wide,6.20116084380113,204.63830784543728,33,5/6,3.3590278572573204,860.5619047619048
NATCOPHARM,SELL,ATR,1.5,Mixed-A,0.4542826773983113,14.537045676745969,32,4/6,3.3590278572573204,860.5619047619048
NATIONALUM,BUY,R,3.0,Loose,7.154238223220483,300.4780053752603,42,6/6,4.079368047121501,109.18151138716355
NAUKRI,BUY,R,4.0,Wide,6.634696690611539,265.38786762446153,40,5/6,3.337234067355302,4571.031642512077
NAVINFLUOR,BUY,ATR,4.0,Wide,2.836905671785655,116.31313254321184,41,5/6,3.3056914391758943,3512.347170462388
NCC,BUY,R,3.0,Loose,5.65684915558225,197.9897204453788,35,5/6,4.121063071043797,132.78256728778467
NETWORK18,BUY,R,4.0,Wide,6.261149948143673,200.35679834059755,32,5/6,4.798455601623298,61.5312077294686
NEWGEN,BUY,R,4.0,Wide,11.193910441958389,402.9807759105019,36,6/6,4.640250897228971,646.7729813664596
NH,BUY,R,4.0,Wide,2.630722927375972,107.85964002241484,41,4/6,3.5786548346454463,876.8748102139407
NHPC,BUY,target_pct,8.0,Loose,0.965225579508978,34.748120862323205,36,5/6,3.163480206337176,49.80741890959282
NIACL,BUY,R,3.0,Loose,6.078787765146845,194.521208484699,32,5/6,4.094407140176374,153.24175983436854
NIACL,SELL,target_pct,12.0,Wide,2.2107162628106374,72.95363667275105,33,4/6,4.094407140176374,153.24175983436854
NIITLTD,BUY,ATR,3.0,Loose,2.5282644499593823,80.90446239870022,32,6/6,4.964067591210297,213.09805248618787
NIITLTD,SELL,ATR,3.0,Loose,4.311771488427567,150.9120020949648,35,6/6,4.964067591210297,213.09805248618787
NMDC,BUY,R,4.0,Wide,1.9165442007922249,63.245958626143455,33,4/6,3.540165675280697,135.57725327812284
NTPC,BUY,ATR,3.0,Loose,1.0037048334808287,38.14078367227152,38,5/6,2.6931621457953296,208.7810559006211
OBEROIRLTY,BUY,R,4.0,Wide,6.19346511353902,266.31899988217776,43,6/6,3.760164846427691,1063.1387163561076
OFSS,BUY,ATR,4.0,Wide,3.907485857566493,140.66949087239377,36,4/6,3.0189760763674114,5223.348757763975
OLECTRA,SELL,target_pct,8.0,Loose,1.2589587999316905,40.2866815978141,32,4/6,4.9000315157583,817.9871635610767
ONGC,BUY,R,4.0,Wide,4.215783736640326,143.33664704577106,34,4/6,3.005684879398804,171.5833885438233
PERSISTENT,BUY,R,4.0,Wide,5.561973240583463,194.66906342042117,35,5/6,3.5402565253192546,3944.593374741201
PETRONET,SELL,target_pct,12.0,Wide,0.8829999969255775,38.85199986472541,44,4/6,2.6728836716259043,252.66242236024843
PFC,BUY,ATR,3.0,Loose,2.027671987204404,60.83015961613216,30,4/6,3.328841916533096,234.19996549344376
PFIZER,BUY,target_pct,12.0,Wide,4.999367777310521,169.97850442855773,34,5/6,2.532915335276485,4634.735300207039
PFIZER,SELL,R,3.0,Loose,0.6162863491238619,19.104876822839724,31,4/5,2.532915335276485,4634.735300207039
PGEL,BUY,R,4.0,Wide,7.363517147010379,287.1771687334049,39,5/6,5.514683685663634,867.3375086266391
PHOENIXLTD,BUY,R,4.0,Wide,4.522782366117992,244.2302477703716,54,5/6,4.307063614432371,1439.1250517598346
PIDILITIND,BUY,R,4.0,Wide,1.0498792323168311,35.695893898772255,34,4/6,2.2483453490310663,2375.0855417529333
PIIND,BUY,R,3.0,Loose,5.3462540583985305,192.4651461023471,36,4/6,2.997634546649249,3071.3781228433404
PNB,SELL,R,1.5,Tight,1.0065066687082025,32.20821339866249,32,4/6,3.3132381056705613,64.68368530020705
PNBHOUSING,BUY,ATR,3.0,Loose,1.4109514247166643,45.15044559093328,32,4/6,4.284957784046582,589.7907177363699
PNCINFRA,BUY,R,4.0,Wide,9.903685186180963,366.4363518886957,37,6/6,4.065039293574739,289.64551414768806
POLICYBZR,BUY,R,4.0,Wide,6.587567751150607,204.2146002856688,31,5/6,4.774093944730415,1079.377975584944
POLYCAB,BUY,ATR,3.0,Loose,2.3338868898353096,95.68936248324772,41,5/6,3.094511500174171,3541.058350586611
POLYMED,BUY,R,4.0,Wide,7.204748146284345,280.98517770508937,39,5/6,4.171281804604048,1217.9167701863353
POLYPLEX,SELL,R,4.0,Wide,2.201959339840048,88.07837359360187,40,5/6,3.753615876492316,1246.2822636300898
POWERINDIA,BUY,R,4.0,Wide,4.063375020514226,166.59837584108325,41,5/6,4.099705674359401,6030.679776496035
POWERMECH,BUY,R,4.0,Wide,7.027442639037183,288.12514820052445,41,6/6,4.299570762227665,2191.625569358178
PRAJIND,BUY,R,4.0,Wide,7.581448791036217,235.0249125221226,31,5/6,4.259760420753433,384.5770876466528
PRINCEPIPE,BUY,R,4.0,Wide,7.076077366359561,261.8148625553037,37,4/6,3.589423842489444,494.7897446514838
PRINCEPIPE,SELL,R,2.5,Mixed-A,2.964542909872402,94.86537311591684,32,5/6,3.589423842489444,494.7897446514838
QUESS,BUY,R,3.0,Loose,8.05214088458795,257.66850830681443,32,5/6,3.9842837861563054,540.356314699793
RADICO,BUY,ATR,3.0,Loose,3.0583246201912933,125.39130942784304,41,4/6,3.651323398013858,1267.5295376121462
RAJESHEXPO,SELL,R,3.0,Loose,2.755453953046506,126.75088184013926,46,4/6,3.721887742634292,478.0140579710145
RATNAMANI,BUY,R,4.0,Wide,3.390013550240744,159.33063686131493,47,5/6,3.5951533679155,2284.763043478261
RAYMOND,BUY,R,4.0,Wide,4.450841717300827,142.42693495362647,32,5/6,4.17835201764118,1051.416574585635
RBLBANK,BUY,ATR,4.0,Wide,3.9506985712520577,126.42235428006585,32,5/6,4.159792464273098,195.65347135955832
RHIM,BUY,target_pct,8.0,Loose,1.9816015099710855,63.41124831907473,32,5/6,3.757366092370621,572.4047596606974
RITES,BUY,R,4.0,Wide,2.9102875953263583,110.59092862240163,38,4/6,3.482627883258392,345.2652380952381
RPOWER,BUY,R,4.0,Wide,26.56724656241626,982.9881228094016,37,6/6,5.275795223638514,19.539385783298822
SAIL,BUY,R,4.0,Wide,6.206454936962165,217.22592279367575,35,5/6,3.902687545767754,95.1589026915114
SAPPHIRE,BUY,target_pct,5.0,Mixed-A,1.5487541165996033,46.462623497988105,30,6/6,4.118660281866772,1046.6040306122452
SARDAEN,BUY,R,4.0,Wide,12.63688804880076,480.2017458544289,38,6/6,4.998707810631686,564.0598067632851
SAREGAMA,BUY,R,4.0,Wide,9.163391014878094,293.228512476099,32,5/6,4.570736183033622,1075.761084254144
SBICARD,SELL,R,3.0,Loose,2.3896373889023184,83.63730861158113,35,4/6,2.677309826709721,830.4140300644239
SBILIFE,BUY,R,4.0,Wide,2.0153335376601365,82.6286750440656,41,5/6,2.452477585140632,1247.4857832988266
SCHAEFFLER,BUY,target_pct,3.0,Tight,0.9167924694644044,34.83811383964736,38,6/6,3.3025241535846184,3939.568495514148
SCHNEIDER,BUY,target_pct,12.0,Wide,2.3115809837550643,76.28217246391712,33,4/6,4.633308136688329,334.6732919254659
SCI,BUY,R,4.0,Wide,4.375983469360961,135.65548755018975,31,4/6,4.281910410278746,139.4776864640884
SIEMENS,BUY,R,4.0,Wide,3.868726012453932,177.96139657288083,46,4/6,2.7901206789054287,3247.6675638371285
SMSPHARMA,BUY,R,4.0,Wide,7.348514608038153,249.8494966732972,34,4/6,4.751140862273789,143.78455486542444
SOLARINDS,BUY,R,4.0,Wide,10.149886559035217,324.7963698891268,32,5/6,3.491501642485262,5255.7602484472045
SONATSOFTW,BUY,R,4.0,Wide,5.6257581397373855,196.9015348908085,35,6/6,3.969980325614241,615.9262249827468
SRF,BUY,R,4.0,Wide,2.2546803900993644,81.1684940435771,36,4/6,2.86055009877331,3395.3526915113875
SUNDARMFIN,BUY,R,4.0,Wide,4.525025979566291,185.52606516221792,41,5/6,3.483161455748164,2904.4932712215323
SUNPHARMA,BUY,R,4.0,Wide,3.619844773856197,141.17394618039165,39,5/6,2.30262429185437,1063.2649758454108
SUNTV,BUY,R,3.0,Loose,2.1333953736991083,81.0690242005661,38,6/6,3.1500570728420394,543.2290890269151
SUPREMEIND,BUY,R,4.0,Wide,8.160820503864915,326.4328201545966,40,5/6,3.4908603874405504,2925.731849551415
SUZLON,BUY,R,4.0,Wide,2.669316803142557,85.41813770056184,32,4/5,4.965237007657769,24.53543823326432
SYMPHONY,BUY,R,4.0,Wide,2.3227654271591227,69.6829628147737,30,5/6,3.141060552960508,1036.3238440303658
SYNGENE,BUY,R,2.0,Normal,1.8650435505606229,63.41148071906118,34,5/6,2.941210683154748,623.8812284334024
TATAELXSI,BUY,R,4.0,Wide,1.8930473545480664,66.25665740918232,35,5/6,3.070209611714582,5565.320634920636
TATAMOTORS,BUY,R,4.0,Wide,4.859911187009602,150.65724679729766,31,5/6,3.01945833813612,509.138296398892
TATAPOWER,BUY,R,4.0,Wide,5.672746944491308,175.8551552792305,31,5/6,3.1807027743587097,237.6256038647343
TATASTEEL,BUY,R,3.0,Loose,2.472802198571196,91.49368134713426,37,5/6,3.0875611077712293,442.9469841269841
TECHM,BUY,R,4.0,Wide,5.433195975366211,233.62742694074703,43,6/6,2.6568064473169586,1202.4632850241544
TECHNOE,BUY,R,4.0,Wide,6.3338568744131445,259.6881318509389,41,5/6,4.44805661975077,612.2283643892339
TEJASNET,SELL,R,1.5,Mixed-B,1.6421387127512137,57.47485494629251,35,5/6,4.878489194596535,566.4954796411317
THERMAX,BUY,R,4.0,Wide,7.296839349234274,284.5767346201368,39,4/6,3.633138157884762,2418.917770876467
TIMKEN,BUY,target_pct,5.0,Mixed-A,1.8605042096564897,65.11764733797715,35,5/6,3.667586377515975,2425.5787241379307
TORNTPHARM,BUY,target_pct,3.0,Tight,0.7303600536677737,34.32692252238538,47,4/5,2.643564331462493,2578.332436162871
TORNTPOWER,BUY,R,4.0,Wide,7.084532082640816,240.87409080978784,34,5/6,3.388790658094467,781.0380262249828
TRENT,BUY,R,4.0,Wide,7.985959781785063,359.3681901803277,45,5/6,3.5004379516425264,2477.4859903381644
TRITURBINE,BUY,R,4.0,Wide,7.235845572470926,260.4904406089533,36,4/6,4.7607999215790775,319.95845410628016
TRIVENI,BUY,R,4.0,Wide,8.140228599544411,293.048229583599,36,6/6,4.256048667620693,256.90427881297444
TTML,SELL,ATR,3.0,Loose,4.68466522479892,163.9632828679622,35,5/6,4.9931790492128165,66.77200138026225
TVSMOTOR,BUY,R,4.0,Wide,5.254299682367954,194.40908824761436,37,5/6,2.9151989226211485,1355.857591442374
UBL,BUY,ATR,2.0,Normal,1.6543713050549655,66.17485220219864,40,5/6,2.785461493609896,1567.762180814355
UCOBANK,SELL,target_pct,5.0,Mixed-A,2.021565256167349,66.71165345352253,33,6/6,3.759966532222328,25.754948240165632
ULTRACEMCO,BUY,R,4.0,Wide,3.612860430271288,180.6430215135643,50,6/6,2.299899187635664,7908.049240855762
UPL,BUY,R,4.0,Wide,2.953825346429108,124.06066455002257,42,6/6,2.84458799050641,623.6793650793651
VBL,BUY,R,4.0,Wide,4.443391349628996,168.84887128590188,38,4/6,3.6367260997260233,925.7592822636302
VGUARD,BUY,R,4.0,Wide,6.688338167592843,287.5985412064922,43,5/6,3.136727155482618,279.3260179434092
VINATIORGA,BUY,R,4.0,Wide,4.364941577277792,157.1378967820005,36,6/6,3.233229790958571,1714.670075757576
VIPIND,BUY,ATR,3.0,Loose,2.558008449518567,84.4142788341127,33,4/6,3.7649966409261313,488.54886128364393
VTL,BUY,R,3.0,Loose,6.3168430277582095,271.62425019360296,43,5/6,3.851464078894231,753.1429261559697
WABAG,BUY,R,4.0,Wide,10.615355070722584,488.30633325323896,46,6/6,4.414398009878695,614.7025534851622
WELCORP,BUY,R,4.0,Wide,5.380309295103271,258.25484616495714,48,6/6,4.350978857238831,361.0763630089717
YESBANK,SELL,R,4.0,Wide,2.46028815204574,98.41152608182966,40,5/6,3.6043965105962,18.84902691511387
ZEEL,SELL,target_pct,5.0,Mixed-A,1.766846537115658,67.140168410395,38,5/6,4.2548791928886125,200.406011042098
ZENTEC,BUY,R,4.0,Wide,12.239728803709763,391.6713217187125,32,5/6,4.720473845865175,716.5143547273983
ZFCVINDIA,BUY,R,2.5,Mixed-A,1.8266409719962784,54.79922915988838,30,4/6,3.212546920859187,12474.98407821229
